/*
 Navicat Premium Data Transfer

 Source Server         : localhost
 Source Server Type    : MySQL
 Source Server Version : 80031
 Source Host           : localhost:3306
 Source Schema         : lease

 Target Server Type    : MySQL
 Target Server Version : 80031
 File Encoding         : 65001

 Date: 19/08/2023 23:38:48
*/

SET NAMES utf8mb4;
SET FOREIGN_KEY_CHECKS = 0;

-- ----------------------------
-- Table structure for apartment_facility
-- ----------------------------
DROP TABLE IF EXISTS `apartment_facility`;
CREATE TABLE `apartment_facility`  (
  `id` bigint NOT NULL AUTO_INCREMENT,
  `apartment_id` bigint NULL DEFAULT NULL COMMENT 'apartment_id',
  `facility_id` bigint NULL DEFAULT NULL COMMENT 'facility_id',
  `create_time` timestamp NULL DEFAULT NULL COMMENT 'create_time',
  `update_time` timestamp NULL DEFAULT NULL COMMENT 'update_time',
  `is_deleted` tinyint NULL DEFAULT 0 COMMENT 'is_deleted',
  PRIMARY KEY (`id`) USING BTREE
) ENGINE = InnoDB AUTO_INCREMENT = 231 CHARACTER SET = utf8mb4 COLLATE = utf8mb4_general_ci COMMENT = 'Apartment & Package Correlation Table' ROW_FORMAT = DYNAMIC;

-- ----------------------------
-- Records of apartment_facility
-- ----------------------------
INSERT INTO `apartment_facility` VALUES (11, 4, 24, '2023-06-19 23:20:06', NULL, 1);
INSERT INTO `apartment_facility` VALUES (12, 4, 26, '2023-06-19 23:20:06', NULL, 1);
INSERT INTO `apartment_facility` VALUES (13, 4, 24, '2023-06-19 23:21:42', NULL, 1);
INSERT INTO `apartment_facility` VALUES (14, 4, 25, '2023-06-19 23:21:42', NULL, 1);
INSERT INTO `apartment_facility` VALUES (15, 4, 26, '2023-06-19 23:21:42', NULL, 1);
INSERT INTO `apartment_facility` VALUES (16, 5, 26, '2023-06-20 08:47:57', NULL, 1);
INSERT INTO `apartment_facility` VALUES (17, 5, 27, '2023-06-20 08:47:57', NULL, 1);
INSERT INTO `apartment_facility` VALUES (18, 6, 26, '2023-06-20 08:53:00', NULL, 1);
INSERT INTO `apartment_facility` VALUES (19, 6, 27, '2023-06-20 08:53:00', NULL, 1);
INSERT INTO `apartment_facility` VALUES (20, 7, 26, '2023-06-20 08:53:35', NULL, 1);
INSERT INTO `apartment_facility` VALUES (21, 7, 27, '2023-06-20 08:53:35', NULL, 1);
INSERT INTO `apartment_facility` VALUES (22, 8, 26, '2023-06-20 08:53:59', NULL, 1);
INSERT INTO `apartment_facility` VALUES (23, 8, 27, '2023-06-20 08:53:59', NULL, 1);
INSERT INTO `apartment_facility` VALUES (24, 8, 26, '2023-06-20 08:54:30', NULL, 1);
INSERT INTO `apartment_facility` VALUES (25, 8, 27, '2023-06-20 08:54:30', NULL, 1);
INSERT INTO `apartment_facility` VALUES (26, 9, 26, '2023-06-20 09:13:52', NULL, 1);
INSERT INTO `apartment_facility` VALUES (27, 9, 27, '2023-06-20 09:13:52', NULL, 1);
INSERT INTO `apartment_facility` VALUES (28, 9, 26, '2023-06-20 09:15:41', NULL, 1);
INSERT INTO `apartment_facility` VALUES (29, 9, 27, '2023-06-20 09:15:41', NULL, 1);
INSERT INTO `apartment_facility` VALUES (30, 9, 26, '2023-06-20 10:15:43', NULL, 1);
INSERT INTO `apartment_facility` VALUES (31, 9, 27, '2023-06-20 10:15:43', NULL, 1);
INSERT INTO `apartment_facility` VALUES (32, 9, 26, '2023-06-20 10:17:44', NULL, 1);
INSERT INTO `apartment_facility` VALUES (33, 9, 27, '2023-06-20 10:17:44', NULL, 1);
INSERT INTO `apartment_facility` VALUES (34, 10, 24, '2023-06-21 10:17:59', NULL, 1);
INSERT INTO `apartment_facility` VALUES (35, 10, 25, '2023-06-21 10:17:59', NULL, 1);
INSERT INTO `apartment_facility` VALUES (36, 10, 26, '2023-06-21 10:17:59', NULL, 1);
INSERT INTO `apartment_facility` VALUES (37, 11, 24, '2023-06-21 10:19:46', NULL, 1);
INSERT INTO `apartment_facility` VALUES (38, 11, 25, '2023-06-21 10:19:46', NULL, 1);
INSERT INTO `apartment_facility` VALUES (39, 11, 26, '2023-06-21 10:19:46', NULL, 1);
INSERT INTO `apartment_facility` VALUES (40, 10, 24, '2023-06-21 10:21:36', NULL, 1);
INSERT INTO `apartment_facility` VALUES (41, 10, 25, '2023-06-21 10:21:36', NULL, 1);
INSERT INTO `apartment_facility` VALUES (42, 10, 24, '2023-06-21 10:22:10', NULL, 1);
INSERT INTO `apartment_facility` VALUES (43, 10, 25, '2023-06-21 10:22:10', NULL, 1);
INSERT INTO `apartment_facility` VALUES (44, 9, 24, '2023-07-18 16:29:06', NULL, 1);
INSERT INTO `apartment_facility` VALUES (45, 9, 26, '2023-07-18 16:29:06', NULL, 1);
INSERT INTO `apartment_facility` VALUES (46, 9, 25, '2023-07-18 16:29:06', NULL, 1);
INSERT INTO `apartment_facility` VALUES (47, 10, 24, '2023-07-18 16:30:04', NULL, 1);
INSERT INTO `apartment_facility` VALUES (48, 10, 25, '2023-07-18 16:30:04', NULL, 1);
INSERT INTO `apartment_facility` VALUES (49, 9, 24, '2023-07-22 10:44:44', NULL, 1);
INSERT INTO `apartment_facility` VALUES (50, 9, 25, '2023-07-22 10:44:44', NULL, 1);
INSERT INTO `apartment_facility` VALUES (51, 9, 26, '2023-07-22 10:44:44', NULL, 1);
INSERT INTO `apartment_facility` VALUES (52, 9, 24, '2023-07-22 13:52:19', NULL, 1);
INSERT INTO `apartment_facility` VALUES (53, 9, 25, '2023-07-22 13:52:19', NULL, 1);
INSERT INTO `apartment_facility` VALUES (54, 9, 26, '2023-07-22 13:52:19', NULL, 1);
INSERT INTO `apartment_facility` VALUES (55, 9, 24, '2023-08-10 18:52:30', NULL, 1);
INSERT INTO `apartment_facility` VALUES (56, 9, 25, '2023-08-10 18:52:30', NULL, 1);
INSERT INTO `apartment_facility` VALUES (57, 9, 26, '2023-08-10 18:52:30', NULL, 1);
INSERT INTO `apartment_facility` VALUES (58, 9, 40, '2023-08-10 18:52:30', NULL, 1);
INSERT INTO `apartment_facility` VALUES (59, 9, 41, '2023-08-10 18:52:30', NULL, 1);
INSERT INTO `apartment_facility` VALUES (60, 9, 42, '2023-08-10 18:52:30', NULL, 1);
INSERT INTO `apartment_facility` VALUES (61, 9, 43, '2023-08-10 18:52:30', NULL, 1);
INSERT INTO `apartment_facility` VALUES (62, 9, 44, '2023-08-10 18:52:30', NULL, 1);
INSERT INTO `apartment_facility` VALUES (63, 9, 45, '2023-08-10 18:52:30', NULL, 1);
INSERT INTO `apartment_facility` VALUES (64, 9, 46, '2023-08-10 18:52:30', NULL, 1);
INSERT INTO `apartment_facility` VALUES (65, 9, 47, '2023-08-10 18:52:30', NULL, 1);
INSERT INTO `apartment_facility` VALUES (66, 9, 57, '2023-08-10 18:52:30', NULL, 1);
INSERT INTO `apartment_facility` VALUES (67, 10, 24, '2023-08-10 18:53:11', NULL, 1);
INSERT INTO `apartment_facility` VALUES (68, 10, 25, '2023-08-10 18:53:11', NULL, 1);
INSERT INTO `apartment_facility` VALUES (69, 10, 26, '2023-08-10 18:53:11', NULL, 1);
INSERT INTO `apartment_facility` VALUES (70, 10, 40, '2023-08-10 18:53:11', NULL, 1);
INSERT INTO `apartment_facility` VALUES (71, 10, 41, '2023-08-10 18:53:11', NULL, 1);
INSERT INTO `apartment_facility` VALUES (72, 10, 43, '2023-08-10 18:53:11', NULL, 1);
INSERT INTO `apartment_facility` VALUES (73, 10, 44, '2023-08-10 18:53:11', NULL, 1);
INSERT INTO `apartment_facility` VALUES (74, 10, 42, '2023-08-10 18:53:11', NULL, 1);
INSERT INTO `apartment_facility` VALUES (75, 10, 57, '2023-08-10 18:53:11', NULL, 1);
INSERT INTO `apartment_facility` VALUES (76, 10, 46, '2023-08-10 18:53:11', NULL, 1);
INSERT INTO `apartment_facility` VALUES (77, 9, 24, '2023-08-14 00:04:56', NULL, 1);
INSERT INTO `apartment_facility` VALUES (78, 9, 25, '2023-08-14 00:04:56', NULL, 1);
INSERT INTO `apartment_facility` VALUES (79, 9, 26, '2023-08-14 00:04:56', NULL, 1);
INSERT INTO `apartment_facility` VALUES (80, 9, 40, '2023-08-14 00:04:56', NULL, 1);
INSERT INTO `apartment_facility` VALUES (81, 9, 41, '2023-08-14 00:04:56', NULL, 1);
INSERT INTO `apartment_facility` VALUES (82, 9, 42, '2023-08-14 00:04:56', NULL, 1);
INSERT INTO `apartment_facility` VALUES (83, 9, 43, '2023-08-14 00:04:56', NULL, 1);
INSERT INTO `apartment_facility` VALUES (84, 9, 44, '2023-08-14 00:04:56', NULL, 1);
INSERT INTO `apartment_facility` VALUES (85, 9, 45, '2023-08-14 00:04:56', NULL, 1);
INSERT INTO `apartment_facility` VALUES (86, 9, 46, '2023-08-14 00:04:56', NULL, 1);
INSERT INTO `apartment_facility` VALUES (87, 9, 47, '2023-08-14 00:04:56', NULL, 1);
INSERT INTO `apartment_facility` VALUES (88, 9, 57, '2023-08-14 00:04:56', NULL, 1);
INSERT INTO `apartment_facility` VALUES (89, 10, 24, '2023-08-14 00:05:06', NULL, 1);
INSERT INTO `apartment_facility` VALUES (90, 10, 25, '2023-08-14 00:05:06', NULL, 1);
INSERT INTO `apartment_facility` VALUES (91, 10, 26, '2023-08-14 00:05:06', NULL, 1);
INSERT INTO `apartment_facility` VALUES (92, 10, 40, '2023-08-14 00:05:06', NULL, 1);
INSERT INTO `apartment_facility` VALUES (93, 10, 41, '2023-08-14 00:05:06', NULL, 1);
INSERT INTO `apartment_facility` VALUES (94, 10, 43, '2023-08-14 00:05:06', NULL, 1);
INSERT INTO `apartment_facility` VALUES (95, 10, 44, '2023-08-14 00:05:06', NULL, 1);
INSERT INTO `apartment_facility` VALUES (96, 10, 42, '2023-08-14 00:05:06', NULL, 1);
INSERT INTO `apartment_facility` VALUES (97, 10, 57, '2023-08-14 00:05:06', NULL, 1);
INSERT INTO `apartment_facility` VALUES (98, 10, 46, '2023-08-14 00:05:06', NULL, 1);
INSERT INTO `apartment_facility` VALUES (99, 9, 24, '2023-08-14 00:13:51', NULL, 1);
INSERT INTO `apartment_facility` VALUES (100, 9, 25, '2023-08-14 00:13:51', NULL, 1);
INSERT INTO `apartment_facility` VALUES (101, 9, 26, '2023-08-14 00:13:51', NULL, 1);
INSERT INTO `apartment_facility` VALUES (102, 9, 40, '2023-08-14 00:13:51', NULL, 1);
INSERT INTO `apartment_facility` VALUES (103, 9, 41, '2023-08-14 00:13:51', NULL, 1);
INSERT INTO `apartment_facility` VALUES (104, 9, 42, '2023-08-14 00:13:51', NULL, 1);
INSERT INTO `apartment_facility` VALUES (105, 9, 43, '2023-08-14 00:13:51', NULL, 1);
INSERT INTO `apartment_facility` VALUES (106, 9, 44, '2023-08-14 00:13:51', NULL, 1);
INSERT INTO `apartment_facility` VALUES (107, 9, 45, '2023-08-14 00:13:51', NULL, 1);
INSERT INTO `apartment_facility` VALUES (108, 9, 46, '2023-08-14 00:13:51', NULL, 1);
INSERT INTO `apartment_facility` VALUES (109, 9, 47, '2023-08-14 00:13:51', NULL, 1);
INSERT INTO `apartment_facility` VALUES (110, 9, 57, '2023-08-14 00:13:51', NULL, 1);
INSERT INTO `apartment_facility` VALUES (111, 10, 24, '2023-08-14 00:13:56', NULL, 1);
INSERT INTO `apartment_facility` VALUES (112, 10, 25, '2023-08-14 00:13:56', NULL, 1);
INSERT INTO `apartment_facility` VALUES (113, 10, 26, '2023-08-14 00:13:56', NULL, 1);
INSERT INTO `apartment_facility` VALUES (114, 10, 40, '2023-08-14 00:13:56', NULL, 1);
INSERT INTO `apartment_facility` VALUES (115, 10, 41, '2023-08-14 00:13:56', NULL, 1);
INSERT INTO `apartment_facility` VALUES (116, 10, 43, '2023-08-14 00:13:56', NULL, 1);
INSERT INTO `apartment_facility` VALUES (117, 10, 44, '2023-08-14 00:13:56', NULL, 1);
INSERT INTO `apartment_facility` VALUES (118, 10, 42, '2023-08-14 00:13:56', NULL, 1);
INSERT INTO `apartment_facility` VALUES (119, 10, 57, '2023-08-14 00:13:56', NULL, 1);
INSERT INTO `apartment_facility` VALUES (120, 10, 46, '2023-08-14 00:13:56', NULL, 1);
INSERT INTO `apartment_facility` VALUES (121, 9, 24, '2023-08-14 11:31:25', NULL, 1);
INSERT INTO `apartment_facility` VALUES (122, 9, 25, '2023-08-14 11:31:25', NULL, 1);
INSERT INTO `apartment_facility` VALUES (123, 9, 26, '2023-08-14 11:31:25', NULL, 1);
INSERT INTO `apartment_facility` VALUES (124, 9, 40, '2023-08-14 11:31:25', NULL, 1);
INSERT INTO `apartment_facility` VALUES (125, 9, 41, '2023-08-14 11:31:25', NULL, 1);
INSERT INTO `apartment_facility` VALUES (126, 9, 42, '2023-08-14 11:31:25', NULL, 1);
INSERT INTO `apartment_facility` VALUES (127, 9, 43, '2023-08-14 11:31:25', NULL, 1);
INSERT INTO `apartment_facility` VALUES (128, 9, 44, '2023-08-14 11:31:25', NULL, 1);
INSERT INTO `apartment_facility` VALUES (129, 9, 45, '2023-08-14 11:31:25', NULL, 1);
INSERT INTO `apartment_facility` VALUES (130, 9, 46, '2023-08-14 11:31:25', NULL, 1);
INSERT INTO `apartment_facility` VALUES (131, 9, 47, '2023-08-14 11:31:25', NULL, 1);
INSERT INTO `apartment_facility` VALUES (132, 9, 57, '2023-08-14 11:31:25', NULL, 1);
INSERT INTO `apartment_facility` VALUES (133, 10, 24, '2023-08-14 11:36:36', NULL, 1);
INSERT INTO `apartment_facility` VALUES (134, 10, 25, '2023-08-14 11:36:36', NULL, 1);
INSERT INTO `apartment_facility` VALUES (135, 10, 26, '2023-08-14 11:36:36', NULL, 1);
INSERT INTO `apartment_facility` VALUES (136, 10, 40, '2023-08-14 11:36:36', NULL, 1);
INSERT INTO `apartment_facility` VALUES (137, 10, 41, '2023-08-14 11:36:36', NULL, 1);
INSERT INTO `apartment_facility` VALUES (138, 10, 43, '2023-08-14 11:36:36', NULL, 1);
INSERT INTO `apartment_facility` VALUES (139, 10, 44, '2023-08-14 11:36:36', NULL, 1);
INSERT INTO `apartment_facility` VALUES (140, 10, 42, '2023-08-14 11:36:36', NULL, 1);
INSERT INTO `apartment_facility` VALUES (141, 10, 57, '2023-08-14 11:36:36', NULL, 1);
INSERT INTO `apartment_facility` VALUES (142, 10, 46, '2023-08-14 11:36:36', NULL, 1);
INSERT INTO `apartment_facility` VALUES (143, 10, 24, '2023-08-14 11:36:59', NULL, 1);
INSERT INTO `apartment_facility` VALUES (144, 10, 25, '2023-08-14 11:36:59', NULL, 1);
INSERT INTO `apartment_facility` VALUES (145, 10, 26, '2023-08-14 11:36:59', NULL, 1);
INSERT INTO `apartment_facility` VALUES (146, 10, 40, '2023-08-14 11:36:59', NULL, 1);
INSERT INTO `apartment_facility` VALUES (147, 10, 41, '2023-08-14 11:36:59', NULL, 1);
INSERT INTO `apartment_facility` VALUES (148, 10, 43, '2023-08-14 11:36:59', NULL, 1);
INSERT INTO `apartment_facility` VALUES (149, 10, 44, '2023-08-14 11:36:59', NULL, 1);
INSERT INTO `apartment_facility` VALUES (150, 10, 42, '2023-08-14 11:36:59', NULL, 1);
INSERT INTO `apartment_facility` VALUES (151, 10, 57, '2023-08-14 11:36:59', NULL, 1);
INSERT INTO `apartment_facility` VALUES (152, 10, 46, '2023-08-14 11:36:59', NULL, 1);
INSERT INTO `apartment_facility` VALUES (153, 9, 24, '2023-08-14 11:40:47', NULL, 1);
INSERT INTO `apartment_facility` VALUES (154, 9, 25, '2023-08-14 11:40:47', NULL, 1);
INSERT INTO `apartment_facility` VALUES (155, 9, 26, '2023-08-14 11:40:47', NULL, 1);
INSERT INTO `apartment_facility` VALUES (156, 9, 40, '2023-08-14 11:40:47', NULL, 1);
INSERT INTO `apartment_facility` VALUES (157, 9, 41, '2023-08-14 11:40:47', NULL, 1);
INSERT INTO `apartment_facility` VALUES (158, 9, 42, '2023-08-14 11:40:47', NULL, 1);
INSERT INTO `apartment_facility` VALUES (159, 9, 43, '2023-08-14 11:40:47', NULL, 1);
INSERT INTO `apartment_facility` VALUES (160, 9, 44, '2023-08-14 11:40:47', NULL, 1);
INSERT INTO `apartment_facility` VALUES (161, 9, 45, '2023-08-14 11:40:47', NULL, 1);
INSERT INTO `apartment_facility` VALUES (162, 9, 46, '2023-08-14 11:40:47', NULL, 1);
INSERT INTO `apartment_facility` VALUES (163, 9, 47, '2023-08-14 11:40:47', NULL, 1);
INSERT INTO `apartment_facility` VALUES (164, 9, 57, '2023-08-14 11:40:47', NULL, 1);
INSERT INTO `apartment_facility` VALUES (165, 10, 24, '2023-08-14 11:45:22', NULL, 1);
INSERT INTO `apartment_facility` VALUES (166, 10, 25, '2023-08-14 11:45:22', NULL, 1);
INSERT INTO `apartment_facility` VALUES (167, 10, 26, '2023-08-14 11:45:22', NULL, 1);
INSERT INTO `apartment_facility` VALUES (168, 10, 40, '2023-08-14 11:45:22', NULL, 1);
INSERT INTO `apartment_facility` VALUES (169, 10, 41, '2023-08-14 11:45:22', NULL, 1);
INSERT INTO `apartment_facility` VALUES (170, 10, 43, '2023-08-14 11:45:22', NULL, 1);
INSERT INTO `apartment_facility` VALUES (171, 10, 44, '2023-08-14 11:45:22', NULL, 1);
INSERT INTO `apartment_facility` VALUES (172, 10, 42, '2023-08-14 11:45:22', NULL, 1);
INSERT INTO `apartment_facility` VALUES (173, 10, 57, '2023-08-14 11:45:22', NULL, 1);
INSERT INTO `apartment_facility` VALUES (174, 10, 46, '2023-08-14 11:45:22', NULL, 1);
INSERT INTO `apartment_facility` VALUES (175, 9, 24, '2023-08-14 11:55:11', NULL, 1);
INSERT INTO `apartment_facility` VALUES (176, 9, 25, '2023-08-14 11:55:11', NULL, 1);
INSERT INTO `apartment_facility` VALUES (177, 9, 26, '2023-08-14 11:55:11', NULL, 1);
INSERT INTO `apartment_facility` VALUES (178, 9, 40, '2023-08-14 11:55:11', NULL, 1);
INSERT INTO `apartment_facility` VALUES (179, 9, 41, '2023-08-14 11:55:11', NULL, 1);
INSERT INTO `apartment_facility` VALUES (180, 9, 42, '2023-08-14 11:55:11', NULL, 1);
INSERT INTO `apartment_facility` VALUES (181, 9, 43, '2023-08-14 11:55:11', NULL, 1);
INSERT INTO `apartment_facility` VALUES (182, 9, 44, '2023-08-14 11:55:11', NULL, 1);
INSERT INTO `apartment_facility` VALUES (183, 9, 45, '2023-08-14 11:55:11', NULL, 1);
INSERT INTO `apartment_facility` VALUES (184, 9, 46, '2023-08-14 11:55:11', NULL, 1);
INSERT INTO `apartment_facility` VALUES (185, 9, 47, '2023-08-14 11:55:11', NULL, 1);
INSERT INTO `apartment_facility` VALUES (186, 9, 57, '2023-08-14 11:55:11', NULL, 1);
INSERT INTO `apartment_facility` VALUES (187, 9, 24, '2023-08-14 12:30:55', NULL, 1);
INSERT INTO `apartment_facility` VALUES (188, 9, 25, '2023-08-14 12:30:55', NULL, 1);
INSERT INTO `apartment_facility` VALUES (189, 9, 26, '2023-08-14 12:30:55', NULL, 1);
INSERT INTO `apartment_facility` VALUES (190, 9, 40, '2023-08-14 12:30:55', NULL, 1);
INSERT INTO `apartment_facility` VALUES (191, 9, 41, '2023-08-14 12:30:55', NULL, 1);
INSERT INTO `apartment_facility` VALUES (192, 9, 42, '2023-08-14 12:30:55', NULL, 1);
INSERT INTO `apartment_facility` VALUES (193, 9, 43, '2023-08-14 12:30:55', NULL, 1);
INSERT INTO `apartment_facility` VALUES (194, 9, 44, '2023-08-14 12:30:55', NULL, 1);
INSERT INTO `apartment_facility` VALUES (195, 9, 45, '2023-08-14 12:30:55', NULL, 1);
INSERT INTO `apartment_facility` VALUES (196, 9, 46, '2023-08-14 12:30:55', NULL, 1);
INSERT INTO `apartment_facility` VALUES (197, 9, 47, '2023-08-14 12:30:55', NULL, 1);
INSERT INTO `apartment_facility` VALUES (198, 9, 57, '2023-08-14 12:30:55', NULL, 1);
INSERT INTO `apartment_facility` VALUES (199, 10, 24, '2023-08-14 12:31:07', NULL, 1);
INSERT INTO `apartment_facility` VALUES (200, 10, 25, '2023-08-14 12:31:07', NULL, 1);
INSERT INTO `apartment_facility` VALUES (201, 10, 26, '2023-08-14 12:31:07', NULL, 1);
INSERT INTO `apartment_facility` VALUES (202, 10, 40, '2023-08-14 12:31:07', NULL, 1);
INSERT INTO `apartment_facility` VALUES (203, 10, 41, '2023-08-14 12:31:07', NULL, 1);
INSERT INTO `apartment_facility` VALUES (204, 10, 43, '2023-08-14 12:31:07', NULL, 1);
INSERT INTO `apartment_facility` VALUES (205, 10, 44, '2023-08-14 12:31:07', NULL, 1);
INSERT INTO `apartment_facility` VALUES (206, 10, 42, '2023-08-14 12:31:07', NULL, 1);
INSERT INTO `apartment_facility` VALUES (207, 10, 57, '2023-08-14 12:31:07', NULL, 1);
INSERT INTO `apartment_facility` VALUES (208, 10, 46, '2023-08-14 12:31:07', NULL, 1);
INSERT INTO `apartment_facility` VALUES (209, 9, 24, '2023-08-19 15:44:26', NULL, 0);
INSERT INTO `apartment_facility` VALUES (210, 9, 25, '2023-08-19 15:44:26', NULL, 0);
INSERT INTO `apartment_facility` VALUES (211, 9, 26, '2023-08-19 15:44:26', NULL, 0);
INSERT INTO `apartment_facility` VALUES (212, 9, 40, '2023-08-19 15:44:26', NULL, 0);
INSERT INTO `apartment_facility` VALUES (213, 9, 41, '2023-08-19 15:44:26', NULL, 0);
INSERT INTO `apartment_facility` VALUES (214, 9, 42, '2023-08-19 15:44:26', NULL, 0);
INSERT INTO `apartment_facility` VALUES (215, 9, 43, '2023-08-19 15:44:26', NULL, 0);
INSERT INTO `apartment_facility` VALUES (216, 9, 44, '2023-08-19 15:44:26', NULL, 0);
INSERT INTO `apartment_facility` VALUES (217, 9, 45, '2023-08-19 15:44:26', NULL, 0);
INSERT INTO `apartment_facility` VALUES (218, 9, 46, '2023-08-19 15:44:26', NULL, 0);
INSERT INTO `apartment_facility` VALUES (219, 9, 47, '2023-08-19 15:44:26', NULL, 0);
INSERT INTO `apartment_facility` VALUES (220, 9, 57, '2023-08-19 15:44:26', NULL, 0);
INSERT INTO `apartment_facility` VALUES (221, 10, 24, '2023-08-19 15:44:50', NULL, 0);
INSERT INTO `apartment_facility` VALUES (222, 10, 25, '2023-08-19 15:44:50', NULL, 0);
INSERT INTO `apartment_facility` VALUES (223, 10, 26, '2023-08-19 15:44:50', NULL, 0);
INSERT INTO `apartment_facility` VALUES (224, 10, 40, '2023-08-19 15:44:50', NULL, 0);
INSERT INTO `apartment_facility` VALUES (225, 10, 41, '2023-08-19 15:44:50', NULL, 0);
INSERT INTO `apartment_facility` VALUES (226, 10, 43, '2023-08-19 15:44:50', NULL, 0);
INSERT INTO `apartment_facility` VALUES (227, 10, 44, '2023-08-19 15:44:50', NULL, 0);
INSERT INTO `apartment_facility` VALUES (228, 10, 42, '2023-08-19 15:44:50', NULL, 0);
INSERT INTO `apartment_facility` VALUES (229, 10, 57, '2023-08-19 15:44:50', NULL, 0);
INSERT INTO `apartment_facility` VALUES (230, 10, 46, '2023-08-19 15:44:50', NULL, 0);

-- ----------------------------
-- Table structure for apartment_fee_value
-- ----------------------------
DROP TABLE IF EXISTS `apartment_fee_value`;
CREATE TABLE `apartment_fee_value`  (
  `id` bigint NOT NULL AUTO_INCREMENT,
  `apartment_id` bigint NULL DEFAULT NULL COMMENT 'apartment id',
  `fee_value_id` bigint NULL DEFAULT NULL COMMENT 'fee item value_id',
  `create_time` timestamp NULL DEFAULT NULL COMMENT 'creation time',
  `update_time` timestamp NULL DEFAULT NULL COMMENT 'update time',
  `is_deleted` tinyint NULL DEFAULT 0 COMMENT 'is deleted',
  PRIMARY KEY (`id`) USING BTREE
) ENGINE = InnoDB AUTO_INCREMENT = 99 CHARACTER SET = utf8mb4 COLLATE = utf8mb4_general_ci COMMENT = 'apartment & fee association table' ROW_FORMAT = DYNAMIC;

-- ----------------------------
-- Records of apartment_fee_value
-- ----------------------------
INSERT INTO `apartment_fee_value` VALUES (1, 9, NULL, '2023-06-20 10:15:43', NULL, 1);
INSERT INTO `apartment_fee_value` VALUES (2, 9, NULL, '2023-06-20 10:15:43', NULL, 1);
INSERT INTO `apartment_fee_value` VALUES (3, 9, 3, '2023-06-20 10:17:44', NULL, 1);
INSERT INTO `apartment_fee_value` VALUES (4, 9, 7, '2023-06-20 10:17:44', NULL, 1);
INSERT INTO `apartment_fee_value` VALUES (5, 10, 2, '2023-06-21 10:17:59', NULL, 1);
INSERT INTO `apartment_fee_value` VALUES (6, 10, 7, '2023-06-21 10:17:59', NULL, 1);
INSERT INTO `apartment_fee_value` VALUES (7, 11, 2, '2023-06-21 10:19:46', NULL, 1);
INSERT INTO `apartment_fee_value` VALUES (8, 11, 7, '2023-06-21 10:19:46', NULL, 1);
INSERT INTO `apartment_fee_value` VALUES (9, 10, 2, '2023-06-21 10:21:36', NULL, 1);
INSERT INTO `apartment_fee_value` VALUES (10, 10, 2, '2023-06-21 10:22:10', NULL, 1);
INSERT INTO `apartment_fee_value` VALUES (11, 9, 2, '2023-07-18 16:29:06', NULL, 1);
INSERT INTO `apartment_fee_value` VALUES (12, 9, 5, '2023-07-18 16:29:06', NULL, 1);
INSERT INTO `apartment_fee_value` VALUES (13, 9, 12, '2023-07-18 16:29:06', NULL, 1);
INSERT INTO `apartment_fee_value` VALUES (14, 10, 2, '2023-07-18 16:30:05', NULL, 1);
INSERT INTO `apartment_fee_value` VALUES (15, 9, 2, '2023-07-22 10:44:44', NULL, 1);
INSERT INTO `apartment_fee_value` VALUES (16, 9, 5, '2023-07-22 10:44:44', NULL, 1);
INSERT INTO `apartment_fee_value` VALUES (17, 9, 2, '2023-07-22 13:52:20', NULL, 1);
INSERT INTO `apartment_fee_value` VALUES (18, 9, 5, '2023-07-22 13:52:20', NULL, 1);
INSERT INTO `apartment_fee_value` VALUES (19, 9, 2, '2023-08-10 18:52:30', NULL, 1);
INSERT INTO `apartment_fee_value` VALUES (20, 9, 5, '2023-08-10 18:52:30', NULL, 1);
INSERT INTO `apartment_fee_value` VALUES (21, 9, 13, '2023-08-10 18:52:30', NULL, 1);
INSERT INTO `apartment_fee_value` VALUES (22, 9, 16, '2023-08-10 18:52:30', NULL, 1);
INSERT INTO `apartment_fee_value` VALUES (23, 9, 21, '2023-08-10 18:52:30', NULL, 1);
INSERT INTO `apartment_fee_value` VALUES (24, 10, 2, '2023-08-10 18:53:11', NULL, 1);
INSERT INTO `apartment_fee_value` VALUES (25, 10, 6, '2023-08-10 18:53:11', NULL, 1);
INSERT INTO `apartment_fee_value` VALUES (26, 10, 14, '2023-08-10 18:53:11', NULL, 1);
INSERT INTO `apartment_fee_value` VALUES (27, 10, 17, '2023-08-10 18:53:11', NULL, 1);
INSERT INTO `apartment_fee_value` VALUES (28, 10, 21, '2023-08-10 18:53:11', NULL, 1);
INSERT INTO `apartment_fee_value` VALUES (29, 9, 2, '2023-08-14 00:04:56', NULL, 1);
INSERT INTO `apartment_fee_value` VALUES (30, 9, 5, '2023-08-14 00:04:56', NULL, 1);
INSERT INTO `apartment_fee_value` VALUES (31, 9, 13, '2023-08-14 00:04:56', NULL, 1);
INSERT INTO `apartment_fee_value` VALUES (32, 9, 16, '2023-08-14 00:04:56', NULL, 1);
INSERT INTO `apartment_fee_value` VALUES (33, 9, 21, '2023-08-14 00:04:56', NULL, 1);
INSERT INTO `apartment_fee_value` VALUES (34, 10, 2, '2023-08-14 00:05:06', NULL, 1);
INSERT INTO `apartment_fee_value` VALUES (35, 10, 6, '2023-08-14 00:05:06', NULL, 1);
INSERT INTO `apartment_fee_value` VALUES (36, 10, 14, '2023-08-14 00:05:06', NULL, 1);
INSERT INTO `apartment_fee_value` VALUES (37, 10, 17, '2023-08-14 00:05:06', NULL, 1);
INSERT INTO `apartment_fee_value` VALUES (38, 10, 21, '2023-08-14 00:05:06', NULL, 1);
INSERT INTO `apartment_fee_value` VALUES (39, 9, 2, '2023-08-14 00:13:51', NULL, 1);
INSERT INTO `apartment_fee_value` VALUES (40, 9, 5, '2023-08-14 00:13:51', NULL, 1);
INSERT INTO `apartment_fee_value` VALUES (41, 9, 13, '2023-08-14 00:13:51', NULL, 1);
INSERT INTO `apartment_fee_value` VALUES (42, 9, 16, '2023-08-14 00:13:51', NULL, 1);
INSERT INTO `apartment_fee_value` VALUES (43, 9, 21, '2023-08-14 00:13:51', NULL, 1);
INSERT INTO `apartment_fee_value` VALUES (44, 10, 2, '2023-08-14 00:13:56', NULL, 1);
INSERT INTO `apartment_fee_value` VALUES (45, 10, 6, '2023-08-14 00:13:56', NULL, 1);
INSERT INTO `apartment_fee_value` VALUES (46, 10, 14, '2023-08-14 00:13:56', NULL, 1);
INSERT INTO `apartment_fee_value` VALUES (47, 10, 17, '2023-08-14 00:13:56', NULL, 1);
INSERT INTO `apartment_fee_value` VALUES (48, 10, 21, '2023-08-14 00:13:56', NULL, 1);
INSERT INTO `apartment_fee_value` VALUES (49, 9, 2, '2023-08-14 11:31:25', NULL, 1);
INSERT INTO `apartment_fee_value` VALUES (50, 9, 5, '2023-08-14 11:31:25', NULL, 1);
INSERT INTO `apartment_fee_value` VALUES (51, 9, 13, '2023-08-14 11:31:25', NULL, 1);
INSERT INTO `apartment_fee_value` VALUES (52, 9, 16, '2023-08-14 11:31:25', NULL, 1);
INSERT INTO `apartment_fee_value` VALUES (53, 9, 21, '2023-08-14 11:31:25', NULL, 1);
INSERT INTO `apartment_fee_value` VALUES (54, 10, 2, '2023-08-14 11:36:36', NULL, 1);
INSERT INTO `apartment_fee_value` VALUES (55, 10, 6, '2023-08-14 11:36:36', NULL, 1);
INSERT INTO `apartment_fee_value` VALUES (56, 10, 14, '2023-08-14 11:36:36', NULL, 1);
INSERT INTO `apartment_fee_value` VALUES (57, 10, 17, '2023-08-14 11:36:36', NULL, 1);
INSERT INTO `apartment_fee_value` VALUES (58, 10, 21, '2023-08-14 11:36:36', NULL, 1);
INSERT INTO `apartment_fee_value` VALUES (59, 10, 2, '2023-08-14 11:36:59', NULL, 1);
INSERT INTO `apartment_fee_value` VALUES (60, 10, 6, '2023-08-14 11:36:59', NULL, 1);
INSERT INTO `apartment_fee_value` VALUES (61, 10, 14, '2023-08-14 11:36:59', NULL, 1);
INSERT INTO `apartment_fee_value` VALUES (62, 10, 17, '2023-08-14 11:36:59', NULL, 1);
INSERT INTO `apartment_fee_value` VALUES (63, 10, 21, '2023-08-14 11:36:59', NULL, 1);
INSERT INTO `apartment_fee_value` VALUES (64, 9, 2, '2023-08-14 11:40:47', NULL, 1);
INSERT INTO `apartment_fee_value` VALUES (65, 9, 5, '2023-08-14 11:40:47', NULL, 1);
INSERT INTO `apartment_fee_value` VALUES (66, 9, 13, '2023-08-14 11:40:47', NULL, 1);
INSERT INTO `apartment_fee_value` VALUES (67, 9, 16, '2023-08-14 11:40:47', NULL, 1);
INSERT INTO `apartment_fee_value` VALUES (68, 9, 21, '2023-08-14 11:40:47', NULL, 1);
INSERT INTO `apartment_fee_value` VALUES (69, 10, 2, '2023-08-14 11:45:22', NULL, 1);
INSERT INTO `apartment_fee_value` VALUES (70, 10, 6, '2023-08-14 11:45:22', NULL, 1);
INSERT INTO `apartment_fee_value` VALUES (71, 10, 14, '2023-08-14 11:45:22', NULL, 1);
INSERT INTO `apartment_fee_value` VALUES (72, 10, 17, '2023-08-14 11:45:22', NULL, 1);
INSERT INTO `apartment_fee_value` VALUES (73, 10, 21, '2023-08-14 11:45:22', NULL, 1);
INSERT INTO `apartment_fee_value` VALUES (74, 9, 2, '2023-08-14 11:55:11', NULL, 1);
INSERT INTO `apartment_fee_value` VALUES (75, 9, 5, '2023-08-14 11:55:11', NULL, 1);
INSERT INTO `apartment_fee_value` VALUES (76, 9, 13, '2023-08-14 11:55:11', NULL, 1);
INSERT INTO `apartment_fee_value` VALUES (77, 9, 16, '2023-08-14 11:55:11', NULL, 1);
INSERT INTO `apartment_fee_value` VALUES (78, 9, 21, '2023-08-14 11:55:11', NULL, 1);
INSERT INTO `apartment_fee_value` VALUES (79, 9, 2, '2023-08-14 12:30:55', NULL, 1);
INSERT INTO `apartment_fee_value` VALUES (80, 9, 5, '2023-08-14 12:30:55', NULL, 1);
INSERT INTO `apartment_fee_value` VALUES (81, 9, 13, '2023-08-14 12:30:55', NULL, 1);
INSERT INTO `apartment_fee_value` VALUES (82, 9, 16, '2023-08-14 12:30:55', NULL, 1);
INSERT INTO `apartment_fee_value` VALUES (83, 9, 21, '2023-08-14 12:30:55', NULL, 1);
INSERT INTO `apartment_fee_value` VALUES (84, 10, 2, '2023-08-14 12:31:07', NULL, 1);
INSERT INTO `apartment_fee_value` VALUES (85, 10, 6, '2023-08-14 12:31:07', NULL, 1);
INSERT INTO `apartment_fee_value` VALUES (86, 10, 14, '2023-08-14 12:31:07', NULL, 1);
INSERT INTO `apartment_fee_value` VALUES (87, 10, 17, '2023-08-14 12:31:07', NULL, 1);
INSERT INTO `apartment_fee_value` VALUES (88, 10, 21, '2023-08-14 12:31:07', NULL, 1);
INSERT INTO `apartment_fee_value` VALUES (89, 9, 2, '2023-08-19 15:44:26', NULL, 0);
INSERT INTO `apartment_fee_value` VALUES (90, 9, 5, '2023-08-19 15:44:26', NULL, 0);
INSERT INTO `apartment_fee_value` VALUES (91, 9, 13, '2023-08-19 15:44:26', NULL, 0);
INSERT INTO `apartment_fee_value` VALUES (92, 9, 16, '2023-08-19 15:44:26', NULL, 0);
INSERT INTO `apartment_fee_value` VALUES (93, 9, 21, '2023-08-19 15:44:26', NULL, 0);
INSERT INTO `apartment_fee_value` VALUES (94, 10, 2, '2023-08-19 15:44:50', NULL, 0);
INSERT INTO `apartment_fee_value` VALUES (95, 10, 6, '2023-08-19 15:44:50', NULL, 0);
INSERT INTO `apartment_fee_value` VALUES (96, 10, 14, '2023-08-19 15:44:50', NULL, 0);
INSERT INTO `apartment_fee_value` VALUES (97, 10, 17, '2023-08-19 15:44:50', NULL, 0);
INSERT INTO `apartment_fee_value` VALUES (98, 10, 21, '2023-08-19 15:44:50', NULL, 0);

-- ----------------------------
-- Table structure for apartment_info
-- ----------------------------
DROP TABLE IF EXISTS `apartment_info`;
CREATE TABLE `apartment_info`  (
  `id` bigint NOT NULL AUTO_INCREMENT COMMENT 'apartment id',
  `name` varchar(64) CHARACTER SET utf8mb4 COLLATE utf8mb4_general_ci NULL DEFAULT NULL COMMENT 'apartment name',
  `introduction` varchar(255) CHARACTER SET utf8mb4 COLLATE utf8mb4_general_ci NULL DEFAULT NULL COMMENT 'apartment introduction',
  `district_id` bigint NULL DEFAULT NULL COMMENT 'district id',
  `district_name` varchar(16) CHARACTER SET utf8mb4 COLLATE utf8mb4_general_ci NULL DEFAULT NULL COMMENT 'district name',
  `city_id` bigint NULL DEFAULT NULL COMMENT 'city id',
  `city_name` varchar(16) CHARACTER SET utf8mb4 COLLATE utf8mb4_general_ci NULL DEFAULT NULL COMMENT 'city name',
  `province_id` bigint NULL DEFAULT NULL COMMENT 'province id',
  `province_name` varchar(16) CHARACTER SET utf8mb4 COLLATE utf8mb4_general_ci NULL DEFAULT NULL COMMENT 'province name',
  `address_detail` varchar(255) CHARACTER SET utf8mb4 COLLATE utf8mb4_general_ci NULL DEFAULT NULL COMMENT 'detailed address',
  `latitude` varchar(16) CHARACTER SET utf8mb4 COLLATE utf8mb4_general_ci NULL DEFAULT NULL COMMENT 'latitude',
  `longitude` varchar(16) CHARACTER SET utf8mb4 COLLATE utf8mb4_general_ci NULL DEFAULT NULL COMMENT 'longitude',
  `phone` varchar(11) CHARACTER SET utf8mb4 COLLATE utf8mb4_general_ci NULL DEFAULT NULL COMMENT 'apartment front desk phone',
  `is_release` tinyint NULL DEFAULT NULL COMMENT 'is published (1: published, 0: unpublished)',
  `create_time` timestamp NULL DEFAULT NULL COMMENT 'creation time',
  `update_time` timestamp NULL DEFAULT NULL COMMENT 'update time',
  `is_deleted` tinyint NULL DEFAULT 0 COMMENT 'is deleted',
  PRIMARY KEY (`id`) USING BTREE
) ENGINE = InnoDB AUTO_INCREMENT = 11 CHARACTER SET = utf8mb4 COLLATE = utf8mb4_general_ci COMMENT = 'apartment information table' ROW_FORMAT = DYNAMIC;


-- ----------------------------
-- Records of apartment_info
-- ----------------------------
INSERT INTO `apartment_info` VALUES (
  9,
  'Wendu Shuicheng Community',
  'This is a modern apartment located in the city center, offering a variety of layouts from cozy one-bedroom units to spacious three-bedroom apartments. Fully equipped with modern kitchens, a well-equipped gym, and social areas. The interior design is stylish and refined, with large windows providing ample natural light and city views. 24-hour security, smart access control systems, and parking spaces ensure safety and convenience for residents. Within walking distance to shopping malls, restaurants, and public transport stations, offering a comfortable and convenient urban living experience.',
  110114,
  'Changping District',
  1101,
  'Municipal District',
  11,
  'Beijing City',
  'No. 55, Wangfu Street, Beiqijia Town, Wendu Shuicheng, Changping District, Beijing',
  '40.103976',
  '116.370825',
  '1234567788',
  1,
  '2023-06-20 09:13:52',
  '2023-08-19 15:44:26',
  0
);

INSERT INTO `apartment_info` VALUES (
  10,
  'Huilongguan Community',
  'This is a modern apartment located in the city center, offering a variety of layouts from cozy one-bedroom units to spacious three-bedroom apartments. Fully equipped with modern kitchens, a well-equipped gym, and social areas. The interior design is stylish and refined, with large windows providing ample natural light and city views. 24-hour security, smart access control systems, and parking spaces ensure safety and convenience for residents. Within walking distance to shopping malls, restaurants, and public transport stations, offering a comfortable and convenient urban living experience.',
  110114,
  'Changping District',
  1101,
  'Municipal District',
  11,
  'Beijing City',
  'Exit B Northeast, Huilongguan East Street Subway Station, Line 8, Changping District, Beijing',
  '40.081628',
  '116.363725',
  '12345678',
  1,
  '2023-06-21 10:17:59',
  '2023-08-19 15:44:50',
  0
);

-- ----------------------------
-- Table structure for apartment_label
-- ----------------------------
DROP TABLE IF EXISTS `apartment_label`;
CREATE TABLE `apartment_label`  (
  `id` bigint NOT NULL AUTO_INCREMENT,
  `apartment_id` bigint NULL DEFAULT NULL COMMENT 'apartment id',
  `label_id` bigint NULL DEFAULT NULL COMMENT 'label id',
  `create_time` timestamp NULL DEFAULT NULL COMMENT 'creation time',
  `update_time` timestamp NULL DEFAULT NULL COMMENT 'update time',
  `is_deleted` tinyint NULL DEFAULT 0 COMMENT 'is deleted',
  PRIMARY KEY (`id`) USING BTREE
) ENGINE = InnoDB AUTO_INCREMENT = 137 CHARACTER SET = utf8mb4 COLLATE = utf8mb4_general_ci COMMENT = 'apartment-label association table' ROW_FORMAT = DYNAMIC;

-- ----------------------------
-- Records of apartment_label
-- ----------------------------
INSERT INTO `apartment_label` VALUES (30, 4, 2, '2023-06-19 23:20:06', NULL, 1);
INSERT INTO `apartment_label` VALUES (31, 4, 3, '2023-06-19 23:20:06', NULL, 1);
INSERT INTO `apartment_label` VALUES (32, 4, 2, '2023-06-19 23:21:42', NULL, 1);
INSERT INTO `apartment_label` VALUES (33, 4, 3, '2023-06-19 23:21:42', NULL, 1);
INSERT INTO `apartment_label` VALUES (34, 5, 2, '2023-06-20 08:47:57', NULL, 1);
INSERT INTO `apartment_label` VALUES (35, 5, 3, '2023-06-20 08:47:57', NULL, 1);
INSERT INTO `apartment_label` VALUES (36, 6, 2, '2023-06-20 08:53:00', NULL, 1);
INSERT INTO `apartment_label` VALUES (37, 6, 3, '2023-06-20 08:53:00', NULL, 1);
INSERT INTO `apartment_label` VALUES (38, 7, 2, '2023-06-20 08:53:35', NULL, 1);
INSERT INTO `apartment_label` VALUES (39, 7, 3, '2023-06-20 08:53:35', NULL, 1);
INSERT INTO `apartment_label` VALUES (40, 8, 2, '2023-06-20 08:53:59', NULL, 1);
INSERT INTO `apartment_label` VALUES (41, 8, 3, '2023-06-20 08:53:59', NULL, 1);
INSERT INTO `apartment_label` VALUES (42, 8, 2, '2023-06-20 08:54:30', NULL, 1);
INSERT INTO `apartment_label` VALUES (43, 8, 3, '2023-06-20 08:54:30', NULL, 1);
INSERT INTO `apartment_label` VALUES (44, 9, 2, '2023-06-20 09:13:52', NULL, 1);
INSERT INTO `apartment_label` VALUES (45, 9, 3, '2023-06-20 09:13:52', NULL, 1);
INSERT INTO `apartment_label` VALUES (46, 9, 2, '2023-06-20 09:15:41', NULL, 1);
INSERT INTO `apartment_label` VALUES (47, 9, 3, '2023-06-20 09:15:41', NULL, 1);
INSERT INTO `apartment_label` VALUES (48, 9, 2, '2023-06-20 10:15:43', NULL, 1);
INSERT INTO `apartment_label` VALUES (49, 9, 3, '2023-06-20 10:15:43', NULL, 1);
INSERT INTO `apartment_label` VALUES (50, 9, 2, '2023-06-20 10:17:44', NULL, 1);
INSERT INTO `apartment_label` VALUES (51, 9, 3, '2023-06-20 10:17:44', NULL, 1);
INSERT INTO `apartment_label` VALUES (52, 10, 1, '2023-06-21 10:17:59', NULL, 1);
INSERT INTO `apartment_label` VALUES (53, 10, 2, '2023-06-21 10:17:59', NULL, 1);
INSERT INTO `apartment_label` VALUES (54, 10, 3, '2023-06-21 10:17:59', NULL, 1);
INSERT INTO `apartment_label` VALUES (55, 10, 4, '2023-06-21 10:17:59', NULL, 1);
INSERT INTO `apartment_label` VALUES (56, 11, 1, '2023-06-21 10:19:46', NULL, 1);
INSERT INTO `apartment_label` VALUES (57, 11, 2, '2023-06-21 10:19:46', NULL, 1);
INSERT INTO `apartment_label` VALUES (58, 11, 3, '2023-06-21 10:19:46', NULL, 1);
INSERT INTO `apartment_label` VALUES (59, 11, 4, '2023-06-21 10:19:46', NULL, 1);
INSERT INTO `apartment_label` VALUES (60, 10, 1, '2023-06-21 10:21:36', NULL, 1);
INSERT INTO `apartment_label` VALUES (61, 10, 2, '2023-06-21 10:21:36', NULL, 1);
INSERT INTO `apartment_label` VALUES (62, 10, 4, '2023-06-21 10:21:36', NULL, 1);
INSERT INTO `apartment_label` VALUES (63, 10, 1, '2023-06-21 10:22:10', NULL, 1);
INSERT INTO `apartment_label` VALUES (64, 10, 2, '2023-06-21 10:22:10', NULL, 1);
INSERT INTO `apartment_label` VALUES (65, 10, 4, '2023-06-21 10:22:10', NULL, 1);
INSERT INTO `apartment_label` VALUES (66, 9, 1, '2023-07-18 16:29:05', NULL, 1);
INSERT INTO `apartment_label` VALUES (67, 9, 2, '2023-07-18 16:29:05', NULL, 1);
INSERT INTO `apartment_label` VALUES (68, 9, 3, '2023-07-18 16:29:05', NULL, 1);
INSERT INTO `apartment_label` VALUES (69, 9, 4, '2023-07-18 16:29:05', NULL, 1);
INSERT INTO `apartment_label` VALUES (70, 10, 1, '2023-07-18 16:30:04', NULL, 1);
INSERT INTO `apartment_label` VALUES (71, 10, 2, '2023-07-18 16:30:04', NULL, 1);
INSERT INTO `apartment_label` VALUES (72, 10, 4, '2023-07-18 16:30:04', NULL, 1);
INSERT INTO `apartment_label` VALUES (73, 9, 1, '2023-07-22 10:44:44', NULL, 1);
INSERT INTO `apartment_label` VALUES (74, 9, 2, '2023-07-22 10:44:44', NULL, 1);
INSERT INTO `apartment_label` VALUES (75, 9, 3, '2023-07-22 10:44:44', NULL, 1);
INSERT INTO `apartment_label` VALUES (76, 9, 4, '2023-07-22 10:44:44', NULL, 1);
INSERT INTO `apartment_label` VALUES (77, 9, 1, '2023-07-22 13:52:19', NULL, 1);
INSERT INTO `apartment_label` VALUES (78, 9, 2, '2023-07-22 13:52:19', NULL, 1);
INSERT INTO `apartment_label` VALUES (79, 9, 3, '2023-07-22 13:52:19', NULL, 1);
INSERT INTO `apartment_label` VALUES (80, 9, 4, '2023-07-22 13:52:19', NULL, 1);
INSERT INTO `apartment_label` VALUES (81, 9, 1, '2023-08-10 18:52:30', NULL, 1);
INSERT INTO `apartment_label` VALUES (82, 9, 2, '2023-08-10 18:52:30', NULL, 1);
INSERT INTO `apartment_label` VALUES (83, 9, 3, '2023-08-10 18:52:30', NULL, 1);
INSERT INTO `apartment_label` VALUES (84, 9, 4, '2023-08-10 18:52:30', NULL, 1);
INSERT INTO `apartment_label` VALUES (85, 10, 1, '2023-08-10 18:53:11', NULL, 1);
INSERT INTO `apartment_label` VALUES (86, 10, 2, '2023-08-10 18:53:11', NULL, 1);
INSERT INTO `apartment_label` VALUES (87, 10, 4, '2023-08-10 18:53:11', NULL, 1);
INSERT INTO `apartment_label` VALUES (88, 9, 1, '2023-08-14 00:04:56', NULL, 1);
INSERT INTO `apartment_label` VALUES (89, 9, 2, '2023-08-14 00:04:56', NULL, 1);
INSERT INTO `apartment_label` VALUES (90, 9, 3, '2023-08-14 00:04:56', NULL, 1);
INSERT INTO `apartment_label` VALUES (91, 9, 4, '2023-08-14 00:04:56', NULL, 1);
INSERT INTO `apartment_label` VALUES (92, 10, 1, '2023-08-14 00:05:06', NULL, 1);
INSERT INTO `apartment_label` VALUES (93, 10, 2, '2023-08-14 00:05:06', NULL, 1);
INSERT INTO `apartment_label` VALUES (94, 10, 4, '2023-08-14 00:05:06', NULL, 1);
INSERT INTO `apartment_label` VALUES (95, 9, 1, '2023-08-14 00:13:51', NULL, 1);
INSERT INTO `apartment_label` VALUES (96, 9, 2, '2023-08-14 00:13:51', NULL, 1);
INSERT INTO `apartment_label` VALUES (97, 9, 3, '2023-08-14 00:13:51', NULL, 1);
INSERT INTO `apartment_label` VALUES (98, 9, 4, '2023-08-14 00:13:51', NULL, 1);
INSERT INTO `apartment_label` VALUES (99, 10, 1, '2023-08-14 00:13:56', NULL, 1);
INSERT INTO `apartment_label` VALUES (100, 10, 2, '2023-08-14 00:13:56', NULL, 1);
INSERT INTO `apartment_label` VALUES (101, 10, 4, '2023-08-14 00:13:56', NULL, 1);
INSERT INTO `apartment_label` VALUES (102, 9, 1, '2023-08-14 11:31:25', NULL, 1);
INSERT INTO `apartment_label` VALUES (103, 9, 2, '2023-08-14 11:31:25', NULL, 1);
INSERT INTO `apartment_label` VALUES (104, 9, 3, '2023-08-14 11:31:25', NULL, 1);
INSERT INTO `apartment_label` VALUES (105, 9, 4, '2023-08-14 11:31:25', NULL, 1);
INSERT INTO `apartment_label` VALUES (106, 10, 1, '2023-08-14 11:36:35', NULL, 1);
INSERT INTO `apartment_label` VALUES (107, 10, 2, '2023-08-14 11:36:35', NULL, 1);
INSERT INTO `apartment_label` VALUES (108, 10, 4, '2023-08-14 11:36:35', NULL, 1);
INSERT INTO `apartment_label` VALUES (109, 10, 1, '2023-08-14 11:36:59', NULL, 1);
INSERT INTO `apartment_label` VALUES (110, 10, 2, '2023-08-14 11:36:59', NULL, 1);
INSERT INTO `apartment_label` VALUES (111, 10, 4, '2023-08-14 11:36:59', NULL, 1);
INSERT INTO `apartment_label` VALUES (112, 9, 1, '2023-08-14 11:40:47', NULL, 1);
INSERT INTO `apartment_label` VALUES (113, 9, 2, '2023-08-14 11:40:47', NULL, 1);
INSERT INTO `apartment_label` VALUES (114, 9, 3, '2023-08-14 11:40:47', NULL, 1);
INSERT INTO `apartment_label` VALUES (115, 9, 4, '2023-08-14 11:40:47', NULL, 1);
INSERT INTO `apartment_label` VALUES (116, 10, 1, '2023-08-14 11:45:22', NULL, 1);
INSERT INTO `apartment_label` VALUES (117, 10, 2, '2023-08-14 11:45:22', NULL, 1);
INSERT INTO `apartment_label` VALUES (118, 10, 4, '2023-08-14 11:45:22', NULL, 1);
INSERT INTO `apartment_label` VALUES (119, 9, 1, '2023-08-14 11:55:11', NULL, 1);
INSERT INTO `apartment_label` VALUES (120, 9, 2, '2023-08-14 11:55:11', NULL, 1);
INSERT INTO `apartment_label` VALUES (121, 9, 3, '2023-08-14 11:55:11', NULL, 1);
INSERT INTO `apartment_label` VALUES (122, 9, 4, '2023-08-14 11:55:11', NULL, 1);
INSERT INTO `apartment_label` VALUES (123, 9, 1, '2023-08-14 12:30:55', NULL, 1);
INSERT INTO `apartment_label` VALUES (124, 9, 2, '2023-08-14 12:30:55', NULL, 1);
INSERT INTO `apartment_label` VALUES (125, 9, 3, '2023-08-14 12:30:55', NULL, 1);
INSERT INTO `apartment_label` VALUES (126, 9, 4, '2023-08-14 12:30:55', NULL, 1);
INSERT INTO `apartment_label` VALUES (127, 10, 1, '2023-08-14 12:31:07', NULL, 1);
INSERT INTO `apartment_label` VALUES (128, 10, 2, '2023-08-14 12:31:07', NULL, 1);
INSERT INTO `apartment_label` VALUES (129, 10, 4, '2023-08-14 12:31:07', NULL, 1);
INSERT INTO `apartment_label` VALUES (130, 9, 1, '2023-08-19 15:44:26', NULL, 0);
INSERT INTO `apartment_label` VALUES (131, 9, 2, '2023-08-19 15:44:26', NULL, 0);
INSERT INTO `apartment_label` VALUES (132, 9, 3, '2023-08-19 15:44:26', NULL, 0);
INSERT INTO `apartment_label` VALUES (133, 9, 4, '2023-08-19 15:44:26', NULL, 0);
INSERT INTO `apartment_label` VALUES (134, 10, 1, '2023-08-19 15:44:50', NULL, 0);
INSERT INTO `apartment_label` VALUES (135, 10, 2, '2023-08-19 15:44:50', NULL, 0);
INSERT INTO `apartment_label` VALUES (136, 10, 4, '2023-08-19 15:44:50', NULL, 0);

-- ----------------------------
-- Table structure for attr_key
-- ----------------------------
DROP TABLE IF EXISTS `attr_key`;
CREATE TABLE `attr_key`  (
  `id` bigint NOT NULL AUTO_INCREMENT,
  `name` varchar(16) CHARACTER SET utf8mb4 COLLATE utf8mb4_general_ci NULL DEFAULT NULL COMMENT 'attribute key',
  `create_time` timestamp NULL DEFAULT NULL COMMENT 'creation time',
  `update_time` timestamp NULL DEFAULT NULL COMMENT 'update time',
  `is_deleted` tinyint NULL DEFAULT 0 COMMENT 'is deleted',
  PRIMARY KEY (`id`) USING BTREE
) ENGINE = InnoDB AUTO_INCREMENT = 11 CHARACTER SET = utf8mb4 COLLATE = utf8mb4_general_ci COMMENT = 'basic room attribute table' ROW_FORMAT = DYNAMIC;

-- ----------------------------
-- Records of attr_key
-- ----------------------------
INSERT INTO `attr_key` VALUES (1, 'Area', '2023-06-19 01:43:37', '2023-06-19 02:20:01', 1);
INSERT INTO `attr_key` VALUES (2, 'Orientation', '2023-06-19 02:06:12', '2023-06-21 10:10:57', 1);
INSERT INTO `attr_key` VALUES (3, 'Layout', '2023-06-19 02:20:53', '2023-06-19 02:31:14', 1);
INSERT INTO `attr_key` VALUES (4, 'Layout', '2023-06-19 02:36:20', '2023-06-19 02:36:40', 1);
INSERT INTO `attr_key` VALUES (5, 'Layout', '2023-06-21 10:09:18', NULL, 0);
INSERT INTO `attr_key` VALUES (6, 'Area', '2023-07-22 11:55:41', '2023-07-22 11:58:31', 1);
INSERT INTO `attr_key` VALUES (7, 'Area', '2023-07-22 11:58:50', NULL, 0);
INSERT INTO `attr_key` VALUES (8, 'Orientation', '2023-08-10 15:21:50', '2023-08-10 15:22:04', 0);
INSERT INTO `attr_key` VALUES (9, 'Lighting', '2023-08-10 18:46:45', NULL, 0);
INSERT INTO `attr_key` VALUES (10, 'Bathroom', '2023-08-10 18:47:36', '2023-08-14 00:11:57', 0);


-- ----------------------------
-- Table structure for attr_value
-- ----------------------------
DROP TABLE IF EXISTS `attr_value`;
CREATE TABLE `attr_value`  (
  `id` bigint NOT NULL AUTO_INCREMENT,
  `name` varchar(16) CHARACTER SET utf8mb4 COLLATE utf8mb4_general_ci NULL DEFAULT NULL COMMENT 'attribute value',
  `attr_key_id` bigint NULL DEFAULT NULL COMMENT 'corresponding attribute key_id',
  `create_time` timestamp NULL DEFAULT NULL COMMENT 'creation time',
  `update_time` timestamp NULL DEFAULT NULL COMMENT 'modification time',
  `is_deleted` tinyint NULL DEFAULT 0 COMMENT 'is deleted',
  PRIMARY KEY (`id`) USING BTREE
) ENGINE = InnoDB AUTO_INCREMENT = 29 CHARACTER SET = utf8mb4 COLLATE = utf8mb4_general_ci COMMENT = 'basic room attribute value table' ROW_FORMAT = DYNAMIC;

-- ----------------------------
-- Records of attr_value
-- ----------------------------
INSERT INTO `attr_value` VALUES (1, '20 sqm', 1, '2023-06-19 01:44:17', '2023-06-19 02:20:01', 1);
INSERT INTO `attr_value` VALUES (2, '25 sqm', 1, '2023-06-19 01:44:23', '2023-06-19 02:20:01', 1);
INSERT INTO `attr_value` VALUES (3, '30 sqm', 1, '2023-06-19 01:44:28', '2023-06-19 02:20:01', 1);
INSERT INTO `attr_value` VALUES (4, 'South facing', 2, '2023-06-19 02:06:42', NULL, 1);
INSERT INTO `attr_value` VALUES (5, 'North facing', 2, '2023-06-19 02:06:48', NULL, 1);
INSERT INTO `attr_value` VALUES (6, 'West facing', 2, '2023-06-19 02:06:53', '2023-06-21 10:10:46', 1);
INSERT INTO `attr_value` VALUES (7, 'East facing', 2, '2023-06-19 02:06:58', '2023-06-19 02:14:26', 1);
INSERT INTO `attr_value` VALUES (8, '1 bedroom, 1 living room', 5, '2023-06-21 10:09:50', NULL, 0);
INSERT INTO `attr_value` VALUES (9, '2 bedrooms, 1 living room', 5, '2023-06-21 10:09:56', NULL, 0);
INSERT INTO `attr_value` VALUES (10, '3 bedrooms, 1 living room', 5, '2023-06-21 10:10:02', NULL, 0);
INSERT INTO `attr_value` VALUES (11, '25 sqm', 6, '2023-07-22 11:55:58', NULL, 1);
INSERT INTO `attr_value` VALUES (12, '30 sqm', 6, '2023-07-22 11:56:05', NULL, 1);
INSERT INTO `attr_value` VALUES (13, '40 sqm', 6, '2023-07-22 11:56:11', NULL, 1);
INSERT INTO `attr_value` VALUES (14, '20 sqm', 7, '2023-07-22 11:56:19', NULL, 1);
INSERT INTO `attr_value` VALUES (15, '25 sqm', 7, '2023-07-22 11:58:58', NULL, 0);
INSERT INTO `attr_value` VALUES (16, '35 sqm', 7, '2023-07-22 11:59:04', NULL, 0);
INSERT INTO `attr_value` VALUES (17, '60 sqm', 7, '2023-07-22 11:59:11', NULL, 0);
INSERT INTO `attr_value` VALUES (18, '80 sqm', 7, '2023-07-22 11:59:31', NULL, 0);
INSERT INTO `attr_value` VALUES (19, 'East', 8, '2023-08-10 15:22:10', NULL, 0);
INSERT INTO `attr_value` VALUES (20, 'South', 8, '2023-08-10 15:22:20', NULL, 0);
INSERT INTO `attr_value` VALUES (21, 'West', 8, '2023-08-10 15:22:27', NULL, 0);
INSERT INTO `attr_value` VALUES (22, 'North', 8, '2023-08-10 15:22:34', NULL, 0);
INSERT INTO `attr_value` VALUES (23, 'Good', 9, '2023-08-10 18:46:55', NULL, 0);
INSERT INTO `attr_value` VALUES (24, 'Fair', 9, '2023-08-10 18:47:04', NULL, 0);
INSERT INTO `attr_value` VALUES (25, 'Average', 9, '2023-08-10 18:47:14', NULL, 0);
INSERT INTO `attr_value` VALUES (26, 'None', 9, '2023-08-10 18:47:19', NULL, 0);
INSERT INTO `attr_value` VALUES (27, 'Private bathroom', 10, '2023-08-10 18:47:46', NULL, 0);
INSERT INTO `attr_value` VALUES (28, 'Shared bathroom', 10, '2023-08-10 18:47:51', NULL, 0);

-- ----------------------------
-- Table structure for browsing_history
-- ----------------------------
DROP TABLE IF EXISTS `browsing_history`;
CREATE TABLE `browsing_history`  (
  `id` bigint NOT NULL AUTO_INCREMENT,
  `user_id` bigint NULL DEFAULT NULL COMMENT 'user id',
  `room_id` bigint NULL DEFAULT NULL COMMENT 'browsed room id',
  `browse_time` timestamp NULL DEFAULT NULL,
  `create_time` timestamp NULL DEFAULT NULL,
  `update_time` timestamp NULL DEFAULT NULL,
  `is_deleted` tinyint NULL DEFAULT 0,
  PRIMARY KEY (`id`) USING BTREE
) ENGINE = InnoDB AUTO_INCREMENT = 112 CHARACTER SET = utf8mb4 COLLATE = utf8mb4_general_ci COMMENT = 'browsing history' ROW_FORMAT = DYNAMIC;

-- ----------------------------
-- Records of browsing_history
-- ----------------------------
INSERT INTO `browsing_history` VALUES (90, 6, 2, '2023-08-11 10:45:48', '2023-08-11 10:35:31', '2023-08-11 10:45:48', 0);
INSERT INTO `browsing_history` VALUES (91, 6, 3, '2023-08-11 10:45:47', '2023-08-11 10:35:32', '2023-08-11 10:45:47', 0);
INSERT INTO `browsing_history` VALUES (92, 7, 2, '2023-08-19 15:51:22', '2023-08-13 23:22:38', '2023-08-19 15:51:22', 0);
INSERT INTO `browsing_history` VALUES (93, 7, 8, '2023-08-19 15:52:49', '2023-08-13 23:42:27', '2023-08-19 15:52:49', 0);
INSERT INTO `browsing_history` VALUES (94, 7, 3, '2023-08-19 15:51:43', '2023-08-13 23:45:19', '2023-08-19 15:51:43', 0);
INSERT INTO `browsing_history` VALUES (95, 7, 9, '2023-08-18 17:38:48', '2023-08-13 23:45:36', '2023-08-18 17:38:48', 0);
INSERT INTO `browsing_history` VALUES (96, 7, 10, '2023-08-19 15:51:19', '2023-08-13 23:45:48', '2023-08-19 15:51:19', 0);
INSERT INTO `browsing_history` VALUES (97, 7, 11, '2023-08-15 16:45:05', '2023-08-14 00:00:05', '2023-08-15 16:45:05', 0);
INSERT INTO `browsing_history` VALUES (98, 7, 15, '2023-08-17 20:33:17', '2023-08-14 00:10:04', '2023-08-17 20:33:17', 0);
INSERT INTO `browsing_history` VALUES (99, 7, 14, '2023-08-14 08:39:35', '2023-08-14 08:39:35', NULL, 0);
INSERT INTO `browsing_history` VALUES (100, 7, 16, '2023-08-19 15:53:48', '2023-08-14 10:36:54', '2023-08-19 15:53:48', 0);
INSERT INTO `browsing_history` VALUES (101, 7, 17, '2023-08-14 18:09:58', '2023-08-14 10:37:40', '2023-08-14 18:09:58', 0);
INSERT INTO `browsing_history` VALUES (102, 7, 12, '2023-08-14 15:51:46', '2023-08-14 15:51:40', '2023-08-14 15:51:46', 0);
INSERT INTO `browsing_history` VALUES (103, 1, 2, '2023-08-19 17:48:46', '2023-08-19 17:30:31', '2023-08-19 17:48:46', 0);
INSERT INTO `browsing_history` VALUES (104, 1, 11, '2023-08-19 17:48:40', '2023-08-19 17:31:13', '2023-08-19 17:48:40', 0);
INSERT INTO `browsing_history` VALUES (105, 1, 14, '2023-08-19 23:25:45', '2023-08-19 17:49:16', '2023-08-19 23:25:45', 0);
INSERT INTO `browsing_history` VALUES (106, 1, 16, '2023-08-19 21:30:00', '2023-08-19 17:53:13', '2023-08-19 21:30:00', 0);
INSERT INTO `browsing_history` VALUES (107, 1, 15, '2023-08-19 20:22:12', '2023-08-19 18:20:36', '2023-08-19 20:22:12', 0);
INSERT INTO `browsing_history` VALUES (108, 1, 17, '2023-08-19 23:25:42', '2023-08-19 18:21:40', '2023-08-19 23:25:42', 0);
INSERT INTO `browsing_history` VALUES (109, 1, 9, '2023-08-19 18:39:20', '2023-08-19 18:33:30', '2023-08-19 18:39:20', 0);
INSERT INTO `browsing_history` VALUES (110, 1, 8, '2023-08-19 23:24:55', '2023-08-19 18:39:37', '2023-08-19 23:24:55', 0);
INSERT INTO `browsing_history` VALUES (111, 1, 12, '2023-08-19 20:48:48', '2023-08-19 20:48:48', NULL, 0);

-- ----------------------------
-- Table structure for city_info
-- ----------------------------
DROP TABLE IF EXISTS `city_info`;
CREATE TABLE `city_info`  (
  `id` int NOT NULL AUTO_INCREMENT COMMENT 'City ID',
  `name` varchar(16) CHARACTER SET utf8mb4 COLLATE utf8mb4_general_ci NULL DEFAULT NULL COMMENT 'City Name',
  `province_id` int NULL DEFAULT NULL COMMENT 'Province ID',
  `create_time` timestamp NULL DEFAULT NULL COMMENT 'Creation Time',
  `update_time` timestamp NULL DEFAULT NULL COMMENT 'Update Time',
  `is_deleted` tinyint NULL DEFAULT 0 COMMENT 'Is Deleted',
  PRIMARY KEY (`id`) USING BTREE
) ENGINE = InnoDB AUTO_INCREMENT = 6591 CHARACTER SET = utf8mb4 COLLATE = utf8mb4_general_ci ROW_FORMAT = DYNAMIC;

-- ----------------------------
-- Records of city_info
-- ----------------------------
INSERT INTO `city_info` VALUES (1101, '', 11, '2023-06-25 13:48:30', NULL, 0);
INSERT INTO `city_info` VALUES (1201, '', 12, '2023-06-25 13:48:30', NULL, 0);
INSERT INTO `city_info` VALUES (1301, '', 13, '2023-06-25 13:48:30', NULL, 0);
INSERT INTO `city_info` VALUES (1302, '', 13, '2023-06-25 13:48:30', NULL, 0);
INSERT INTO `city_info` VALUES (1303, '', 13, '2023-06-25 13:48:30', NULL, 0);
INSERT INTO `city_info` VALUES (1304, '', 13, '2023-06-25 13:48:30', NULL, 0);
INSERT INTO `city_info` VALUES (1305, '', 13, '2023-06-25 13:48:30', NULL, 0);
INSERT INTO `city_info` VALUES (1306, '', 13, '2023-06-25 13:48:30', NULL, 0);
INSERT INTO `city_info` VALUES (1307, '', 13, '2023-06-25 13:48:30', NULL, 0);
INSERT INTO `city_info` VALUES (1308, '', 13, '2023-06-25 13:48:30', NULL, 0);
INSERT INTO `city_info` VALUES (1309, '', 13, '2023-06-25 13:48:30', NULL, 0);
INSERT INTO `city_info` VALUES (1310, '', 13, '2023-06-25 13:48:30', NULL, 0);
INSERT INTO `city_info` VALUES (1311, '', 13, '2023-06-25 13:48:30', NULL, 0);
INSERT INTO `city_info` VALUES (1401, '', 14, '2023-06-25 13:48:30', NULL, 0);
INSERT INTO `city_info` VALUES (1402, '', 14, '2023-06-25 13:48:30', NULL, 0);
INSERT INTO `city_info` VALUES (1403, '', 14, '2023-06-25 13:48:30', NULL, 0);
INSERT INTO `city_info` VALUES (1404, '', 14, '2023-06-25 13:48:30', NULL, 0);
INSERT INTO `city_info` VALUES (1405, '', 14, '2023-06-25 13:48:30', NULL, 0);
INSERT INTO `city_info` VALUES (1406, '', 14, '2023-06-25 13:48:30', NULL, 0);
INSERT INTO `city_info` VALUES (1407, '', 14, '2023-06-25 13:48:30', NULL, 0);
INSERT INTO `city_info` VALUES (1408, '', 14, '2023-06-25 13:48:30', NULL, 0);
INSERT INTO `city_info` VALUES (1409, '', 14, '2023-06-25 13:48:30', NULL, 0);
INSERT INTO `city_info` VALUES (1410, '', 14, '2023-06-25 13:48:30', NULL, 0);
INSERT INTO `city_info` VALUES (1411, '', 14, '2023-06-25 13:48:30', NULL, 0);
INSERT INTO `city_info` VALUES (1501, '', 15, '2023-06-25 13:48:30', NULL, 0);
INSERT INTO `city_info` VALUES (1502, '', 15, '2023-06-25 13:48:30', NULL, 0);
INSERT INTO `city_info` VALUES (1503, '', 15, '2023-06-25 13:48:30', NULL, 0);
INSERT INTO `city_info` VALUES (1504, '', 15, '2023-06-25 13:48:30', NULL, 0);
INSERT INTO `city_info` VALUES (1505, '', 15, '2023-06-25 13:48:30', NULL, 0);
INSERT INTO `city_info` VALUES (1506, '', 15, '2023-06-25 13:48:30', NULL, 0);
INSERT INTO `city_info` VALUES (1507, '', 15, '2023-06-25 13:48:30', NULL, 0);
INSERT INTO `city_info` VALUES (1508, '', 15, '2023-06-25 13:48:30', NULL, 0);
INSERT INTO `city_info` VALUES (1509, '', 15, '2023-06-25 13:48:30', NULL, 0);
INSERT INTO `city_info` VALUES (1522, '', 15, '2023-06-25 13:48:30', NULL, 0);
INSERT INTO `city_info` VALUES (1525, '', 15, '2023-06-25 13:48:30', NULL, 0);
INSERT INTO `city_info` VALUES (1529, '', 15, '2023-06-25 13:48:30', NULL, 0);
INSERT INTO `city_info` VALUES (2101, '', 21, '2023-06-25 13:48:30', NULL, 0);
INSERT INTO `city_info` VALUES (2102, '', 21, '2023-06-25 13:48:30', NULL, 0);
INSERT INTO `city_info` VALUES (2103, '', 21, '2023-06-25 13:48:30', NULL, 0);
INSERT INTO `city_info` VALUES (2104, '', 21, '2023-06-25 13:48:30', NULL, 0);
INSERT INTO `city_info` VALUES (2105, '', 21, '2023-06-25 13:48:30', NULL, 0);
INSERT INTO `city_info` VALUES (2106, '', 21, '2023-06-25 13:48:30', NULL, 0);
INSERT INTO `city_info` VALUES (2107, '', 21, '2023-06-25 13:48:30', NULL, 0);
INSERT INTO `city_info` VALUES (2108, '', 21, '2023-06-25 13:48:30', NULL, 0);
INSERT INTO `city_info` VALUES (2109, '', 21, '2023-06-25 13:48:30', NULL, 0);
INSERT INTO `city_info` VALUES (2110, '', 21, '2023-06-25 13:48:30', NULL, 0);
INSERT INTO `city_info` VALUES (2111, '', 21, '2023-06-25 13:48:30', NULL, 0);
INSERT INTO `city_info` VALUES (2112, '', 21, '2023-06-25 13:48:30', NULL, 0);
INSERT INTO `city_info` VALUES (2113, '', 21, '2023-06-25 13:48:30', NULL, 0);
INSERT INTO `city_info` VALUES (2114, '', 21, '2023-06-25 13:48:30', NULL, 0);
INSERT INTO `city_info` VALUES (2201, '', 22, '2023-06-25 13:48:30', NULL, 0);
INSERT INTO `city_info` VALUES (2202, '', 22, '2023-06-25 13:48:30', NULL, 0);
INSERT INTO `city_info` VALUES (2203, '', 22, '2023-06-25 13:48:30', NULL, 0);
INSERT INTO `city_info` VALUES (2204, '', 22, '2023-06-25 13:48:30', NULL, 0);
INSERT INTO `city_info` VALUES (2205, '', 22, '2023-06-25 13:48:30', NULL, 0);
INSERT INTO `city_info` VALUES (2206, '', 22, '2023-06-25 13:48:30', NULL, 0);
INSERT INTO `city_info` VALUES (2207, '', 22, '2023-06-25 13:48:30', NULL, 0);
INSERT INTO `city_info` VALUES (2208, '', 22, '2023-06-25 13:48:30', NULL, 0);
INSERT INTO `city_info` VALUES (2224, '', 22, '2023-06-25 13:48:30', NULL, 0);
INSERT INTO `city_info` VALUES (2301, '', 23, '2023-06-25 13:48:30', NULL, 0);
INSERT INTO `city_info` VALUES (2302, '', 23, '2023-06-25 13:48:30', NULL, 0);
INSERT INTO `city_info` VALUES (2303, '', 23, '2023-06-25 13:48:30', NULL, 0);
INSERT INTO `city_info` VALUES (2304, '', 23, '2023-06-25 13:48:30', NULL, 0);
INSERT INTO `city_info` VALUES (2305, '', 23, '2023-06-25 13:48:30', NULL, 0);
INSERT INTO `city_info` VALUES (2306, '', 23, '2023-06-25 13:48:30', NULL, 0);
INSERT INTO `city_info` VALUES (2307, '', 23, '2023-06-25 13:48:30', NULL, 0);
INSERT INTO `city_info` VALUES (2308, '', 23, '2023-06-25 13:48:30', NULL, 0);
INSERT INTO `city_info` VALUES (2309, '', 23, '2023-06-25 13:48:30', NULL, 0);
INSERT INTO `city_info` VALUES (2310, '', 23, '2023-06-25 13:48:30', NULL, 0);
INSERT INTO `city_info` VALUES (2311, '', 23, '2023-06-25 13:48:30', NULL, 0);
INSERT INTO `city_info` VALUES (2312, '', 23, '2023-06-25 13:48:30', NULL, 0);
INSERT INTO `city_info` VALUES (2327, '', 23, '2023-06-25 13:48:30', NULL, 0);
INSERT INTO `city_info` VALUES (3101, '', 31, '2023-06-25 13:48:30', NULL, 0);
INSERT INTO `city_info` VALUES (3201, '', 32, '2023-06-25 13:48:30', NULL, 0);
INSERT INTO `city_info` VALUES (3202, '', 32, '2023-06-25 13:48:30', NULL, 0);
INSERT INTO `city_info` VALUES (3203, '', 32, '2023-06-25 13:48:30', NULL, 0);
INSERT INTO `city_info` VALUES (3204, '', 32, '2023-06-25 13:48:30', NULL, 0);
INSERT INTO `city_info` VALUES (3205, '', 32, '2023-06-25 13:48:30', NULL, 0);
INSERT INTO `city_info` VALUES (3206, '', 32, '2023-06-25 13:48:30', NULL, 0);
INSERT INTO `city_info` VALUES (3207, '', 32, '2023-06-25 13:48:30', NULL, 0);
INSERT INTO `city_info` VALUES (3208, '', 32, '2023-06-25 13:48:30', NULL, 0);
INSERT INTO `city_info` VALUES (3209, '', 32, '2023-06-25 13:48:30', NULL, 0);
INSERT INTO `city_info` VALUES (3210, '', 32, '2023-06-25 13:48:30', NULL, 0);
INSERT INTO `city_info` VALUES (3211, '', 32, '2023-06-25 13:48:30', NULL, 0);
INSERT INTO `city_info` VALUES (3212, '', 32, '2023-06-25 13:48:30', NULL, 0);
INSERT INTO `city_info` VALUES (3213, '', 32, '2023-06-25 13:48:30', NULL, 0);
INSERT INTO `city_info` VALUES (3301, '', 33, '2023-06-25 13:48:30', NULL, 0);
INSERT INTO `city_info` VALUES (3302, '', 33, '2023-06-25 13:48:30', NULL, 0);
INSERT INTO `city_info` VALUES (3303, '', 33, '2023-06-25 13:48:30', NULL, 0);
INSERT INTO `city_info` VALUES (3304, '', 33, '2023-06-25 13:48:30', NULL, 0);
INSERT INTO `city_info` VALUES (3305, '', 33, '2023-06-25 13:48:30', NULL, 0);
INSERT INTO `city_info` VALUES (3306, '', 33, '2023-06-25 13:48:30', NULL, 0);
INSERT INTO `city_info` VALUES (3307, '', 33, '2023-06-25 13:48:30', NULL, 0);
INSERT INTO `city_info` VALUES (3308, '', 33, '2023-06-25 13:48:30', NULL, 0);
INSERT INTO `city_info` VALUES (3309, '', 33, '2023-06-25 13:48:30', NULL, 0);
INSERT INTO `city_info` VALUES (3310, '', 33, '2023-06-25 13:48:30', NULL, 0);
INSERT INTO `city_info` VALUES (3311, '', 33, '2023-06-25 13:48:30', NULL, 0);
INSERT INTO `city_info` VALUES (3401, '', 34, '2023-06-25 13:48:30', NULL, 0);
INSERT INTO `city_info` VALUES (3402, '', 34, '2023-06-25 13:48:30', NULL, 0);
INSERT INTO `city_info` VALUES (3403, '', 34, '2023-06-25 13:48:30', NULL, 0);
INSERT INTO `city_info` VALUES (3404, '', 34, '2023-06-25 13:48:30', NULL, 0);
INSERT INTO `city_info` VALUES (3405, '', 34, '2023-06-25 13:48:30', NULL, 0);
INSERT INTO `city_info` VALUES (3406, '', 34, '2023-06-25 13:48:30', NULL, 0);
INSERT INTO `city_info` VALUES (3407, '', 34, '2023-06-25 13:48:30', NULL, 0);
INSERT INTO `city_info` VALUES (3408, '', 34, '2023-06-25 13:48:30', NULL, 0);
INSERT INTO `city_info` VALUES (3410, '', 34, '2023-06-25 13:48:30', NULL, 0);
INSERT INTO `city_info` VALUES (3411, '', 34, '2023-06-25 13:48:30', NULL, 0);
INSERT INTO `city_info` VALUES (3412, '', 34, '2023-06-25 13:48:30', NULL, 0);
INSERT INTO `city_info` VALUES (3413, '', 34, '2023-06-25 13:48:30', NULL, 0);
INSERT INTO `city_info` VALUES (3415, '', 34, '2023-06-25 13:48:30', NULL, 0);
INSERT INTO `city_info` VALUES (3416, '', 34, '2023-06-25 13:48:30', NULL, 0);
INSERT INTO `city_info` VALUES (3417, '', 34, '2023-06-25 13:48:30', NULL, 0);
INSERT INTO `city_info` VALUES (3418, '', 34, '2023-06-25 13:48:30', NULL, 0);
INSERT INTO `city_info` VALUES (3501, '', 35, '2023-06-25 13:48:30', NULL, 0);
INSERT INTO `city_info` VALUES (3502, '', 35, '2023-06-25 13:48:30', NULL, 0);
INSERT INTO `city_info` VALUES (3503, '', 35, '2023-06-25 13:48:30', NULL, 0);
INSERT INTO `city_info` VALUES (3504, '', 35, '2023-06-25 13:48:30', NULL, 0);
INSERT INTO `city_info` VALUES (3505, '', 35, '2023-06-25 13:48:30', NULL, 0);
INSERT INTO `city_info` VALUES (3506, '', 35, '2023-06-25 13:48:30', NULL, 0);
INSERT INTO `city_info` VALUES (3507, '', 35, '2023-06-25 13:48:30', NULL, 0);
INSERT INTO `city_info` VALUES (3508, '', 35, '2023-06-25 13:48:30', NULL, 0);
INSERT INTO `city_info` VALUES (3509, '', 35, '2023-06-25 13:48:30', NULL, 0);
INSERT INTO `city_info` VALUES (3601, '', 36, '2023-06-25 13:48:30', NULL, 0);
INSERT INTO `city_info` VALUES (3602, '', 36, '2023-06-25 13:48:30', NULL, 0);
INSERT INTO `city_info` VALUES (3603, '', 36, '2023-06-25 13:48:30', NULL, 0);
INSERT INTO `city_info` VALUES (3604, '', 36, '2023-06-25 13:48:30', NULL, 0);
INSERT INTO `city_info` VALUES (3605, '', 36, '2023-06-25 13:48:30', NULL, 0);
INSERT INTO `city_info` VALUES (3606, '', 36, '2023-06-25 13:48:30', NULL, 0);
INSERT INTO `city_info` VALUES (3607, '', 36, '2023-06-25 13:48:30', NULL, 0);
INSERT INTO `city_info` VALUES (3608, '', 36, '2023-06-25 13:48:30', NULL, 0);
INSERT INTO `city_info` VALUES (3609, '', 36, '2023-06-25 13:48:30', NULL, 0);
INSERT INTO `city_info` VALUES (3610, '', 36, '2023-06-25 13:48:30', NULL, 0);
INSERT INTO `city_info` VALUES (3611, '', 36, '2023-06-25 13:48:30', NULL, 0);
INSERT INTO `city_info` VALUES (3701, '', 37, '2023-06-25 13:48:30', NULL, 0);
INSERT INTO `city_info` VALUES (3702, '', 37, '2023-06-25 13:48:30', NULL, 0);
INSERT INTO `city_info` VALUES (3703, '', 37, '2023-06-25 13:48:30', NULL, 0);
INSERT INTO `city_info` VALUES (3704, '', 37, '2023-06-25 13:48:30', NULL, 0);
INSERT INTO `city_info` VALUES (3705, '', 37, '2023-06-25 13:48:30', NULL, 0);
INSERT INTO `city_info` VALUES (3706, '', 37, '2023-06-25 13:48:30', NULL, 0);
INSERT INTO `city_info` VALUES (3707, '', 37, '2023-06-25 13:48:30', NULL, 0);
INSERT INTO `city_info` VALUES (3708, '', 37, '2023-06-25 13:48:30', NULL, 0);
INSERT INTO `city_info` VALUES (3709, '', 37, '2023-06-25 13:48:30', NULL, 0);
INSERT INTO `city_info` VALUES (3710, '', 37, '2023-06-25 13:48:30', NULL, 0);
INSERT INTO `city_info` VALUES (3711, '', 37, '2023-06-25 13:48:30', NULL, 0);
INSERT INTO `city_info` VALUES (3713, '', 37, '2023-06-25 13:48:30', NULL, 0);
INSERT INTO `city_info` VALUES (3714, '', 37, '2023-06-25 13:48:30', NULL, 0);
INSERT INTO `city_info` VALUES (3715, '', 37, '2023-06-25 13:48:30', NULL, 0);
INSERT INTO `city_info` VALUES (3716, '', 37, '2023-06-25 13:48:30', NULL, 0);
INSERT INTO `city_info` VALUES (3717, '', 37, '2023-06-25 13:48:30', NULL, 0);
INSERT INTO `city_info` VALUES (4101, '', 41, '2023-06-25 13:48:30', NULL, 0);
INSERT INTO `city_info` VALUES (4102, '', 41, '2023-06-25 13:48:30', NULL, 0);
INSERT INTO `city_info` VALUES (4103, '', 41, '2023-06-25 13:48:30', NULL, 0);
INSERT INTO `city_info` VALUES (4104, '', 41, '2023-06-25 13:48:30', NULL, 0);
INSERT INTO `city_info` VALUES (4105, '', 41, '2023-06-25 13:48:30', NULL, 0);
INSERT INTO `city_info` VALUES (4106, '', 41, '2023-06-25 13:48:30', NULL, 0);
INSERT INTO `city_info` VALUES (4107, '', 41, '2023-06-25 13:48:30', NULL, 0);
INSERT INTO `city_info` VALUES (4108, '', 41, '2023-06-25 13:48:30', NULL, 0);
INSERT INTO `city_info` VALUES (4109, '', 41, '2023-06-25 13:48:30', NULL, 0);
INSERT INTO `city_info` VALUES (4110, '', 41, '2023-06-25 13:48:30', NULL, 0);
INSERT INTO `city_info` VALUES (4111, '', 41, '2023-06-25 13:48:30', NULL, 0);
INSERT INTO `city_info` VALUES (4112, '', 41, '2023-06-25 13:48:30', NULL, 0);
INSERT INTO `city_info` VALUES (4113, '', 41, '2023-06-25 13:48:30', NULL, 0);
INSERT INTO `city_info` VALUES (4114, '', 41, '2023-06-25 13:48:30', NULL, 0);
INSERT INTO `city_info` VALUES (4115, '', 41, '2023-06-25 13:48:30', NULL, 0);
INSERT INTO `city_info` VALUES (4116, '', 41, '2023-06-25 13:48:30', NULL, 0);
INSERT INTO `city_info` VALUES (4117, '', 41, '2023-06-25 13:48:30', NULL, 0);
INSERT INTO `city_info` VALUES (4190, '', 41, '2023-06-25 13:48:30', NULL, 0);
INSERT INTO `city_info` VALUES (4201, '', 42, '2023-06-25 13:48:30', NULL, 0);
INSERT INTO `city_info` VALUES (4202, '', 42, '2023-06-25 13:48:30', NULL, 0);
INSERT INTO `city_info` VALUES (4203, '', 42, '2023-06-25 13:48:30', NULL, 0);
INSERT INTO `city_info` VALUES (4205, '', 42, '2023-06-25 13:48:30', NULL, 0);
INSERT INTO `city_info` VALUES (4206, '', 42, '2023-06-25 13:48:30', NULL, 0);
INSERT INTO `city_info` VALUES (4207, '', 42, '2023-06-25 13:48:30', NULL, 0);
INSERT INTO `city_info` VALUES (4208, '', 42, '2023-06-25 13:48:30', NULL, 0);
INSERT INTO `city_info` VALUES (4209, '', 42, '2023-06-25 13:48:30', NULL, 0);
INSERT INTO `city_info` VALUES (4210, '', 42, '2023-06-25 13:48:30', NULL, 0);
INSERT INTO `city_info` VALUES (4211, '', 42, '2023-06-25 13:48:30', NULL, 0);
INSERT INTO `city_info` VALUES (4212, '', 42, '2023-06-25 13:48:30', NULL, 0);
INSERT INTO `city_info` VALUES (4213, '', 42, '2023-06-25 13:48:30', NULL, 0);
INSERT INTO `city_info` VALUES (4228, '', 42, '2023-06-25 13:48:30', NULL, 0);
INSERT INTO `city_info` VALUES (4290, '', 42, '2023-06-25 13:48:30', NULL, 0);
INSERT INTO `city_info` VALUES (4301, '', 43, '2023-06-25 13:48:30', NULL, 0);
INSERT INTO `city_info` VALUES (4302, '', 43, '2023-06-25 13:48:30', NULL, 0);
INSERT INTO `city_info` VALUES (4303, '', 43, '2023-06-25 13:48:30', NULL, 0);
INSERT INTO `city_info` VALUES (4304, '', 43, '2023-06-25 13:48:30', NULL, 0);
INSERT INTO `city_info` VALUES (4305, '', 43, '2023-06-25 13:48:30', NULL, 0);
INSERT INTO `city_info` VALUES (4306, '', 43, '2023-06-25 13:48:30', NULL, 0);
INSERT INTO `city_info` VALUES (4307, '', 43, '2023-06-25 13:48:30', NULL, 0);
INSERT INTO `city_info` VALUES (4308, '', 43, '2023-06-25 13:48:30', NULL, 0);
INSERT INTO `city_info` VALUES (4309, '', 43, '2023-06-25 13:48:30', NULL, 0);
INSERT INTO `city_info` VALUES (4310, '', 43, '2023-06-25 13:48:30', NULL, 0);
INSERT INTO `city_info` VALUES (4311, '', 43, '2023-06-25 13:48:30', NULL, 0);
INSERT INTO `city_info` VALUES (4312, '', 43, '2023-06-25 13:48:30', NULL, 0);
INSERT INTO `city_info` VALUES (4313, '', 43, '2023-06-25 13:48:30', NULL, 0);
INSERT INTO `city_info` VALUES (4331, '', 43, '2023-06-25 13:48:30', NULL, 0);
INSERT INTO `city_info` VALUES (4401, '', 44, '2023-06-25 13:48:30', NULL, 0);
INSERT INTO `city_info` VALUES (4402, '', 44, '2023-06-25 13:48:30', NULL, 0);
INSERT INTO `city_info` VALUES (4403, '', 44, '2023-06-25 13:48:30', NULL, 0);
INSERT INTO `city_info` VALUES (4404, '', 44, '2023-06-25 13:48:30', NULL, 0);
INSERT INTO `city_info` VALUES (4405, '', 44, '2023-06-25 13:48:30', NULL, 0);
INSERT INTO `city_info` VALUES (4406, '', 44, '2023-06-25 13:48:30', NULL, 0);
INSERT INTO `city_info` VALUES (4407, '', 44, '2023-06-25 13:48:30', NULL, 0);
INSERT INTO `city_info` VALUES (4408, '', 44, '2023-06-25 13:48:30', NULL, 0);
INSERT INTO `city_info` VALUES (4409, '', 44, '2023-06-25 13:48:30', NULL, 0);
INSERT INTO `city_info` VALUES (4412, '', 44, '2023-06-25 13:48:30', NULL, 0);
INSERT INTO `city_info` VALUES (4413, '', 44, '2023-06-25 13:48:30', NULL, 0);
INSERT INTO `city_info` VALUES (4414, '', 44, '2023-06-25 13:48:30', NULL, 0);
INSERT INTO `city_info` VALUES (4415, '', 44, '2023-06-25 13:48:30', NULL, 0);
INSERT INTO `city_info` VALUES (4416, '', 44, '2023-06-25 13:48:30', NULL, 0);
INSERT INTO `city_info` VALUES (4417, '', 44, '2023-06-25 13:48:30', NULL, 0);
INSERT INTO `city_info` VALUES (4418, '', 44, '2023-06-25 13:48:30', NULL, 0);
INSERT INTO `city_info` VALUES (4419, '', 44, '2023-06-25 13:48:30', NULL, 0);
INSERT INTO `city_info` VALUES (4420, '', 44, '2023-06-25 13:48:30', NULL, 0);
INSERT INTO `city_info` VALUES (4451, '', 44, '2023-06-25 13:48:30', NULL, 0);
INSERT INTO `city_info` VALUES (4452, '', 44, '2023-06-25 13:48:30', NULL, 0);
INSERT INTO `city_info` VALUES (4453, '', 44, '2023-06-25 13:48:30', NULL, 0);
INSERT INTO `city_info` VALUES (4501, '', 45, '2023-06-25 13:48:30', NULL, 0);
INSERT INTO `city_info` VALUES (4502, '', 45, '2023-06-25 13:48:30', NULL, 0);
INSERT INTO `city_info` VALUES (4503, '', 45, '2023-06-25 13:48:30', NULL, 0);
INSERT INTO `city_info` VALUES (4504, '', 45, '2023-06-25 13:48:30', NULL, 0);
INSERT INTO `city_info` VALUES (4505, '', 45, '2023-06-25 13:48:30', NULL, 0);
INSERT INTO `city_info` VALUES (4506, '', 45, '2023-06-25 13:48:30', NULL, 0);
INSERT INTO `city_info` VALUES (4507, '', 45, '2023-06-25 13:48:30', NULL, 0);
INSERT INTO `city_info` VALUES (4508, '', 45, '2023-06-25 13:48:30', NULL, 0);
INSERT INTO `city_info` VALUES (4509, '', 45, '2023-06-25 13:48:30', NULL, 0);
INSERT INTO `city_info` VALUES (4510, '', 45, '2023-06-25 13:48:30', NULL, 0);
INSERT INTO `city_info` VALUES (4511, '', 45, '2023-06-25 13:48:30', NULL, 0);
INSERT INTO `city_info` VALUES (4512, '', 45, '2023-06-25 13:48:30', NULL, 0);
INSERT INTO `city_info` VALUES (4513, '', 45, '2023-06-25 13:48:30', NULL, 0);
INSERT INTO `city_info` VALUES (4514, '', 45, '2023-06-25 13:48:30', NULL, 0);
INSERT INTO `city_info` VALUES (4601, '', 46, '2023-06-25 13:48:30', NULL, 0);
INSERT INTO `city_info` VALUES (4602, '', 46, '2023-06-25 13:48:30', NULL, 0);
INSERT INTO `city_info` VALUES (4603, '', 46, '2023-06-25 13:48:30', NULL, 0);
INSERT INTO `city_info` VALUES (4604, '', 46, '2023-06-25 13:48:30', NULL, 0);
INSERT INTO `city_info` VALUES (4690, '', 46, '2023-06-25 13:48:30', NULL, 0);
INSERT INTO `city_info` VALUES (5001, '', 50, '2023-06-25 13:48:30', NULL, 0);
INSERT INTO `city_info` VALUES (5002, '', 50, '2023-06-25 13:48:30', NULL, 0);
INSERT INTO `city_info` VALUES (5101, '', 51, '2023-06-25 13:48:30', NULL, 0);
INSERT INTO `city_info` VALUES (5103, '', 51, '2023-06-25 13:48:30', NULL, 0);
INSERT INTO `city_info` VALUES (5104, '', 51, '2023-06-25 13:48:30', NULL, 0);
INSERT INTO `city_info` VALUES (5105, '', 51, '2023-06-25 13:48:30', NULL, 0);
INSERT INTO `city_info` VALUES (5106, '', 51, '2023-06-25 13:48:30', NULL, 0);
INSERT INTO `city_info` VALUES (5107, '', 51, '2023-06-25 13:48:30', NULL, 0);
INSERT INTO `city_info` VALUES (5108, '', 51, '2023-06-25 13:48:30', NULL, 0);
INSERT INTO `city_info` VALUES (5109, '', 51, '2023-06-25 13:48:30', NULL, 0);
INSERT INTO `city_info` VALUES (5110, '', 51, '2023-06-25 13:48:30', NULL, 0);
INSERT INTO `city_info` VALUES (5111, '', 51, '2023-06-25 13:48:30', NULL, 0);
INSERT INTO `city_info` VALUES (5113, '', 51, '2023-06-25 13:48:30', NULL, 0);
INSERT INTO `city_info` VALUES (5114, '', 51, '2023-06-25 13:48:30', NULL, 0);
INSERT INTO `city_info` VALUES (5115, '', 51, '2023-06-25 13:48:30', NULL, 0);
INSERT INTO `city_info` VALUES (5116, '', 51, '2023-06-25 13:48:30', NULL, 0);
INSERT INTO `city_info` VALUES (5117, '', 51, '2023-06-25 13:48:30', NULL, 0);
INSERT INTO `city_info` VALUES (5118, '', 51, '2023-06-25 13:48:30', NULL, 0);
INSERT INTO `city_info` VALUES (5119, '', 51, '2023-06-25 13:48:30', NULL, 0);
INSERT INTO `city_info` VALUES (5120, '', 51, '2023-06-25 13:48:30', NULL, 0);
INSERT INTO `city_info` VALUES (5132, '', 51, '2023-06-25 13:48:30', NULL, 0);
INSERT INTO `city_info` VALUES (5133, '', 51, '2023-06-25 13:48:30', NULL, 0);
INSERT INTO `city_info` VALUES (5134, '', 51, '2023-06-25 13:48:30', NULL, 0);
INSERT INTO `city_info` VALUES (5201, '', 52, '2023-06-25 13:48:30', NULL, 0);
INSERT INTO `city_info` VALUES (5202, '', 52, '2023-06-25 13:48:30', NULL, 0);
INSERT INTO `city_info` VALUES (5203, '', 52, '2023-06-25 13:48:30', NULL, 0);
INSERT INTO `city_info` VALUES (5204, '', 52, '2023-06-25 13:48:30', NULL, 0);
INSERT INTO `city_info` VALUES (5205, '', 52, '2023-06-25 13:48:30', NULL, 0);
INSERT INTO `city_info` VALUES (5206, '', 52, '2023-06-25 13:48:30', NULL, 0);
INSERT INTO `city_info` VALUES (5223, '', 52, '2023-06-25 13:48:30', NULL, 0);
INSERT INTO `city_info` VALUES (5226, '', 52, '2023-06-25 13:48:30', NULL, 0);
INSERT INTO `city_info` VALUES (5227, '', 52, '2023-06-25 13:48:30', NULL, 0);
INSERT INTO `city_info` VALUES (5301, '', 53, '2023-06-25 13:48:30', NULL, 0);
INSERT INTO `city_info` VALUES (5303, '', 53, '2023-06-25 13:48:30', NULL, 0);
INSERT INTO `city_info` VALUES (5304, '', 53, '2023-06-25 13:48:30', NULL, 0);
INSERT INTO `city_info` VALUES (5305, '', 53, '2023-06-25 13:48:30', NULL, 0);
INSERT INTO `city_info` VALUES (5306, '', 53, '2023-06-25 13:48:30', NULL, 0);
INSERT INTO `city_info` VALUES (5307, '', 53, '2023-06-25 13:48:30', NULL, 0);
INSERT INTO `city_info` VALUES (5308, '', 53, '2023-06-25 13:48:30', NULL, 0);
INSERT INTO `city_info` VALUES (5309, '', 53, '2023-06-25 13:48:30', NULL, 0);
INSERT INTO `city_info` VALUES (5323, '', 53, '2023-06-25 13:48:30', NULL, 0);
INSERT INTO `city_info` VALUES (5325, '', 53, '2023-06-25 13:48:30', NULL, 0);
INSERT INTO `city_info` VALUES (5326, '', 53, '2023-06-25 13:48:30', NULL, 0);
INSERT INTO `city_info` VALUES (5328, '', 53, '2023-06-25 13:48:30', NULL, 0);
INSERT INTO `city_info` VALUES (5329, '', 53, '2023-06-25 13:48:30', NULL, 0);
INSERT INTO `city_info` VALUES (5331, '', 53, '2023-06-25 13:48:30', NULL, 0);
INSERT INTO `city_info` VALUES (5333, '', 53, '2023-06-25 13:48:30', NULL, 0);
INSERT INTO `city_info` VALUES (5334, '', 53, '2023-06-25 13:48:30', NULL, 0);
INSERT INTO `city_info` VALUES (5401, '', 54, '2023-06-25 13:48:30', NULL, 0);
INSERT INTO `city_info` VALUES (5402, '', 54, '2023-06-25 13:48:30', NULL, 0);
INSERT INTO `city_info` VALUES (5403, '', 54, '2023-06-25 13:48:30', NULL, 0);
INSERT INTO `city_info` VALUES (5404, '', 54, '2023-06-25 13:48:30', NULL, 0);
INSERT INTO `city_info` VALUES (5405, '', 54, '2023-06-25 13:48:30', NULL, 0);
INSERT INTO `city_info` VALUES (5406, '', 54, '2023-06-25 13:48:30', NULL, 0);
INSERT INTO `city_info` VALUES (5425, '', 54, '2023-06-25 13:48:30', NULL, 0);
INSERT INTO `city_info` VALUES (6101, '', 61, '2023-06-25 13:48:30', NULL, 0);
INSERT INTO `city_info` VALUES (6102, '', 61, '2023-06-25 13:48:30', NULL, 0);
INSERT INTO `city_info` VALUES (6103, '', 61, '2023-06-25 13:48:30', NULL, 0);
INSERT INTO `city_info` VALUES (6104, '', 61, '2023-06-25 13:48:30', NULL, 0);
INSERT INTO `city_info` VALUES (6105, '', 61, '2023-06-25 13:48:30', NULL, 0);
INSERT INTO `city_info` VALUES (6106, '', 61, '2023-06-25 13:48:30', NULL, 0);
INSERT INTO `city_info` VALUES (6107, '', 61, '2023-06-25 13:48:30', NULL, 0);
INSERT INTO `city_info` VALUES (6108, '', 61, '2023-06-25 13:48:30', NULL, 0);
INSERT INTO `city_info` VALUES (6109, '', 61, '2023-06-25 13:48:30', NULL, 0);
INSERT INTO `city_info` VALUES (6110, '', 61, '2023-06-25 13:48:30', NULL, 0);
INSERT INTO `city_info` VALUES (6201, '', 62, '2023-06-25 13:48:30', NULL, 0);
INSERT INTO `city_info` VALUES (6202, '', 62, '2023-06-25 13:48:30', NULL, 0);
INSERT INTO `city_info` VALUES (6203, '', 62, '2023-06-25 13:48:30', NULL, 0);
INSERT INTO `city_info` VALUES (6204, '', 62, '2023-06-25 13:48:30', NULL, 0);
INSERT INTO `city_info` VALUES (6205, '', 62, '2023-06-25 13:48:30', NULL, 0);
INSERT INTO `city_info` VALUES (6206, '', 62, '2023-06-25 13:48:30', NULL, 0);
INSERT INTO `city_info` VALUES (6207, '', 62, '2023-06-25 13:48:30', NULL, 0);
INSERT INTO `city_info` VALUES (6208, '', 62, '2023-06-25 13:48:30', NULL, 0);
INSERT INTO `city_info` VALUES (6209, '', 62, '2023-06-25 13:48:30', NULL, 0);
INSERT INTO `city_info` VALUES (6210, '', 62, '2023-06-25 13:48:30', NULL, 0);
INSERT INTO `city_info` VALUES (6211, '', 62, '2023-06-25 13:48:30', NULL, 0);
INSERT INTO `city_info` VALUES (6212, '', 62, '2023-06-25 13:48:30', NULL, 0);
INSERT INTO `city_info` VALUES (6229, '', 62, '2023-06-25 13:48:30', NULL, 0);
INSERT INTO `city_info` VALUES (6230, '', 62, '2023-06-25 13:48:30', NULL, 0);
INSERT INTO `city_info` VALUES (6301, '', 63, '2023-06-25 13:48:30', NULL, 0);
INSERT INTO `city_info` VALUES (6302, '', 63, '2023-06-25 13:48:30', NULL, 0);
INSERT INTO `city_info` VALUES (6322, '', 63, '2023-06-25 13:48:30', NULL, 0);
INSERT INTO `city_info` VALUES (6323, '', 63, '2023-06-25 13:48:30', NULL, 0);
INSERT INTO `city_info` VALUES (6325, '', 63, '2023-06-25 13:48:30', NULL, 0);
INSERT INTO `city_info` VALUES (6326, '', 63, '2023-06-25 13:48:30', NULL, 0);
INSERT INTO `city_info` VALUES (6327, '', 63, '2023-06-25 13:48:30', NULL, 0);
INSERT INTO `city_info` VALUES (6328, '', 63, '2023-06-25 13:48:30', NULL, 0);
INSERT INTO `city_info` VALUES (6401, '', 64, '2023-06-25 13:48:30', NULL, 0);
INSERT INTO `city_info` VALUES (6402, '', 64, '2023-06-25 13:48:30', NULL, 0);
INSERT INTO `city_info` VALUES (6403, '', 64, '2023-06-25 13:48:30', NULL, 0);
INSERT INTO `city_info` VALUES (6404, '', 64, '2023-06-25 13:48:30', NULL, 0);
INSERT INTO `city_info` VALUES (6405, '', 64, '2023-06-25 13:48:30', NULL, 0);
INSERT INTO `city_info` VALUES (6501, '', 65, '2023-06-25 13:48:30', NULL, 0);
INSERT INTO `city_info` VALUES (6502, '', 65, '2023-06-25 13:48:30', NULL, 0);
INSERT INTO `city_info` VALUES (6504, '', 65, '2023-06-25 13:48:30', NULL, 0);
INSERT INTO `city_info` VALUES (6505, '', 65, '2023-06-25 13:48:30', NULL, 0);
INSERT INTO `city_info` VALUES (6523, '', 65, '2023-06-25 13:48:30', NULL, 0);
INSERT INTO `city_info` VALUES (6527, '', 65, '2023-06-25 13:48:30', NULL, 0);
INSERT INTO `city_info` VALUES (6528, '', 65, '2023-06-25 13:48:30', NULL, 0);
INSERT INTO `city_info` VALUES (6529, '', 65, '2023-06-25 13:48:30', NULL, 0);
INSERT INTO `city_info` VALUES (6530, '', 65, '2023-06-25 13:48:30', NULL, 0);
INSERT INTO `city_info` VALUES (6531, '', 65, '2023-06-25 13:48:30', NULL, 0);
INSERT INTO `city_info` VALUES (6532, '', 65, '2023-06-25 13:48:30', NULL, 0);
INSERT INTO `city_info` VALUES (6540, '', 65, '2023-06-25 13:48:30', NULL, 0);
INSERT INTO `city_info` VALUES (6542, '', 65, '2023-06-25 13:48:30', NULL, 0);
INSERT INTO `city_info` VALUES (6543, '', 65, '2023-06-25 13:48:30', NULL, 0);
INSERT INTO `city_info` VALUES (6590, '', 65, '2023-06-25 13:48:30', NULL, 0);

-- ----------------------------
-- Table structure for district_info
-- ----------------------------
DROP TABLE IF EXISTS `district_info`;
CREATE TABLE `district_info`  (
  `id` int NOT NULL AUTO_INCREMENT COMMENT 'District ID',
  `name` varchar(255) CHARACTER SET utf8mb4 COLLATE utf8mb4_general_ci NULL DEFAULT NULL COMMENT 'District Name',
  `city_id` int NULL DEFAULT NULL COMMENT 'City ID',
  `create_time` timestamp NULL DEFAULT NULL COMMENT 'Creation Time',
  `update_time` timestamp NULL DEFAULT NULL COMMENT 'Update Time',
  `is_deleted` tinyint NULL DEFAULT 0 COMMENT 'Is Deleted',
  PRIMARY KEY (`id`) USING BTREE
) ENGINE = InnoDB AUTO_INCREMENT = 659012 CHARACTER SET = utf8mb4 COLLATE = utf8mb4_general_ci ROW_FORMAT = DYNAMIC;

-- ----------------------------
-- Records of district_info
-- ----------------------------
INSERT INTO `district_info` VALUES (110101, '', 1101, '2023-06-25 13:48:34', NULL, 0);
INSERT INTO `district_info` VALUES (110102, '', 1101, '2023-06-25 13:48:34', NULL, 0);
INSERT INTO `district_info` VALUES (110105, '', 1101, '2023-06-25 13:48:34', NULL, 0);
INSERT INTO `district_info` VALUES (110106, '', 1101, '2023-06-25 13:48:34', NULL, 0);
INSERT INTO `district_info` VALUES (110107, '', 1101, '2023-06-25 13:48:34', NULL, 0);
INSERT INTO `district_info` VALUES (110108, '', 1101, '2023-06-25 13:48:34', NULL, 0);
INSERT INTO `district_info` VALUES (110109, '', 1101, '2023-06-25 13:48:34', NULL, 0);
INSERT INTO `district_info` VALUES (110111, '', 1101, '2023-06-25 13:48:34', NULL, 0);
INSERT INTO `district_info` VALUES (110112, '', 1101, '2023-06-25 13:48:34', NULL, 0);
INSERT INTO `district_info` VALUES (110113, '', 1101, '2023-06-25 13:48:34', NULL, 0);
INSERT INTO `district_info` VALUES (110114, '', 1101, '2023-06-25 13:48:34', NULL, 0);
INSERT INTO `district_info` VALUES (110115, '', 1101, '2023-06-25 13:48:34', NULL, 0);
INSERT INTO `district_info` VALUES (110116, '', 1101, '2023-06-25 13:48:34', NULL, 0);
INSERT INTO `district_info` VALUES (110117, '', 1101, '2023-06-25 13:48:34', NULL, 0);
INSERT INTO `district_info` VALUES (110118, '', 1101, '2023-06-25 13:48:34', NULL, 0);
INSERT INTO `district_info` VALUES (110119, '', 1101, '2023-06-25 13:48:34', NULL, 0);
INSERT INTO `district_info` VALUES (120101, '', 1201, '2023-06-25 13:48:34', NULL, 0);
INSERT INTO `district_info` VALUES (120102, '', 1201, '2023-06-25 13:48:34', NULL, 0);
INSERT INTO `district_info` VALUES (120103, '', 1201, '2023-06-25 13:48:34', NULL, 0);
INSERT INTO `district_info` VALUES (120104, '', 1201, '2023-06-25 13:48:34', NULL, 0);
INSERT INTO `district_info` VALUES (120105, '', 1201, '2023-06-25 13:48:34', NULL, 0);
INSERT INTO `district_info` VALUES (120106, '', 1201, '2023-06-25 13:48:34', NULL, 0);
INSERT INTO `district_info` VALUES (120110, '', 1201, '2023-06-25 13:48:34', NULL, 0);
INSERT INTO `district_info` VALUES (120111, '', 1201, '2023-06-25 13:48:34', NULL, 0);
INSERT INTO `district_info` VALUES (120112, '', 1201, '2023-06-25 13:48:34', NULL, 0);
INSERT INTO `district_info` VALUES (120113, '', 1201, '2023-06-25 13:48:34', NULL, 0);
INSERT INTO `district_info` VALUES (120114, '', 1201, '2023-06-25 13:48:34', NULL, 0);
INSERT INTO `district_info` VALUES (120115, '', 1201, '2023-06-25 13:48:34', NULL, 0);
INSERT INTO `district_info` VALUES (120116, '', 1201, '2023-06-25 13:48:34', NULL, 0);
INSERT INTO `district_info` VALUES (120117, '', 1201, '2023-06-25 13:48:34', NULL, 0);
INSERT INTO `district_info` VALUES (120118, '', 1201, '2023-06-25 13:48:34', NULL, 0);
INSERT INTO `district_info` VALUES (120119, '', 1201, '2023-06-25 13:48:34', NULL, 0);
INSERT INTO `district_info` VALUES (130102, '', 1301, '2023-06-25 13:48:34', NULL, 0);
INSERT INTO `district_info` VALUES (130104, '', 1301, '2023-06-25 13:48:34', NULL, 0);
INSERT INTO `district_info` VALUES (130105, '', 1301, '2023-06-25 13:48:34', NULL, 0);
INSERT INTO `district_info` VALUES (130107, '', 1301, '2023-06-25 13:48:34', NULL, 0);
INSERT INTO `district_info` VALUES (130108, '', 1301, '2023-06-25 13:48:34', NULL, 0);
INSERT INTO `district_info` VALUES (130109, '', 1301, '2023-06-25 13:48:34', NULL, 0);
INSERT INTO `district_info` VALUES (130110, '', 1301, '2023-06-25 13:48:34', NULL, 0);
INSERT INTO `district_info` VALUES (130111, '', 1301, '2023-06-25 13:48:34', NULL, 0);
INSERT INTO `district_info` VALUES (130121, '', 1301, '2023-06-25 13:48:34', NULL, 0);
INSERT INTO `district_info` VALUES (130123, '', 1301, '2023-06-25 13:48:34', NULL, 0);
INSERT INTO `district_info` VALUES (130125, '', 1301, '2023-06-25 13:48:34', NULL, 0);
INSERT INTO `district_info` VALUES (130126, '', 1301, '2023-06-25 13:48:34', NULL, 0);
INSERT INTO `district_info` VALUES (130127, '', 1301, '2023-06-25 13:48:34', NULL, 0);
INSERT INTO `district_info` VALUES (130128, '', 1301, '2023-06-25 13:48:34', NULL, 0);
INSERT INTO `district_info` VALUES (130129, '', 1301, '2023-06-25 13:48:34', NULL, 0);
INSERT INTO `district_info` VALUES (130130, '', 1301, '2023-06-25 13:48:34', NULL, 0);
INSERT INTO `district_info` VALUES (130131, '', 1301, '2023-06-25 13:48:34', NULL, 0);
INSERT INTO `district_info` VALUES (130132, '', 1301, '2023-06-25 13:48:34', NULL, 0);
INSERT INTO `district_info` VALUES (130133, '', 1301, '2023-06-25 13:48:34', NULL, 0);
INSERT INTO `district_info` VALUES (130171, '', 1301, '2023-06-25 13:48:34', NULL, 0);
INSERT INTO `district_info` VALUES (130172, '', 1301, '2023-06-25 13:48:34', NULL, 0);
INSERT INTO `district_info` VALUES (130181, '', 1301, '2023-06-25 13:48:34', NULL, 0);
INSERT INTO `district_info` VALUES (130183, '', 1301, '2023-06-25 13:48:34', NULL, 0);
INSERT INTO `district_info` VALUES (130184, '', 1301, '2023-06-25 13:48:34', NULL, 0);
INSERT INTO `district_info` VALUES (130202, '', 1302, '2023-06-25 13:48:34', NULL, 0);
INSERT INTO `district_info` VALUES (130203, '', 1302, '2023-06-25 13:48:34', NULL, 0);
INSERT INTO `district_info` VALUES (130204, '', 1302, '2023-06-25 13:48:34', NULL, 0);
INSERT INTO `district_info` VALUES (130205, '', 1302, '2023-06-25 13:48:34', NULL, 0);
INSERT INTO `district_info` VALUES (130207, '', 1302, '2023-06-25 13:48:34', NULL, 0);
INSERT INTO `district_info` VALUES (130208, '', 1302, '2023-06-25 13:48:34', NULL, 0);
INSERT INTO `district_info` VALUES (130209, '', 1302, '2023-06-25 13:48:34', NULL, 0);
INSERT INTO `district_info` VALUES (130224, '', 1302, '2023-06-25 13:48:34', NULL, 0);
INSERT INTO `district_info` VALUES (130225, '', 1302, '2023-06-25 13:48:34', NULL, 0);
INSERT INTO `district_info` VALUES (130227, '', 1302, '2023-06-25 13:48:34', NULL, 0);
INSERT INTO `district_info` VALUES (130229, '', 1302, '2023-06-25 13:48:34', NULL, 0);
INSERT INTO `district_info` VALUES (130271, '', 1302, '2023-06-25 13:48:34', NULL, 0);
INSERT INTO `district_info` VALUES (130272, '', 1302, '2023-06-25 13:48:34', NULL, 0);
INSERT INTO `district_info` VALUES (130273, '', 1302, '2023-06-25 13:48:34', NULL, 0);
INSERT INTO `district_info` VALUES (130274, '', 1302, '2023-06-25 13:48:34', NULL, 0);
INSERT INTO `district_info` VALUES (130281, '', 1302, '2023-06-25 13:48:34', NULL, 0);
INSERT INTO `district_info` VALUES (130283, '', 1302, '2023-06-25 13:48:34', NULL, 0);
INSERT INTO `district_info` VALUES (130284, '', 1302, '2023-06-25 13:48:34', NULL, 0);
INSERT INTO `district_info` VALUES (130302, '', 1303, '2023-06-25 13:48:34', NULL, 0);
INSERT INTO `district_info` VALUES (130303, '', 1303, '2023-06-25 13:48:34', NULL, 0);
INSERT INTO `district_info` VALUES (130304, '', 1303, '2023-06-25 13:48:34', NULL, 0);
INSERT INTO `district_info` VALUES (130306, '', 1303, '2023-06-25 13:48:34', NULL, 0);
INSERT INTO `district_info` VALUES (130321, '', 1303, '2023-06-25 13:48:34', NULL, 0);
INSERT INTO `district_info` VALUES (130322, '', 1303, '2023-06-25 13:48:34', NULL, 0);
INSERT INTO `district_info` VALUES (130324, '', 1303, '2023-06-25 13:48:34', NULL, 0);
INSERT INTO `district_info` VALUES (130371, '', 1303, '2023-06-25 13:48:34', NULL, 0);
INSERT INTO `district_info` VALUES (130372, '', 1303, '2023-06-25 13:48:34', NULL, 0);
INSERT INTO `district_info` VALUES (130402, '', 1304, '2023-06-25 13:48:34', NULL, 0);
INSERT INTO `district_info` VALUES (130403, '', 1304, '2023-06-25 13:48:34', NULL, 0);
INSERT INTO `district_info` VALUES (130404, '', 1304, '2023-06-25 13:48:34', NULL, 0);
INSERT INTO `district_info` VALUES (130406, '', 1304, '2023-06-25 13:48:34', NULL, 0);
INSERT INTO `district_info` VALUES (130407, '', 1304, '2023-06-25 13:48:34', NULL, 0);
INSERT INTO `district_info` VALUES (130408, '', 1304, '2023-06-25 13:48:34', NULL, 0);
INSERT INTO `district_info` VALUES (130423, '', 1304, '2023-06-25 13:48:34', NULL, 0);
INSERT INTO `district_info` VALUES (130424, '', 1304, '2023-06-25 13:48:34', NULL, 0);
INSERT INTO `district_info` VALUES (130425, '', 1304, '2023-06-25 13:48:34', NULL, 0);
INSERT INTO `district_info` VALUES (130426, '', 1304, '2023-06-25 13:48:34', NULL, 0);
INSERT INTO `district_info` VALUES (130427, '', 1304, '2023-06-25 13:48:34', NULL, 0);
INSERT INTO `district_info` VALUES (130430, '', 1304, '2023-06-25 13:48:34', NULL, 0);
INSERT INTO `district_info` VALUES (130431, '', 1304, '2023-06-25 13:48:34', NULL, 0);
INSERT INTO `district_info` VALUES (130432, '', 1304, '2023-06-25 13:48:34', NULL, 0);
INSERT INTO `district_info` VALUES (130433, '', 1304, '2023-06-25 13:48:34', NULL, 0);
INSERT INTO `district_info` VALUES (130434, '', 1304, '2023-06-25 13:48:34', NULL, 0);
INSERT INTO `district_info` VALUES (130435, '', 1304, '2023-06-25 13:48:34', NULL, 0);
INSERT INTO `district_info` VALUES (130471, '', 1304, '2023-06-25 13:48:34', NULL, 0);
INSERT INTO `district_info` VALUES (130473, '', 1304, '2023-06-25 13:48:34', NULL, 0);
INSERT INTO `district_info` VALUES (130481, '', 1304, '2023-06-25 13:48:34', NULL, 0);
INSERT INTO `district_info` VALUES (130502, '', 1305, '2023-06-25 13:48:34', NULL, 0);
INSERT INTO `district_info` VALUES (130503, '', 1305, '2023-06-25 13:48:34', NULL, 0);
INSERT INTO `district_info` VALUES (130505, '', 1305, '2023-06-25 13:48:34', NULL, 0);
INSERT INTO `district_info` VALUES (130506, '', 1305, '2023-06-25 13:48:34', NULL, 0);
INSERT INTO `district_info` VALUES (130522, '', 1305, '2023-06-25 13:48:34', NULL, 0);
INSERT INTO `district_info` VALUES (130523, '', 1305, '2023-06-25 13:48:34', NULL, 0);
INSERT INTO `district_info` VALUES (130524, '', 1305, '2023-06-25 13:48:34', NULL, 0);
INSERT INTO `district_info` VALUES (130525, '', 1305, '2023-06-25 13:48:34', NULL, 0);
INSERT INTO `district_info` VALUES (130528, '', 1305, '2023-06-25 13:48:34', NULL, 0);
INSERT INTO `district_info` VALUES (130529, '', 1305, '2023-06-25 13:48:34', NULL, 0);
INSERT INTO `district_info` VALUES (130530, '', 1305, '2023-06-25 13:48:34', NULL, 0);
INSERT INTO `district_info` VALUES (130531, '', 1305, '2023-06-25 13:48:34', NULL, 0);
INSERT INTO `district_info` VALUES (130532, '', 1305, '2023-06-25 13:48:34', NULL, 0);
INSERT INTO `district_info` VALUES (130533, '', 1305, '2023-06-25 13:48:34', NULL, 0);
INSERT INTO `district_info` VALUES (130534, '', 1305, '2023-06-25 13:48:34', NULL, 0);
INSERT INTO `district_info` VALUES (130535, '', 1305, '2023-06-25 13:48:34', NULL, 0);
INSERT INTO `district_info` VALUES (130571, '', 1305, '2023-06-25 13:48:34', NULL, 0);
INSERT INTO `district_info` VALUES (130581, '', 1305, '2023-06-25 13:48:34', NULL, 0);
INSERT INTO `district_info` VALUES (130582, '', 1305, '2023-06-25 13:48:34', NULL, 0);
INSERT INTO `district_info` VALUES (130602, '', 1306, '2023-06-25 13:48:34', NULL, 0);
INSERT INTO `district_info` VALUES (130606, '', 1306, '2023-06-25 13:48:34', NULL, 0);
INSERT INTO `district_info` VALUES (130607, '', 1306, '2023-06-25 13:48:34', NULL, 0);
INSERT INTO `district_info` VALUES (130608, '', 1306, '2023-06-25 13:48:34', NULL, 0);
INSERT INTO `district_info` VALUES (130609, '', 1306, '2023-06-25 13:48:34', NULL, 0);
INSERT INTO `district_info` VALUES (130623, '', 1306, '2023-06-25 13:48:34', NULL, 0);
INSERT INTO `district_info` VALUES (130624, '', 1306, '2023-06-25 13:48:34', NULL, 0);
INSERT INTO `district_info` VALUES (130626, '', 1306, '2023-06-25 13:48:34', NULL, 0);
INSERT INTO `district_info` VALUES (130627, '', 1306, '2023-06-25 13:48:34', NULL, 0);
INSERT INTO `district_info` VALUES (130628, '', 1306, '2023-06-25 13:48:34', NULL, 0);
INSERT INTO `district_info` VALUES (130629, '', 1306, '2023-06-25 13:48:34', NULL, 0);
INSERT INTO `district_info` VALUES (130630, '', 1306, '2023-06-25 13:48:34', NULL, 0);
INSERT INTO `district_info` VALUES (130631, '', 1306, '2023-06-25 13:48:34', NULL, 0);
INSERT INTO `district_info` VALUES (130632, '', 1306, '2023-06-25 13:48:34', NULL, 0);
INSERT INTO `district_info` VALUES (130633, '', 1306, '2023-06-25 13:48:34', NULL, 0);
INSERT INTO `district_info` VALUES (130634, '', 1306, '2023-06-25 13:48:34', NULL, 0);
INSERT INTO `district_info` VALUES (130635, '', 1306, '2023-06-25 13:48:34', NULL, 0);
INSERT INTO `district_info` VALUES (130636, '', 1306, '2023-06-25 13:48:34', NULL, 0);
INSERT INTO `district_info` VALUES (130637, '', 1306, '2023-06-25 13:48:34', NULL, 0);
INSERT INTO `district_info` VALUES (130638, '', 1306, '2023-06-25 13:48:34', NULL, 0);
INSERT INTO `district_info` VALUES (130671, '', 1306, '2023-06-25 13:48:34', NULL, 0);
INSERT INTO `district_info` VALUES (130672, '', 1306, '2023-06-25 13:48:34', NULL, 0);
INSERT INTO `district_info` VALUES (130681, '', 1306, '2023-06-25 13:48:34', NULL, 0);
INSERT INTO `district_info` VALUES (130682, '', 1306, '2023-06-25 13:48:34', NULL, 0);
INSERT INTO `district_info` VALUES (130683, '', 1306, '2023-06-25 13:48:34', NULL, 0);
INSERT INTO `district_info` VALUES (130684, '', 1306, '2023-06-25 13:48:34', NULL, 0);
INSERT INTO `district_info` VALUES (130702, '', 1307, '2023-06-25 13:48:34', NULL, 0);
INSERT INTO `district_info` VALUES (130703, '', 1307, '2023-06-25 13:48:34', NULL, 0);
INSERT INTO `district_info` VALUES (130705, '', 1307, '2023-06-25 13:48:34', NULL, 0);
INSERT INTO `district_info` VALUES (130706, '', 1307, '2023-06-25 13:48:34', NULL, 0);
INSERT INTO `district_info` VALUES (130708, '', 1307, '2023-06-25 13:48:34', NULL, 0);
INSERT INTO `district_info` VALUES (130709, '', 1307, '2023-06-25 13:48:34', NULL, 0);
INSERT INTO `district_info` VALUES (130722, '', 1307, '2023-06-25 13:48:34', NULL, 0);
INSERT INTO `district_info` VALUES (130723, '', 1307, '2023-06-25 13:48:34', NULL, 0);
INSERT INTO `district_info` VALUES (130724, '', 1307, '2023-06-25 13:48:34', NULL, 0);
INSERT INTO `district_info` VALUES (130725, '', 1307, '2023-06-25 13:48:34', NULL, 0);
INSERT INTO `district_info` VALUES (130726, '', 1307, '2023-06-25 13:48:34', NULL, 0);
INSERT INTO `district_info` VALUES (130727, '', 1307, '2023-06-25 13:48:34', NULL, 0);
INSERT INTO `district_info` VALUES (130728, '', 1307, '2023-06-25 13:48:34', NULL, 0);
INSERT INTO `district_info` VALUES (130730, '', 1307, '2023-06-25 13:48:34', NULL, 0);
INSERT INTO `district_info` VALUES (130731, '', 1307, '2023-06-25 13:48:34', NULL, 0);
INSERT INTO `district_info` VALUES (130732, '', 1307, '2023-06-25 13:48:34', NULL, 0);
INSERT INTO `district_info` VALUES (130771, '', 1307, '2023-06-25 13:48:34', NULL, 0);
INSERT INTO `district_info` VALUES (130772, '', 1307, '2023-06-25 13:48:34', NULL, 0);
INSERT INTO `district_info` VALUES (130773, '', 1307, '2023-06-25 13:48:34', NULL, 0);
INSERT INTO `district_info` VALUES (130802, '', 1308, '2023-06-25 13:48:34', NULL, 0);
INSERT INTO `district_info` VALUES (130803, '', 1308, '2023-06-25 13:48:34', NULL, 0);
INSERT INTO `district_info` VALUES (130804, '', 1308, '2023-06-25 13:48:34', NULL, 0);
INSERT INTO `district_info` VALUES (130821, '', 1308, '2023-06-25 13:48:34', NULL, 0);
INSERT INTO `district_info` VALUES (130822, '', 1308, '2023-06-25 13:48:34', NULL, 0);
INSERT INTO `district_info` VALUES (130824, '', 1308, '2023-06-25 13:48:34', NULL, 0);
INSERT INTO `district_info` VALUES (130825, '', 1308, '2023-06-25 13:48:34', NULL, 0);
INSERT INTO `district_info` VALUES (130826, '', 1308, '2023-06-25 13:48:34', NULL, 0);
INSERT INTO `district_info` VALUES (130827, '', 1308, '2023-06-25 13:48:34', NULL, 0);
INSERT INTO `district_info` VALUES (130828, '', 1308, '2023-06-25 13:48:34', NULL, 0);
INSERT INTO `district_info` VALUES (130871, '', 1308, '2023-06-25 13:48:34', NULL, 0);
INSERT INTO `district_info` VALUES (130881, '', 1308, '2023-06-25 13:48:34', NULL, 0);
INSERT INTO `district_info` VALUES (130902, '', 1309, '2023-06-25 13:48:34', NULL, 0);
INSERT INTO `district_info` VALUES (130903, '', 1309, '2023-06-25 13:48:34', NULL, 0);
INSERT INTO `district_info` VALUES (130921, '', 1309, '2023-06-25 13:48:34', NULL, 0);
INSERT INTO `district_info` VALUES (130922, '', 1309, '2023-06-25 13:48:34', NULL, 0);
INSERT INTO `district_info` VALUES (130923, '', 1309, '2023-06-25 13:48:34', NULL, 0);
INSERT INTO `district_info` VALUES (130924, '', 1309, '2023-06-25 13:48:34', NULL, 0);
INSERT INTO `district_info` VALUES (130925, '', 1309, '2023-06-25 13:48:34', NULL, 0);
INSERT INTO `district_info` VALUES (130926, '', 1309, '2023-06-25 13:48:34', NULL, 0);
INSERT INTO `district_info` VALUES (130927, '', 1309, '2023-06-25 13:48:34', NULL, 0);
INSERT INTO `district_info` VALUES (130928, '', 1309, '2023-06-25 13:48:34', NULL, 0);
INSERT INTO `district_info` VALUES (130929, '', 1309, '2023-06-25 13:48:34', NULL, 0);
INSERT INTO `district_info` VALUES (130930, '', 1309, '2023-06-25 13:48:34', NULL, 0);
INSERT INTO `district_info` VALUES (130971, '', 1309, '2023-06-25 13:48:34', NULL, 0);
INSERT INTO `district_info` VALUES (130972, '', 1309, '2023-06-25 13:48:34', NULL, 0);
INSERT INTO `district_info` VALUES (130973, '', 1309, '2023-06-25 13:48:34', NULL, 0);
INSERT INTO `district_info` VALUES (130981, '', 1309, '2023-06-25 13:48:34', NULL, 0);
INSERT INTO `district_info` VALUES (130982, '', 1309, '2023-06-25 13:48:34', NULL, 0);
INSERT INTO `district_info` VALUES (130983, '', 1309, '2023-06-25 13:48:34', NULL, 0);
INSERT INTO `district_info` VALUES (130984, '', 1309, '2023-06-25 13:48:34', NULL, 0);
INSERT INTO `district_info` VALUES (131002, '', 1310, '2023-06-25 13:48:34', NULL, 0);
INSERT INTO `district_info` VALUES (131003, '', 1310, '2023-06-25 13:48:34', NULL, 0);
INSERT INTO `district_info` VALUES (131022, '', 1310, '2023-06-25 13:48:34', NULL, 0);
INSERT INTO `district_info` VALUES (131023, '', 1310, '2023-06-25 13:48:34', NULL, 0);
INSERT INTO `district_info` VALUES (131024, '', 1310, '2023-06-25 13:48:34', NULL, 0);
INSERT INTO `district_info` VALUES (131025, '', 1310, '2023-06-25 13:48:34', NULL, 0);
INSERT INTO `district_info` VALUES (131026, '', 1310, '2023-06-25 13:48:34', NULL, 0);
INSERT INTO `district_info` VALUES (131028, '', 1310, '2023-06-25 13:48:34', NULL, 0);
INSERT INTO `district_info` VALUES (131071, '', 1310, '2023-06-25 13:48:34', NULL, 0);
INSERT INTO `district_info` VALUES (131081, '', 1310, '2023-06-25 13:48:34', NULL, 0);
INSERT INTO `district_info` VALUES (131082, '', 1310, '2023-06-25 13:48:34', NULL, 0);
INSERT INTO `district_info` VALUES (131102, '', 1311, '2023-06-25 13:48:34', NULL, 0);
INSERT INTO `district_info` VALUES (131103, '', 1311, '2023-06-25 13:48:34', NULL, 0);
INSERT INTO `district_info` VALUES (131121, '', 1311, '2023-06-25 13:48:34', NULL, 0);
INSERT INTO `district_info` VALUES (131122, '', 1311, '2023-06-25 13:48:34', NULL, 0);
INSERT INTO `district_info` VALUES (131123, '', 1311, '2023-06-25 13:48:34', NULL, 0);
INSERT INTO `district_info` VALUES (131124, '', 1311, '2023-06-25 13:48:34', NULL, 0);
INSERT INTO `district_info` VALUES (131125, '', 1311, '2023-06-25 13:48:34', NULL, 0);
INSERT INTO `district_info` VALUES (131126, '', 1311, '2023-06-25 13:48:34', NULL, 0);
INSERT INTO `district_info` VALUES (131127, '', 1311, '2023-06-25 13:48:34', NULL, 0);
INSERT INTO `district_info` VALUES (131128, '', 1311, '2023-06-25 13:48:34', NULL, 0);
INSERT INTO `district_info` VALUES (131171, '', 1311, '2023-06-25 13:48:34', NULL, 0);
INSERT INTO `district_info` VALUES (131172, '', 1311, '2023-06-25 13:48:34', NULL, 0);
INSERT INTO `district_info` VALUES (131182, '', 1311, '2023-06-25 13:48:34', NULL, 0);
INSERT INTO `district_info` VALUES (140105, '', 1401, '2023-06-25 13:48:34', NULL, 0);
INSERT INTO `district_info` VALUES (140106, '', 1401, '2023-06-25 13:48:34', NULL, 0);
INSERT INTO `district_info` VALUES (140107, '', 1401, '2023-06-25 13:48:34', NULL, 0);
INSERT INTO `district_info` VALUES (140108, '', 1401, '2023-06-25 13:48:34', NULL, 0);
INSERT INTO `district_info` VALUES (140109, '', 1401, '2023-06-25 13:48:34', NULL, 0);
INSERT INTO `district_info` VALUES (140110, '', 1401, '2023-06-25 13:48:34', NULL, 0);
INSERT INTO `district_info` VALUES (140121, '', 1401, '2023-06-25 13:48:34', NULL, 0);
INSERT INTO `district_info` VALUES (140122, '', 1401, '2023-06-25 13:48:34', NULL, 0);
INSERT INTO `district_info` VALUES (140123, '', 1401, '2023-06-25 13:48:34', NULL, 0);
INSERT INTO `district_info` VALUES (140171, '', 1401, '2023-06-25 13:48:34', NULL, 0);
INSERT INTO `district_info` VALUES (140181, '', 1401, '2023-06-25 13:48:34', NULL, 0);
INSERT INTO `district_info` VALUES (140212, '', 1402, '2023-06-25 13:48:34', NULL, 0);
INSERT INTO `district_info` VALUES (140213, '', 1402, '2023-06-25 13:48:34', NULL, 0);
INSERT INTO `district_info` VALUES (140214, '', 1402, '2023-06-25 13:48:34', NULL, 0);
INSERT INTO `district_info` VALUES (140215, '', 1402, '2023-06-25 13:48:34', NULL, 0);
INSERT INTO `district_info` VALUES (140221, '', 1402, '2023-06-25 13:48:34', NULL, 0);
INSERT INTO `district_info` VALUES (140222, '', 1402, '2023-06-25 13:48:34', NULL, 0);
INSERT INTO `district_info` VALUES (140223, '', 1402, '2023-06-25 13:48:34', NULL, 0);
INSERT INTO `district_info` VALUES (140224, '', 1402, '2023-06-25 13:48:34', NULL, 0);
INSERT INTO `district_info` VALUES (140225, '', 1402, '2023-06-25 13:48:34', NULL, 0);
INSERT INTO `district_info` VALUES (140226, '', 1402, '2023-06-25 13:48:34', NULL, 0);
INSERT INTO `district_info` VALUES (140271, '', 1402, '2023-06-25 13:48:34', NULL, 0);
INSERT INTO `district_info` VALUES (140302, '', 1403, '2023-06-25 13:48:34', NULL, 0);
INSERT INTO `district_info` VALUES (140303, '', 1403, '2023-06-25 13:48:34', NULL, 0);
INSERT INTO `district_info` VALUES (140311, '', 1403, '2023-06-25 13:48:34', NULL, 0);
INSERT INTO `district_info` VALUES (140321, '', 1403, '2023-06-25 13:48:34', NULL, 0);
INSERT INTO `district_info` VALUES (140322, '', 1403, '2023-06-25 13:48:34', NULL, 0);
INSERT INTO `district_info` VALUES (140403, '', 1404, '2023-06-25 13:48:34', NULL, 0);
INSERT INTO `district_info` VALUES (140404, '', 1404, '2023-06-25 13:48:34', NULL, 0);
INSERT INTO `district_info` VALUES (140405, '', 1404, '2023-06-25 13:48:34', NULL, 0);
INSERT INTO `district_info` VALUES (140406, '', 1404, '2023-06-25 13:48:34', NULL, 0);
INSERT INTO `district_info` VALUES (140423, '', 1404, '2023-06-25 13:48:34', NULL, 0);
INSERT INTO `district_info` VALUES (140425, '', 1404, '2023-06-25 13:48:34', NULL, 0);
INSERT INTO `district_info` VALUES (140426, '', 1404, '2023-06-25 13:48:34', NULL, 0);
INSERT INTO `district_info` VALUES (140427, '', 1404, '2023-06-25 13:48:34', NULL, 0);
INSERT INTO `district_info` VALUES (140428, '', 1404, '2023-06-25 13:48:34', NULL, 0);
INSERT INTO `district_info` VALUES (140429, '', 1404, '2023-06-25 13:48:34', NULL, 0);
INSERT INTO `district_info` VALUES (140430, '', 1404, '2023-06-25 13:48:34', NULL, 0);
INSERT INTO `district_info` VALUES (140431, '', 1404, '2023-06-25 13:48:34', NULL, 0);
INSERT INTO `district_info` VALUES (140471, '', 1404, '2023-06-25 13:48:34', NULL, 0);
INSERT INTO `district_info` VALUES (140502, '', 1405, '2023-06-25 13:48:34', NULL, 0);
INSERT INTO `district_info` VALUES (140521, '', 1405, '2023-06-25 13:48:34', NULL, 0);
INSERT INTO `district_info` VALUES (140522, '', 1405, '2023-06-25 13:48:34', NULL, 0);
INSERT INTO `district_info` VALUES (140524, '', 1405, '2023-06-25 13:48:34', NULL, 0);
INSERT INTO `district_info` VALUES (140525, '', 1405, '2023-06-25 13:48:34', NULL, 0);
INSERT INTO `district_info` VALUES (140581, '', 1405, '2023-06-25 13:48:34', NULL, 0);
INSERT INTO `district_info` VALUES (140602, '', 1406, '2023-06-25 13:48:34', NULL, 0);
INSERT INTO `district_info` VALUES (140603, '', 1406, '2023-06-25 13:48:34', NULL, 0);
INSERT INTO `district_info` VALUES (140621, '', 1406, '2023-06-25 13:48:34', NULL, 0);
INSERT INTO `district_info` VALUES (140622, '', 1406, '2023-06-25 13:48:34', NULL, 0);
INSERT INTO `district_info` VALUES (140623, '', 1406, '2023-06-25 13:48:34', NULL, 0);
INSERT INTO `district_info` VALUES (140671, '', 1406, '2023-06-25 13:48:34', NULL, 0);
INSERT INTO `district_info` VALUES (140681, '', 1406, '2023-06-25 13:48:34', NULL, 0);
INSERT INTO `district_info` VALUES (140702, '', 1407, '2023-06-25 13:48:34', NULL, 0);
INSERT INTO `district_info` VALUES (140703, '', 1407, '2023-06-25 13:48:34', NULL, 0);
INSERT INTO `district_info` VALUES (140721, '', 1407, '2023-06-25 13:48:34', NULL, 0);
INSERT INTO `district_info` VALUES (140722, '', 1407, '2023-06-25 13:48:34', NULL, 0);
INSERT INTO `district_info` VALUES (140723, '', 1407, '2023-06-25 13:48:34', NULL, 0);
INSERT INTO `district_info` VALUES (140724, '', 1407, '2023-06-25 13:48:34', NULL, 0);
INSERT INTO `district_info` VALUES (140725, '', 1407, '2023-06-25 13:48:34', NULL, 0);
INSERT INTO `district_info` VALUES (140727, '', 1407, '2023-06-25 13:48:34', NULL, 0);
INSERT INTO `district_info` VALUES (140728, '', 1407, '2023-06-25 13:48:34', NULL, 0);
INSERT INTO `district_info` VALUES (140729, '', 1407, '2023-06-25 13:48:34', NULL, 0);
INSERT INTO `district_info` VALUES (140781, '', 1407, '2023-06-25 13:48:34', NULL, 0);
INSERT INTO `district_info` VALUES (140802, '', 1408, '2023-06-25 13:48:34', NULL, 0);
INSERT INTO `district_info` VALUES (140821, '', 1408, '2023-06-25 13:48:34', NULL, 0);
INSERT INTO `district_info` VALUES (140822, '', 1408, '2023-06-25 13:48:34', NULL, 0);
INSERT INTO `district_info` VALUES (140823, '', 1408, '2023-06-25 13:48:34', NULL, 0);
INSERT INTO `district_info` VALUES (140824, '', 1408, '2023-06-25 13:48:34', NULL, 0);
INSERT INTO `district_info` VALUES (140825, '', 1408, '2023-06-25 13:48:34', NULL, 0);
INSERT INTO `district_info` VALUES (140826, '', 1408, '2023-06-25 13:48:34', NULL, 0);
INSERT INTO `district_info` VALUES (140827, '', 1408, '2023-06-25 13:48:34', NULL, 0);
INSERT INTO `district_info` VALUES (140828, '', 1408, '2023-06-25 13:48:34', NULL, 0);
INSERT INTO `district_info` VALUES (140829, '', 1408, '2023-06-25 13:48:34', NULL, 0);
INSERT INTO `district_info` VALUES (140830, '', 1408, '2023-06-25 13:48:34', NULL, 0);
INSERT INTO `district_info` VALUES (140881, '', 1408, '2023-06-25 13:48:34', NULL, 0);
INSERT INTO `district_info` VALUES (140882, '', 1408, '2023-06-25 13:48:34', NULL, 0);
INSERT INTO `district_info` VALUES (140902, '', 1409, '2023-06-25 13:48:34', NULL, 0);
INSERT INTO `district_info` VALUES (140921, '', 1409, '2023-06-25 13:48:34', NULL, 0);
INSERT INTO `district_info` VALUES (140922, '', 1409, '2023-06-25 13:48:34', NULL, 0);
INSERT INTO `district_info` VALUES (140923, '', 1409, '2023-06-25 13:48:34', NULL, 0);
INSERT INTO `district_info` VALUES (140924, '', 1409, '2023-06-25 13:48:34', NULL, 0);
INSERT INTO `district_info` VALUES (140925, '', 1409, '2023-06-25 13:48:34', NULL, 0);
INSERT INTO `district_info` VALUES (140926, '', 1409, '2023-06-25 13:48:34', NULL, 0);
INSERT INTO `district_info` VALUES (140927, '', 1409, '2023-06-25 13:48:34', NULL, 0);
INSERT INTO `district_info` VALUES (140928, '', 1409, '2023-06-25 13:48:34', NULL, 0);
INSERT INTO `district_info` VALUES (140929, '', 1409, '2023-06-25 13:48:34', NULL, 0);
INSERT INTO `district_info` VALUES (140930, '', 1409, '2023-06-25 13:48:34', NULL, 0);
INSERT INTO `district_info` VALUES (140931, '', 1409, '2023-06-25 13:48:34', NULL, 0);
INSERT INTO `district_info` VALUES (140932, '', 1409, '2023-06-25 13:48:34', NULL, 0);
INSERT INTO `district_info` VALUES (140971, '', 1409, '2023-06-25 13:48:34', NULL, 0);
INSERT INTO `district_info` VALUES (140981, '', 1409, '2023-06-25 13:48:34', NULL, 0);
INSERT INTO `district_info` VALUES (141002, '', 1410, '2023-06-25 13:48:34', NULL, 0);
INSERT INTO `district_info` VALUES (141021, '', 1410, '2023-06-25 13:48:34', NULL, 0);
INSERT INTO `district_info` VALUES (141022, '', 1410, '2023-06-25 13:48:34', NULL, 0);
INSERT INTO `district_info` VALUES (141023, '', 1410, '2023-06-25 13:48:34', NULL, 0);
INSERT INTO `district_info` VALUES (141024, '', 1410, '2023-06-25 13:48:34', NULL, 0);
INSERT INTO `district_info` VALUES (141025, '', 1410, '2023-06-25 13:48:34', NULL, 0);
INSERT INTO `district_info` VALUES (141026, '', 1410, '2023-06-25 13:48:34', NULL, 0);
INSERT INTO `district_info` VALUES (141027, '', 1410, '2023-06-25 13:48:34', NULL, 0);
INSERT INTO `district_info` VALUES (141028, '', 1410, '2023-06-25 13:48:34', NULL, 0);
INSERT INTO `district_info` VALUES (141029, '', 1410, '2023-06-25 13:48:34', NULL, 0);
INSERT INTO `district_info` VALUES (141030, '', 1410, '2023-06-25 13:48:34', NULL, 0);
INSERT INTO `district_info` VALUES (141031, '', 1410, '2023-06-25 13:48:34', NULL, 0);
INSERT INTO `district_info` VALUES (141032, '', 1410, '2023-06-25 13:48:34', NULL, 0);
INSERT INTO `district_info` VALUES (141033, '', 1410, '2023-06-25 13:48:34', NULL, 0);
INSERT INTO `district_info` VALUES (141034, '', 1410, '2023-06-25 13:48:34', NULL, 0);
INSERT INTO `district_info` VALUES (141081, '', 1410, '2023-06-25 13:48:34', NULL, 0);
INSERT INTO `district_info` VALUES (141082, '', 1410, '2023-06-25 13:48:34', NULL, 0);
INSERT INTO `district_info` VALUES (141102, '', 1411, '2023-06-25 13:48:34', NULL, 0);
INSERT INTO `district_info` VALUES (141121, '', 1411, '2023-06-25 13:48:34', NULL, 0);
INSERT INTO `district_info` VALUES (141122, '', 1411, '2023-06-25 13:48:34', NULL, 0);
INSERT INTO `district_info` VALUES (141123, '', 1411, '2023-06-25 13:48:34', NULL, 0);
INSERT INTO `district_info` VALUES (141124, '', 1411, '2023-06-25 13:48:34', NULL, 0);
INSERT INTO `district_info` VALUES (141125, '', 1411, '2023-06-25 13:48:34', NULL, 0);
INSERT INTO `district_info` VALUES (141126, '', 1411, '2023-06-25 13:48:34', NULL, 0);
INSERT INTO `district_info` VALUES (141127, '', 1411, '2023-06-25 13:48:34', NULL, 0);
INSERT INTO `district_info` VALUES (141128, '', 1411, '2023-06-25 13:48:34', NULL, 0);
INSERT INTO `district_info` VALUES (141129, '', 1411, '2023-06-25 13:48:34', NULL, 0);
INSERT INTO `district_info` VALUES (141130, '', 1411, '2023-06-25 13:48:34', NULL, 0);
INSERT INTO `district_info` VALUES (141181, '', 1411, '2023-06-25 13:48:34', NULL, 0);
INSERT INTO `district_info` VALUES (141182, '', 1411, '2023-06-25 13:48:34', NULL, 0);
INSERT INTO `district_info` VALUES (150102, '', 1501, '2023-06-25 13:48:34', NULL, 0);
INSERT INTO `district_info` VALUES (150103, '', 1501, '2023-06-25 13:48:34', NULL, 0);
INSERT INTO `district_info` VALUES (150104, '', 1501, '2023-06-25 13:48:34', NULL, 0);
INSERT INTO `district_info` VALUES (150105, '', 1501, '2023-06-25 13:48:34', NULL, 0);
INSERT INTO `district_info` VALUES (150121, '', 1501, '2023-06-25 13:48:34', NULL, 0);
INSERT INTO `district_info` VALUES (150122, '', 1501, '2023-06-25 13:48:34', NULL, 0);
INSERT INTO `district_info` VALUES (150123, '', 1501, '2023-06-25 13:48:34', NULL, 0);
INSERT INTO `district_info` VALUES (150124, '', 1501, '2023-06-25 13:48:34', NULL, 0);
INSERT INTO `district_info` VALUES (150125, '', 1501, '2023-06-25 13:48:34', NULL, 0);
INSERT INTO `district_info` VALUES (150172, '', 1501, '2023-06-25 13:48:34', NULL, 0);
INSERT INTO `district_info` VALUES (150202, '', 1502, '2023-06-25 13:48:34', NULL, 0);
INSERT INTO `district_info` VALUES (150203, '', 1502, '2023-06-25 13:48:34', NULL, 0);
INSERT INTO `district_info` VALUES (150204, '', 1502, '2023-06-25 13:48:34', NULL, 0);
INSERT INTO `district_info` VALUES (150205, '', 1502, '2023-06-25 13:48:34', NULL, 0);
INSERT INTO `district_info` VALUES (150206, '', 1502, '2023-06-25 13:48:34', NULL, 0);
INSERT INTO `district_info` VALUES (150207, '', 1502, '2023-06-25 13:48:34', NULL, 0);
INSERT INTO `district_info` VALUES (150221, '', 1502, '2023-06-25 13:48:34', NULL, 0);
INSERT INTO `district_info` VALUES (150222, '', 1502, '2023-06-25 13:48:34', NULL, 0);
INSERT INTO `district_info` VALUES (150223, '', 1502, '2023-06-25 13:48:34', NULL, 0);
INSERT INTO `district_info` VALUES (150271, '', 1502, '2023-06-25 13:48:34', NULL, 0);
INSERT INTO `district_info` VALUES (150302, '', 1503, '2023-06-25 13:48:34', NULL, 0);
INSERT INTO `district_info` VALUES (150303, '', 1503, '2023-06-25 13:48:34', NULL, 0);
INSERT INTO `district_info` VALUES (150304, '', 1503, '2023-06-25 13:48:34', NULL, 0);
INSERT INTO `district_info` VALUES (150402, '', 1504, '2023-06-25 13:48:34', NULL, 0);
INSERT INTO `district_info` VALUES (150403, '', 1504, '2023-06-25 13:48:34', NULL, 0);
INSERT INTO `district_info` VALUES (150404, '', 1504, '2023-06-25 13:48:34', NULL, 0);
INSERT INTO `district_info` VALUES (150421, '', 1504, '2023-06-25 13:48:34', NULL, 0);
INSERT INTO `district_info` VALUES (150422, '', 1504, '2023-06-25 13:48:34', NULL, 0);
INSERT INTO `district_info` VALUES (150423, '', 1504, '2023-06-25 13:48:34', NULL, 0);
INSERT INTO `district_info` VALUES (150424, '', 1504, '2023-06-25 13:48:34', NULL, 0);
INSERT INTO `district_info` VALUES (150425, '', 1504, '2023-06-25 13:48:34', NULL, 0);
INSERT INTO `district_info` VALUES (150426, '', 1504, '2023-06-25 13:48:34', NULL, 0);
INSERT INTO `district_info` VALUES (150428, '', 1504, '2023-06-25 13:48:34', NULL, 0);
INSERT INTO `district_info` VALUES (150429, '', 1504, '2023-06-25 13:48:34', NULL, 0);
INSERT INTO `district_info` VALUES (150430, '', 1504, '2023-06-25 13:48:34', NULL, 0);
INSERT INTO `district_info` VALUES (150502, '', 1505, '2023-06-25 13:48:34', NULL, 0);
INSERT INTO `district_info` VALUES (150521, '', 1505, '2023-06-25 13:48:34', NULL, 0);
INSERT INTO `district_info` VALUES (150522, '', 1505, '2023-06-25 13:48:34', NULL, 0);
INSERT INTO `district_info` VALUES (150523, '', 1505, '2023-06-25 13:48:34', NULL, 0);
INSERT INTO `district_info` VALUES (150524, '', 1505, '2023-06-25 13:48:34', NULL, 0);
INSERT INTO `district_info` VALUES (150525, '', 1505, '2023-06-25 13:48:34', NULL, 0);
INSERT INTO `district_info` VALUES (150526, '', 1505, '2023-06-25 13:48:34', NULL, 0);
INSERT INTO `district_info` VALUES (150571, '', 1505, '2023-06-25 13:48:34', NULL, 0);
INSERT INTO `district_info` VALUES (150581, '', 1505, '2023-06-25 13:48:34', NULL, 0);
INSERT INTO `district_info` VALUES (150602, '', 1506, '2023-06-25 13:48:34', NULL, 0);
INSERT INTO `district_info` VALUES (150603, '', 1506, '2023-06-25 13:48:34', NULL, 0);
INSERT INTO `district_info` VALUES (150621, '', 1506, '2023-06-25 13:48:34', NULL, 0);
INSERT INTO `district_info` VALUES (150622, '', 1506, '2023-06-25 13:48:34', NULL, 0);
INSERT INTO `district_info` VALUES (150623, '', 1506, '2023-06-25 13:48:34', NULL, 0);
INSERT INTO `district_info` VALUES (150624, '', 1506, '2023-06-25 13:48:34', NULL, 0);
INSERT INTO `district_info` VALUES (150625, '', 1506, '2023-06-25 13:48:34', NULL, 0);
INSERT INTO `district_info` VALUES (150626, '', 1506, '2023-06-25 13:48:34', NULL, 0);
INSERT INTO `district_info` VALUES (150627, '', 1506, '2023-06-25 13:48:34', NULL, 0);
INSERT INTO `district_info` VALUES (150702, '', 1507, '2023-06-25 13:48:34', NULL, 0);
INSERT INTO `district_info` VALUES (150703, '', 1507, '2023-06-25 13:48:34', NULL, 0);
INSERT INTO `district_info` VALUES (150721, '', 1507, '2023-06-25 13:48:34', NULL, 0);
INSERT INTO `district_info` VALUES (150722, '', 1507, '2023-06-25 13:48:34', NULL, 0);
INSERT INTO `district_info` VALUES (150723, '', 1507, '2023-06-25 13:48:34', NULL, 0);
INSERT INTO `district_info` VALUES (150724, '', 1507, '2023-06-25 13:48:34', NULL, 0);
INSERT INTO `district_info` VALUES (150725, '', 1507, '2023-06-25 13:48:34', NULL, 0);
INSERT INTO `district_info` VALUES (150726, '', 1507, '2023-06-25 13:48:34', NULL, 0);
INSERT INTO `district_info` VALUES (150727, '', 1507, '2023-06-25 13:48:34', NULL, 0);
INSERT INTO `district_info` VALUES (150781, '', 1507, '2023-06-25 13:48:34', NULL, 0);
INSERT INTO `district_info` VALUES (150782, '', 1507, '2023-06-25 13:48:34', NULL, 0);
INSERT INTO `district_info` VALUES (150783, '', 1507, '2023-06-25 13:48:34', NULL, 0);
INSERT INTO `district_info` VALUES (150784, '', 1507, '2023-06-25 13:48:34', NULL, 0);
INSERT INTO `district_info` VALUES (150785, '', 1507, '2023-06-25 13:48:34', NULL, 0);
INSERT INTO `district_info` VALUES (150802, '', 1508, '2023-06-25 13:48:34', NULL, 0);
INSERT INTO `district_info` VALUES (150821, '', 1508, '2023-06-25 13:48:34', NULL, 0);
INSERT INTO `district_info` VALUES (150822, '', 1508, '2023-06-25 13:48:34', NULL, 0);
INSERT INTO `district_info` VALUES (150823, '', 1508, '2023-06-25 13:48:34', NULL, 0);
INSERT INTO `district_info` VALUES (150824, '', 1508, '2023-06-25 13:48:34', NULL, 0);
INSERT INTO `district_info` VALUES (150825, '', 1508, '2023-06-25 13:48:34', NULL, 0);
INSERT INTO `district_info` VALUES (150826, '', 1508, '2023-06-25 13:48:34', NULL, 0);
INSERT INTO `district_info` VALUES (150902, '', 1509, '2023-06-25 13:48:34', NULL, 0);
INSERT INTO `district_info` VALUES (150921, '', 1509, '2023-06-25 13:48:34', NULL, 0);
INSERT INTO `district_info` VALUES (150922, '', 1509, '2023-06-25 13:48:34', NULL, 0);
INSERT INTO `district_info` VALUES (150923, '', 1509, '2023-06-25 13:48:34', NULL, 0);
INSERT INTO `district_info` VALUES (150924, '', 1509, '2023-06-25 13:48:34', NULL, 0);
INSERT INTO `district_info` VALUES (150925, '', 1509, '2023-06-25 13:48:34', NULL, 0);
INSERT INTO `district_info` VALUES (150926, '', 1509, '2023-06-25 13:48:34', NULL, 0);
INSERT INTO `district_info` VALUES (150927, '', 1509, '2023-06-25 13:48:34', NULL, 0);
INSERT INTO `district_info` VALUES (150928, '', 1509, '2023-06-25 13:48:34', NULL, 0);
INSERT INTO `district_info` VALUES (150929, '', 1509, '2023-06-25 13:48:34', NULL, 0);
INSERT INTO `district_info` VALUES (150981, '', 1509, '2023-06-25 13:48:34', NULL, 0);
INSERT INTO `district_info` VALUES (152201, '', 1522, '2023-06-25 13:48:34', NULL, 0);
INSERT INTO `district_info` VALUES (152202, '', 1522, '2023-06-25 13:48:34', NULL, 0);
INSERT INTO `district_info` VALUES (152221, '', 1522, '2023-06-25 13:48:34', NULL, 0);
INSERT INTO `district_info` VALUES (152222, '', 1522, '2023-06-25 13:48:34', NULL, 0);
INSERT INTO `district_info` VALUES (152223, '', 1522, '2023-06-25 13:48:34', NULL, 0);
INSERT INTO `district_info` VALUES (152224, '', 1522, '2023-06-25 13:48:34', NULL, 0);
INSERT INTO `district_info` VALUES (152501, '', 1525, '2023-06-25 13:48:34', NULL, 0);
INSERT INTO `district_info` VALUES (152502, '', 1525, '2023-06-25 13:48:34', NULL, 0);
INSERT INTO `district_info` VALUES (152522, '', 1525, '2023-06-25 13:48:34', NULL, 0);
INSERT INTO `district_info` VALUES (152523, '', 1525, '2023-06-25 13:48:34', NULL, 0);
INSERT INTO `district_info` VALUES (152524, '', 1525, '2023-06-25 13:48:34', NULL, 0);
INSERT INTO `district_info` VALUES (152525, '', 1525, '2023-06-25 13:48:34', NULL, 0);
INSERT INTO `district_info` VALUES (152526, '', 1525, '2023-06-25 13:48:34', NULL, 0);
INSERT INTO `district_info` VALUES (152527, '', 1525, '2023-06-25 13:48:34', NULL, 0);
INSERT INTO `district_info` VALUES (152528, '', 1525, '2023-06-25 13:48:34', NULL, 0);
INSERT INTO `district_info` VALUES (152529, '', 1525, '2023-06-25 13:48:34', NULL, 0);
INSERT INTO `district_info` VALUES (152530, '', 1525, '2023-06-25 13:48:34', NULL, 0);
INSERT INTO `district_info` VALUES (152531, '', 1525, '2023-06-25 13:48:34', NULL, 0);
INSERT INTO `district_info` VALUES (152571, '', 1525, '2023-06-25 13:48:34', NULL, 0);
INSERT INTO `district_info` VALUES (152921, '', 1529, '2023-06-25 13:48:34', NULL, 0);
INSERT INTO `district_info` VALUES (152922, '', 1529, '2023-06-25 13:48:34', NULL, 0);
INSERT INTO `district_info` VALUES (152923, '', 1529, '2023-06-25 13:48:34', NULL, 0);
INSERT INTO `district_info` VALUES (152971, '', 1529, '2023-06-25 13:48:34', NULL, 0);
INSERT INTO `district_info` VALUES (210102, '', 2101, '2023-06-25 13:48:34', NULL, 0);
INSERT INTO `district_info` VALUES (210103, '', 2101, '2023-06-25 13:48:34', NULL, 0);
INSERT INTO `district_info` VALUES (210104, '', 2101, '2023-06-25 13:48:34', NULL, 0);
INSERT INTO `district_info` VALUES (210105, '', 2101, '2023-06-25 13:48:34', NULL, 0);
INSERT INTO `district_info` VALUES (210106, '', 2101, '2023-06-25 13:48:34', NULL, 0);
INSERT INTO `district_info` VALUES (210111, '', 2101, '2023-06-25 13:48:34', NULL, 0);
INSERT INTO `district_info` VALUES (210112, '', 2101, '2023-06-25 13:48:34', NULL, 0);
INSERT INTO `district_info` VALUES (210113, '', 2101, '2023-06-25 13:48:34', NULL, 0);
INSERT INTO `district_info` VALUES (210114, '', 2101, '2023-06-25 13:48:34', NULL, 0);
INSERT INTO `district_info` VALUES (210115, '', 2101, '2023-06-25 13:48:34', NULL, 0);
INSERT INTO `district_info` VALUES (210123, '', 2101, '2023-06-25 13:48:34', NULL, 0);
INSERT INTO `district_info` VALUES (210124, '', 2101, '2023-06-25 13:48:34', NULL, 0);
INSERT INTO `district_info` VALUES (210181, '', 2101, '2023-06-25 13:48:34', NULL, 0);
INSERT INTO `district_info` VALUES (210202, '', 2102, '2023-06-25 13:48:34', NULL, 0);
INSERT INTO `district_info` VALUES (210203, '', 2102, '2023-06-25 13:48:34', NULL, 0);
INSERT INTO `district_info` VALUES (210204, '', 2102, '2023-06-25 13:48:34', NULL, 0);
INSERT INTO `district_info` VALUES (210211, '', 2102, '2023-06-25 13:48:34', NULL, 0);
INSERT INTO `district_info` VALUES (210212, '', 2102, '2023-06-25 13:48:34', NULL, 0);
INSERT INTO `district_info` VALUES (210213, '', 2102, '2023-06-25 13:48:34', NULL, 0);
INSERT INTO `district_info` VALUES (210214, '', 2102, '2023-06-25 13:48:34', NULL, 0);
INSERT INTO `district_info` VALUES (210224, '', 2102, '2023-06-25 13:48:34', NULL, 0);
INSERT INTO `district_info` VALUES (210281, '', 2102, '2023-06-25 13:48:34', NULL, 0);
INSERT INTO `district_info` VALUES (210283, '', 2102, '2023-06-25 13:48:34', NULL, 0);
INSERT INTO `district_info` VALUES (210302, '', 2103, '2023-06-25 13:48:34', NULL, 0);
INSERT INTO `district_info` VALUES (210303, '', 2103, '2023-06-25 13:48:34', NULL, 0);
INSERT INTO `district_info` VALUES (210304, '', 2103, '2023-06-25 13:48:34', NULL, 0);
INSERT INTO `district_info` VALUES (210311, '', 2103, '2023-06-25 13:48:34', NULL, 0);
INSERT INTO `district_info` VALUES (210321, '', 2103, '2023-06-25 13:48:34', NULL, 0);
INSERT INTO `district_info` VALUES (210323, '', 2103, '2023-06-25 13:48:34', NULL, 0);
INSERT INTO `district_info` VALUES (210381, '', 2103, '2023-06-25 13:48:34', NULL, 0);
INSERT INTO `district_info` VALUES (210402, '', 2104, '2023-06-25 13:48:34', NULL, 0);
INSERT INTO `district_info` VALUES (210403, '', 2104, '2023-06-25 13:48:34', NULL, 0);
INSERT INTO `district_info` VALUES (210404, '', 2104, '2023-06-25 13:48:34', NULL, 0);
INSERT INTO `district_info` VALUES (210411, '', 2104, '2023-06-25 13:48:34', NULL, 0);
INSERT INTO `district_info` VALUES (210421, '', 2104, '2023-06-25 13:48:34', NULL, 0);
INSERT INTO `district_info` VALUES (210422, '', 2104, '2023-06-25 13:48:34', NULL, 0);
INSERT INTO `district_info` VALUES (210423, '', 2104, '2023-06-25 13:48:34', NULL, 0);
INSERT INTO `district_info` VALUES (210502, '', 2105, '2023-06-25 13:48:34', NULL, 0);
INSERT INTO `district_info` VALUES (210503, '', 2105, '2023-06-25 13:48:34', NULL, 0);
INSERT INTO `district_info` VALUES (210504, '', 2105, '2023-06-25 13:48:34', NULL, 0);
INSERT INTO `district_info` VALUES (210505, '', 2105, '2023-06-25 13:48:34', NULL, 0);
INSERT INTO `district_info` VALUES (210521, '', 2105, '2023-06-25 13:48:34', NULL, 0);
INSERT INTO `district_info` VALUES (210522, '', 2105, '2023-06-25 13:48:34', NULL, 0);
INSERT INTO `district_info` VALUES (210602, '', 2106, '2023-06-25 13:48:34', NULL, 0);
INSERT INTO `district_info` VALUES (210603, '', 2106, '2023-06-25 13:48:34', NULL, 0);
INSERT INTO `district_info` VALUES (210604, '', 2106, '2023-06-25 13:48:34', NULL, 0);
INSERT INTO `district_info` VALUES (210624, '', 2106, '2023-06-25 13:48:34', NULL, 0);
INSERT INTO `district_info` VALUES (210681, '', 2106, '2023-06-25 13:48:34', NULL, 0);
INSERT INTO `district_info` VALUES (210682, '', 2106, '2023-06-25 13:48:34', NULL, 0);
INSERT INTO `district_info` VALUES (210702, '', 2107, '2023-06-25 13:48:34', NULL, 0);
INSERT INTO `district_info` VALUES (210703, '', 2107, '2023-06-25 13:48:34', NULL, 0);
INSERT INTO `district_info` VALUES (210711, '', 2107, '2023-06-25 13:48:34', NULL, 0);
INSERT INTO `district_info` VALUES (210726, '', 2107, '2023-06-25 13:48:34', NULL, 0);
INSERT INTO `district_info` VALUES (210727, '', 2107, '2023-06-25 13:48:34', NULL, 0);
INSERT INTO `district_info` VALUES (210781, '', 2107, '2023-06-25 13:48:34', NULL, 0);
INSERT INTO `district_info` VALUES (210782, '', 2107, '2023-06-25 13:48:34', NULL, 0);
INSERT INTO `district_info` VALUES (210802, '', 2108, '2023-06-25 13:48:34', NULL, 0);
INSERT INTO `district_info` VALUES (210803, '', 2108, '2023-06-25 13:48:34', NULL, 0);
INSERT INTO `district_info` VALUES (210804, '', 2108, '2023-06-25 13:48:34', NULL, 0);
INSERT INTO `district_info` VALUES (210811, '', 2108, '2023-06-25 13:48:34', NULL, 0);
INSERT INTO `district_info` VALUES (210881, '', 2108, '2023-06-25 13:48:34', NULL, 0);
INSERT INTO `district_info` VALUES (210882, '', 2108, '2023-06-25 13:48:34', NULL, 0);
INSERT INTO `district_info` VALUES (210902, '', 2109, '2023-06-25 13:48:34', NULL, 0);
INSERT INTO `district_info` VALUES (210903, '', 2109, '2023-06-25 13:48:34', NULL, 0);
INSERT INTO `district_info` VALUES (210904, '', 2109, '2023-06-25 13:48:34', NULL, 0);
INSERT INTO `district_info` VALUES (210905, '', 2109, '2023-06-25 13:48:34', NULL, 0);
INSERT INTO `district_info` VALUES (210911, '', 2109, '2023-06-25 13:48:34', NULL, 0);
INSERT INTO `district_info` VALUES (210921, '', 2109, '2023-06-25 13:48:34', NULL, 0);
INSERT INTO `district_info` VALUES (210922, '', 2109, '2023-06-25 13:48:34', NULL, 0);
INSERT INTO `district_info` VALUES (211002, '', 2110, '2023-06-25 13:48:34', NULL, 0);
INSERT INTO `district_info` VALUES (211003, '', 2110, '2023-06-25 13:48:34', NULL, 0);
INSERT INTO `district_info` VALUES (211004, '', 2110, '2023-06-25 13:48:34', NULL, 0);
INSERT INTO `district_info` VALUES (211005, '', 2110, '2023-06-25 13:48:34', NULL, 0);
INSERT INTO `district_info` VALUES (211011, '', 2110, '2023-06-25 13:48:34', NULL, 0);
INSERT INTO `district_info` VALUES (211021, '', 2110, '2023-06-25 13:48:34', NULL, 0);
INSERT INTO `district_info` VALUES (211081, '', 2110, '2023-06-25 13:48:34', NULL, 0);
INSERT INTO `district_info` VALUES (211102, '', 2111, '2023-06-25 13:48:34', NULL, 0);
INSERT INTO `district_info` VALUES (211103, '', 2111, '2023-06-25 13:48:34', NULL, 0);
INSERT INTO `district_info` VALUES (211104, '', 2111, '2023-06-25 13:48:34', NULL, 0);
INSERT INTO `district_info` VALUES (211122, '', 2111, '2023-06-25 13:48:34', NULL, 0);
INSERT INTO `district_info` VALUES (211202, '', 2112, '2023-06-25 13:48:34', NULL, 0);
INSERT INTO `district_info` VALUES (211204, '', 2112, '2023-06-25 13:48:34', NULL, 0);
INSERT INTO `district_info` VALUES (211221, '', 2112, '2023-06-25 13:48:34', NULL, 0);
INSERT INTO `district_info` VALUES (211223, '', 2112, '2023-06-25 13:48:34', NULL, 0);
INSERT INTO `district_info` VALUES (211224, '', 2112, '2023-06-25 13:48:34', NULL, 0);
INSERT INTO `district_info` VALUES (211281, '', 2112, '2023-06-25 13:48:34', NULL, 0);
INSERT INTO `district_info` VALUES (211282, '', 2112, '2023-06-25 13:48:34', NULL, 0);
INSERT INTO `district_info` VALUES (211302, '', 2113, '2023-06-25 13:48:34', NULL, 0);
INSERT INTO `district_info` VALUES (211303, '', 2113, '2023-06-25 13:48:34', NULL, 0);
INSERT INTO `district_info` VALUES (211321, '', 2113, '2023-06-25 13:48:34', NULL, 0);
INSERT INTO `district_info` VALUES (211322, '', 2113, '2023-06-25 13:48:34', NULL, 0);
INSERT INTO `district_info` VALUES (211324, '', 2113, '2023-06-25 13:48:34', NULL, 0);
INSERT INTO `district_info` VALUES (211381, '', 2113, '2023-06-25 13:48:34', NULL, 0);
INSERT INTO `district_info` VALUES (211382, '', 2113, '2023-06-25 13:48:34', NULL, 0);
INSERT INTO `district_info` VALUES (211402, '', 2114, '2023-06-25 13:48:34', NULL, 0);
INSERT INTO `district_info` VALUES (211403, '', 2114, '2023-06-25 13:48:34', NULL, 0);
INSERT INTO `district_info` VALUES (211404, '', 2114, '2023-06-25 13:48:34', NULL, 0);
INSERT INTO `district_info` VALUES (211421, '', 2114, '2023-06-25 13:48:34', NULL, 0);
INSERT INTO `district_info` VALUES (211422, '', 2114, '2023-06-25 13:48:34', NULL, 0);
INSERT INTO `district_info` VALUES (211481, '', 2114, '2023-06-25 13:48:34', NULL, 0);
INSERT INTO `district_info` VALUES (220102, '', 2201, '2023-06-25 13:48:34', NULL, 0);
INSERT INTO `district_info` VALUES (220103, '', 2201, '2023-06-25 13:48:34', NULL, 0);
INSERT INTO `district_info` VALUES (220104, '', 2201, '2023-06-25 13:48:34', NULL, 0);
INSERT INTO `district_info` VALUES (220105, '', 2201, '2023-06-25 13:48:34', NULL, 0);
INSERT INTO `district_info` VALUES (220106, '', 2201, '2023-06-25 13:48:34', NULL, 0);
INSERT INTO `district_info` VALUES (220112, '', 2201, '2023-06-25 13:48:34', NULL, 0);
INSERT INTO `district_info` VALUES (220113, '', 2201, '2023-06-25 13:48:34', NULL, 0);
INSERT INTO `district_info` VALUES (220122, '', 2201, '2023-06-25 13:48:34', NULL, 0);
INSERT INTO `district_info` VALUES (220171, '', 2201, '2023-06-25 13:48:34', NULL, 0);
INSERT INTO `district_info` VALUES (220172, '', 2201, '2023-06-25 13:48:34', NULL, 0);
INSERT INTO `district_info` VALUES (220173, '', 2201, '2023-06-25 13:48:34', NULL, 0);
INSERT INTO `district_info` VALUES (220174, '', 2201, '2023-06-25 13:48:34', NULL, 0);
INSERT INTO `district_info` VALUES (220182, '', 2201, '2023-06-25 13:48:34', NULL, 0);
INSERT INTO `district_info` VALUES (220183, '', 2201, '2023-06-25 13:48:34', NULL, 0);
INSERT INTO `district_info` VALUES (220184, '', 2201, '2023-06-25 13:48:34', NULL, 0);
INSERT INTO `district_info` VALUES (220202, '', 2202, '2023-06-25 13:48:34', NULL, 0);
INSERT INTO `district_info` VALUES (220203, '', 2202, '2023-06-25 13:48:34', NULL, 0);
INSERT INTO `district_info` VALUES (220204, '', 2202, '2023-06-25 13:48:34', NULL, 0);
INSERT INTO `district_info` VALUES (220211, '', 2202, '2023-06-25 13:48:34', NULL, 0);
INSERT INTO `district_info` VALUES (220221, '', 2202, '2023-06-25 13:48:34', NULL, 0);
INSERT INTO `district_info` VALUES (220271, '', 2202, '2023-06-25 13:48:34', NULL, 0);
INSERT INTO `district_info` VALUES (220272, '', 2202, '2023-06-25 13:48:34', NULL, 0);
INSERT INTO `district_info` VALUES (220273, '', 2202, '2023-06-25 13:48:34', NULL, 0);
INSERT INTO `district_info` VALUES (220281, '', 2202, '2023-06-25 13:48:34', NULL, 0);
INSERT INTO `district_info` VALUES (220282, '', 2202, '2023-06-25 13:48:34', NULL, 0);
INSERT INTO `district_info` VALUES (220283, '', 2202, '2023-06-25 13:48:34', NULL, 0);
INSERT INTO `district_info` VALUES (220284, '', 2202, '2023-06-25 13:48:34', NULL, 0);
INSERT INTO `district_info` VALUES (220302, '', 2203, '2023-06-25 13:48:34', NULL, 0);
INSERT INTO `district_info` VALUES (220303, '', 2203, '2023-06-25 13:48:34', NULL, 0);
INSERT INTO `district_info` VALUES (220322, '', 2203, '2023-06-25 13:48:34', NULL, 0);
INSERT INTO `district_info` VALUES (220323, '', 2203, '2023-06-25 13:48:34', NULL, 0);
INSERT INTO `district_info` VALUES (220382, '', 2203, '2023-06-25 13:48:34', NULL, 0);
INSERT INTO `district_info` VALUES (220402, '', 2204, '2023-06-25 13:48:34', NULL, 0);
INSERT INTO `district_info` VALUES (220403, '', 2204, '2023-06-25 13:48:34', NULL, 0);
INSERT INTO `district_info` VALUES (220421, '', 2204, '2023-06-25 13:48:34', NULL, 0);
INSERT INTO `district_info` VALUES (220422, '', 2204, '2023-06-25 13:48:34', NULL, 0);
INSERT INTO `district_info` VALUES (220502, '', 2205, '2023-06-25 13:48:34', NULL, 0);
INSERT INTO `district_info` VALUES (220503, '', 2205, '2023-06-25 13:48:34', NULL, 0);
INSERT INTO `district_info` VALUES (220521, '', 2205, '2023-06-25 13:48:34', NULL, 0);
INSERT INTO `district_info` VALUES (220523, '', 2205, '2023-06-25 13:48:34', NULL, 0);
INSERT INTO `district_info` VALUES (220524, '', 2205, '2023-06-25 13:48:34', NULL, 0);
INSERT INTO `district_info` VALUES (220581, '', 2205, '2023-06-25 13:48:34', NULL, 0);
INSERT INTO `district_info` VALUES (220582, '', 2205, '2023-06-25 13:48:34', NULL, 0);
INSERT INTO `district_info` VALUES (220602, '', 2206, '2023-06-25 13:48:34', NULL, 0);
INSERT INTO `district_info` VALUES (220605, '', 2206, '2023-06-25 13:48:34', NULL, 0);
INSERT INTO `district_info` VALUES (220621, '', 2206, '2023-06-25 13:48:34', NULL, 0);
INSERT INTO `district_info` VALUES (220622, '', 2206, '2023-06-25 13:48:34', NULL, 0);
INSERT INTO `district_info` VALUES (220623, '', 2206, '2023-06-25 13:48:34', NULL, 0);
INSERT INTO `district_info` VALUES (220681, '', 2206, '2023-06-25 13:48:34', NULL, 0);
INSERT INTO `district_info` VALUES (220702, '', 2207, '2023-06-25 13:48:34', NULL, 0);
INSERT INTO `district_info` VALUES (220721, '', 2207, '2023-06-25 13:48:34', NULL, 0);
INSERT INTO `district_info` VALUES (220722, '', 2207, '2023-06-25 13:48:34', NULL, 0);
INSERT INTO `district_info` VALUES (220723, '', 2207, '2023-06-25 13:48:34', NULL, 0);
INSERT INTO `district_info` VALUES (220771, '', 2207, '2023-06-25 13:48:34', NULL, 0);
INSERT INTO `district_info` VALUES (220781, '', 2207, '2023-06-25 13:48:34', NULL, 0);
INSERT INTO `district_info` VALUES (220802, '', 2208, '2023-06-25 13:48:34', NULL, 0);
INSERT INTO `district_info` VALUES (220821, '', 2208, '2023-06-25 13:48:34', NULL, 0);
INSERT INTO `district_info` VALUES (220822, '', 2208, '2023-06-25 13:48:34', NULL, 0);
INSERT INTO `district_info` VALUES (220871, '', 2208, '2023-06-25 13:48:34', NULL, 0);
INSERT INTO `district_info` VALUES (220881, '', 2208, '2023-06-25 13:48:34', NULL, 0);
INSERT INTO `district_info` VALUES (220882, '', 2208, '2023-06-25 13:48:34', NULL, 0);
INSERT INTO `district_info` VALUES (222401, '', 2224, '2023-06-25 13:48:34', NULL, 0);
INSERT INTO `district_info` VALUES (222402, '', 2224, '2023-06-25 13:48:34', NULL, 0);
INSERT INTO `district_info` VALUES (222403, '', 2224, '2023-06-25 13:48:34', NULL, 0);
INSERT INTO `district_info` VALUES (222404, '', 2224, '2023-06-25 13:48:34', NULL, 0);
INSERT INTO `district_info` VALUES (222405, '', 2224, '2023-06-25 13:48:34', NULL, 0);
INSERT INTO `district_info` VALUES (222406, '', 2224, '2023-06-25 13:48:34', NULL, 0);
INSERT INTO `district_info` VALUES (222424, '', 2224, '2023-06-25 13:48:34', NULL, 0);
INSERT INTO `district_info` VALUES (222426, '', 2224, '2023-06-25 13:48:34', NULL, 0);
INSERT INTO `district_info` VALUES (230102, '', 2301, '2023-06-25 13:48:34', NULL, 0);
INSERT INTO `district_info` VALUES (230103, '', 2301, '2023-06-25 13:48:34', NULL, 0);
INSERT INTO `district_info` VALUES (230104, '', 2301, '2023-06-25 13:48:34', NULL, 0);
INSERT INTO `district_info` VALUES (230108, '', 2301, '2023-06-25 13:48:34', NULL, 0);
INSERT INTO `district_info` VALUES (230109, '', 2301, '2023-06-25 13:48:34', NULL, 0);
INSERT INTO `district_info` VALUES (230110, '', 2301, '2023-06-25 13:48:34', NULL, 0);
INSERT INTO `district_info` VALUES (230111, '', 2301, '2023-06-25 13:48:34', NULL, 0);
INSERT INTO `district_info` VALUES (230112, '', 2301, '2023-06-25 13:48:34', NULL, 0);
INSERT INTO `district_info` VALUES (230113, '', 2301, '2023-06-25 13:48:34', NULL, 0);
INSERT INTO `district_info` VALUES (230123, '', 2301, '2023-06-25 13:48:34', NULL, 0);
INSERT INTO `district_info` VALUES (230124, '', 2301, '2023-06-25 13:48:34', NULL, 0);
INSERT INTO `district_info` VALUES (230125, '', 2301, '2023-06-25 13:48:34', NULL, 0);
INSERT INTO `district_info` VALUES (230126, '', 2301, '2023-06-25 13:48:34', NULL, 0);
INSERT INTO `district_info` VALUES (230127, '', 2301, '2023-06-25 13:48:34', NULL, 0);
INSERT INTO `district_info` VALUES (230128, '', 2301, '2023-06-25 13:48:34', NULL, 0);
INSERT INTO `district_info` VALUES (230129, '', 2301, '2023-06-25 13:48:34', NULL, 0);
INSERT INTO `district_info` VALUES (230183, '', 2301, '2023-06-25 13:48:34', NULL, 0);
INSERT INTO `district_info` VALUES (230184, '', 2301, '2023-06-25 13:48:34', NULL, 0);
INSERT INTO `district_info` VALUES (230202, '', 2302, '2023-06-25 13:48:34', NULL, 0);
INSERT INTO `district_info` VALUES (230203, '', 2302, '2023-06-25 13:48:34', NULL, 0);
INSERT INTO `district_info` VALUES (230204, '', 2302, '2023-06-25 13:48:34', NULL, 0);
INSERT INTO `district_info` VALUES (230205, '', 2302, '2023-06-25 13:48:34', NULL, 0);
INSERT INTO `district_info` VALUES (230206, '', 2302, '2023-06-25 13:48:34', NULL, 0);
INSERT INTO `district_info` VALUES (230207, '', 2302, '2023-06-25 13:48:34', NULL, 0);
INSERT INTO `district_info` VALUES (230208, '', 2302, '2023-06-25 13:48:34', NULL, 0);
INSERT INTO `district_info` VALUES (230221, '', 2302, '2023-06-25 13:48:34', NULL, 0);
INSERT INTO `district_info` VALUES (230223, '', 2302, '2023-06-25 13:48:34', NULL, 0);
INSERT INTO `district_info` VALUES (230224, '', 2302, '2023-06-25 13:48:34', NULL, 0);
INSERT INTO `district_info` VALUES (230225, '', 2302, '2023-06-25 13:48:34', NULL, 0);
INSERT INTO `district_info` VALUES (230227, '', 2302, '2023-06-25 13:48:34', NULL, 0);
INSERT INTO `district_info` VALUES (230229, '', 2302, '2023-06-25 13:48:34', NULL, 0);
INSERT INTO `district_info` VALUES (230230, '', 2302, '2023-06-25 13:48:34', NULL, 0);
INSERT INTO `district_info` VALUES (230231, '', 2302, '2023-06-25 13:48:34', NULL, 0);
INSERT INTO `district_info` VALUES (230281, '', 2302, '2023-06-25 13:48:34', NULL, 0);
INSERT INTO `district_info` VALUES (230302, '', 2303, '2023-06-25 13:48:34', NULL, 0);
INSERT INTO `district_info` VALUES (230303, '', 2303, '2023-06-25 13:48:34', NULL, 0);
INSERT INTO `district_info` VALUES (230304, '', 2303, '2023-06-25 13:48:34', NULL, 0);
INSERT INTO `district_info` VALUES (230305, '', 2303, '2023-06-25 13:48:34', NULL, 0);
INSERT INTO `district_info` VALUES (230306, '', 2303, '2023-06-25 13:48:34', NULL, 0);
INSERT INTO `district_info` VALUES (230307, '', 2303, '2023-06-25 13:48:34', NULL, 0);
INSERT INTO `district_info` VALUES (230321, '', 2303, '2023-06-25 13:48:34', NULL, 0);
INSERT INTO `district_info` VALUES (230381, '', 2303, '2023-06-25 13:48:34', NULL, 0);
INSERT INTO `district_info` VALUES (230382, '', 2303, '2023-06-25 13:48:34', NULL, 0);
INSERT INTO `district_info` VALUES (230402, '', 2304, '2023-06-25 13:48:34', NULL, 0);
INSERT INTO `district_info` VALUES (230403, '', 2304, '2023-06-25 13:48:34', NULL, 0);
INSERT INTO `district_info` VALUES (230404, '', 2304, '2023-06-25 13:48:34', NULL, 0);
INSERT INTO `district_info` VALUES (230405, '', 2304, '2023-06-25 13:48:34', NULL, 0);
INSERT INTO `district_info` VALUES (230406, '', 2304, '2023-06-25 13:48:34', NULL, 0);
INSERT INTO `district_info` VALUES (230407, '', 2304, '2023-06-25 13:48:34', NULL, 0);
INSERT INTO `district_info` VALUES (230421, '', 2304, '2023-06-25 13:48:34', NULL, 0);
INSERT INTO `district_info` VALUES (230422, '', 2304, '2023-06-25 13:48:34', NULL, 0);
INSERT INTO `district_info` VALUES (230502, '', 2305, '2023-06-25 13:48:34', NULL, 0);
INSERT INTO `district_info` VALUES (230503, '', 2305, '2023-06-25 13:48:34', NULL, 0);
INSERT INTO `district_info` VALUES (230505, '', 2305, '2023-06-25 13:48:34', NULL, 0);
INSERT INTO `district_info` VALUES (230506, '', 2305, '2023-06-25 13:48:34', NULL, 0);
INSERT INTO `district_info` VALUES (230521, '', 2305, '2023-06-25 13:48:34', NULL, 0);
INSERT INTO `district_info` VALUES (230522, '', 2305, '2023-06-25 13:48:34', NULL, 0);
INSERT INTO `district_info` VALUES (230523, '', 2305, '2023-06-25 13:48:34', NULL, 0);
INSERT INTO `district_info` VALUES (230524, '', 2305, '2023-06-25 13:48:34', NULL, 0);
INSERT INTO `district_info` VALUES (230602, '', 2306, '2023-06-25 13:48:34', NULL, 0);
INSERT INTO `district_info` VALUES (230603, '', 2306, '2023-06-25 13:48:34', NULL, 0);
INSERT INTO `district_info` VALUES (230604, '', 2306, '2023-06-25 13:48:34', NULL, 0);
INSERT INTO `district_info` VALUES (230605, '', 2306, '2023-06-25 13:48:34', NULL, 0);
INSERT INTO `district_info` VALUES (230606, '', 2306, '2023-06-25 13:48:34', NULL, 0);
INSERT INTO `district_info` VALUES (230621, '', 2306, '2023-06-25 13:48:34', NULL, 0);
INSERT INTO `district_info` VALUES (230622, '', 2306, '2023-06-25 13:48:34', NULL, 0);
INSERT INTO `district_info` VALUES (230623, '', 2306, '2023-06-25 13:48:34', NULL, 0);
INSERT INTO `district_info` VALUES (230624, '', 2306, '2023-06-25 13:48:34', NULL, 0);
INSERT INTO `district_info` VALUES (230671, '', 2306, '2023-06-25 13:48:34', NULL, 0);
INSERT INTO `district_info` VALUES (230717, '', 2307, '2023-06-25 13:48:34', NULL, 0);
INSERT INTO `district_info` VALUES (230718, '', 2307, '2023-06-25 13:48:34', NULL, 0);
INSERT INTO `district_info` VALUES (230719, '', 2307, '2023-06-25 13:48:34', NULL, 0);
INSERT INTO `district_info` VALUES (230722, '', 2307, '2023-06-25 13:48:34', NULL, 0);
INSERT INTO `district_info` VALUES (230723, '', 2307, '2023-06-25 13:48:34', NULL, 0);
INSERT INTO `district_info` VALUES (230724, '', 2307, '2023-06-25 13:48:34', NULL, 0);
INSERT INTO `district_info` VALUES (230725, '', 2307, '2023-06-25 13:48:34', NULL, 0);
INSERT INTO `district_info` VALUES (230726, '', 2307, '2023-06-25 13:48:34', NULL, 0);
INSERT INTO `district_info` VALUES (230751, '', 2307, '2023-06-25 13:48:34', NULL, 0);
INSERT INTO `district_info` VALUES (230781, '', 2307, '2023-06-25 13:48:34', NULL, 0);
INSERT INTO `district_info` VALUES (230803, '', 2308, '2023-06-25 13:48:34', NULL, 0);
INSERT INTO `district_info` VALUES (230804, '', 2308, '2023-06-25 13:48:34', NULL, 0);
INSERT INTO `district_info` VALUES (230805, '', 2308, '2023-06-25 13:48:34', NULL, 0);
INSERT INTO `district_info` VALUES (230811, '', 2308, '2023-06-25 13:48:34', NULL, 0);
INSERT INTO `district_info` VALUES (230822, '', 2308, '2023-06-25 13:48:34', NULL, 0);
INSERT INTO `district_info` VALUES (230826, '', 2308, '2023-06-25 13:48:34', NULL, 0);
INSERT INTO `district_info` VALUES (230828, '', 2308, '2023-06-25 13:48:34', NULL, 0);
INSERT INTO `district_info` VALUES (230881, '', 2308, '2023-06-25 13:48:34', NULL, 0);
INSERT INTO `district_info` VALUES (230882, '', 2308, '2023-06-25 13:48:34', NULL, 0);
INSERT INTO `district_info` VALUES (230883, '', 2308, '2023-06-25 13:48:34', NULL, 0);
INSERT INTO `district_info` VALUES (230902, '', 2309, '2023-06-25 13:48:34', NULL, 0);
INSERT INTO `district_info` VALUES (230903, '', 2309, '2023-06-25 13:48:34', NULL, 0);
INSERT INTO `district_info` VALUES (230904, '', 2309, '2023-06-25 13:48:34', NULL, 0);
INSERT INTO `district_info` VALUES (230921, '', 2309, '2023-06-25 13:48:34', NULL, 0);
INSERT INTO `district_info` VALUES (231002, '', 2310, '2023-06-25 13:48:34', NULL, 0);
INSERT INTO `district_info` VALUES (231003, '', 2310, '2023-06-25 13:48:34', NULL, 0);
INSERT INTO `district_info` VALUES (231004, '', 2310, '2023-06-25 13:48:34', NULL, 0);
INSERT INTO `district_info` VALUES (231005, '', 2310, '2023-06-25 13:48:34', NULL, 0);
INSERT INTO `district_info` VALUES (231025, '', 2310, '2023-06-25 13:48:34', NULL, 0);
INSERT INTO `district_info` VALUES (231071, '', 2310, '2023-06-25 13:48:34', NULL, 0);
INSERT INTO `district_info` VALUES (231081, '', 2310, '2023-06-25 13:48:34', NULL, 0);
INSERT INTO `district_info` VALUES (231083, '', 2310, '2023-06-25 13:48:34', NULL, 0);
INSERT INTO `district_info` VALUES (231084, '', 2310, '2023-06-25 13:48:34', NULL, 0);
INSERT INTO `district_info` VALUES (231085, '', 2310, '2023-06-25 13:48:34', NULL, 0);
INSERT INTO `district_info` VALUES (231086, '', 2310, '2023-06-25 13:48:34', NULL, 0);
INSERT INTO `district_info` VALUES (231102, '', 2311, '2023-06-25 13:48:34', NULL, 0);
INSERT INTO `district_info` VALUES (231123, '', 2311, '2023-06-25 13:48:34', NULL, 0);
INSERT INTO `district_info` VALUES (231124, '', 2311, '2023-06-25 13:48:34', NULL, 0);
INSERT INTO `district_info` VALUES (231181, '', 2311, '2023-06-25 13:48:34', NULL, 0);
INSERT INTO `district_info` VALUES (231182, '', 2311, '2023-06-25 13:48:34', NULL, 0);
INSERT INTO `district_info` VALUES (231183, '', 2311, '2023-06-25 13:48:34', NULL, 0);
INSERT INTO `district_info` VALUES (231202, '', 2312, '2023-06-25 13:48:34', NULL, 0);
INSERT INTO `district_info` VALUES (231221, '', 2312, '2023-06-25 13:48:34', NULL, 0);
INSERT INTO `district_info` VALUES (231222, '', 2312, '2023-06-25 13:48:34', NULL, 0);
INSERT INTO `district_info` VALUES (231223, '', 2312, '2023-06-25 13:48:34', NULL, 0);
INSERT INTO `district_info` VALUES (231224, '', 2312, '2023-06-25 13:48:34', NULL, 0);
INSERT INTO `district_info` VALUES (231225, '', 2312, '2023-06-25 13:48:34', NULL, 0);
INSERT INTO `district_info` VALUES (231226, '', 2312, '2023-06-25 13:48:34', NULL, 0);
INSERT INTO `district_info` VALUES (231281, '', 2312, '2023-06-25 13:48:34', NULL, 0);
INSERT INTO `district_info` VALUES (231282, '', 2312, '2023-06-25 13:48:34', NULL, 0);
INSERT INTO `district_info` VALUES (231283, '', 2312, '2023-06-25 13:48:34', NULL, 0);
INSERT INTO `district_info` VALUES (232701, '', 2327, '2023-06-25 13:48:34', NULL, 0);
INSERT INTO `district_info` VALUES (232721, '', 2327, '2023-06-25 13:48:34', NULL, 0);
INSERT INTO `district_info` VALUES (232722, '', 2327, '2023-06-25 13:48:34', NULL, 0);
INSERT INTO `district_info` VALUES (232761, '', 2327, '2023-06-25 13:48:34', NULL, 0);
INSERT INTO `district_info` VALUES (232762, '', 2327, '2023-06-25 13:48:34', NULL, 0);
INSERT INTO `district_info` VALUES (232763, '', 2327, '2023-06-25 13:48:34', NULL, 0);
INSERT INTO `district_info` VALUES (232764, '', 2327, '2023-06-25 13:48:34', NULL, 0);
INSERT INTO `district_info` VALUES (310101, '', 3101, '2023-06-25 13:48:34', NULL, 0);
INSERT INTO `district_info` VALUES (310104, '', 3101, '2023-06-25 13:48:34', NULL, 0);
INSERT INTO `district_info` VALUES (310105, '', 3101, '2023-06-25 13:48:34', NULL, 0);
INSERT INTO `district_info` VALUES (310106, '', 3101, '2023-06-25 13:48:34', NULL, 0);
INSERT INTO `district_info` VALUES (310107, '', 3101, '2023-06-25 13:48:34', NULL, 0);
INSERT INTO `district_info` VALUES (310109, '', 3101, '2023-06-25 13:48:34', NULL, 0);
INSERT INTO `district_info` VALUES (310110, '', 3101, '2023-06-25 13:48:34', NULL, 0);
INSERT INTO `district_info` VALUES (310112, '', 3101, '2023-06-25 13:48:34', NULL, 0);
INSERT INTO `district_info` VALUES (310113, '', 3101, '2023-06-25 13:48:34', NULL, 0);
INSERT INTO `district_info` VALUES (310114, '', 3101, '2023-06-25 13:48:34', NULL, 0);
INSERT INTO `district_info` VALUES (310115, '', 3101, '2023-06-25 13:48:34', NULL, 0);
INSERT INTO `district_info` VALUES (310116, '', 3101, '2023-06-25 13:48:34', NULL, 0);
INSERT INTO `district_info` VALUES (310117, '', 3101, '2023-06-25 13:48:34', NULL, 0);
INSERT INTO `district_info` VALUES (310118, '', 3101, '2023-06-25 13:48:34', NULL, 0);
INSERT INTO `district_info` VALUES (310120, '', 3101, '2023-06-25 13:48:34', NULL, 0);
INSERT INTO `district_info` VALUES (310151, '', 3101, '2023-06-25 13:48:34', NULL, 0);
INSERT INTO `district_info` VALUES (320102, '', 3201, '2023-06-25 13:48:34', NULL, 0);
INSERT INTO `district_info` VALUES (320104, '', 3201, '2023-06-25 13:48:34', NULL, 0);
INSERT INTO `district_info` VALUES (320105, '', 3201, '2023-06-25 13:48:34', NULL, 0);
INSERT INTO `district_info` VALUES (320106, '', 3201, '2023-06-25 13:48:34', NULL, 0);
INSERT INTO `district_info` VALUES (320111, '', 3201, '2023-06-25 13:48:34', NULL, 0);
INSERT INTO `district_info` VALUES (320113, '', 3201, '2023-06-25 13:48:34', NULL, 0);
INSERT INTO `district_info` VALUES (320114, '', 3201, '2023-06-25 13:48:34', NULL, 0);
INSERT INTO `district_info` VALUES (320115, '', 3201, '2023-06-25 13:48:34', NULL, 0);
INSERT INTO `district_info` VALUES (320116, '', 3201, '2023-06-25 13:48:34', NULL, 0);
INSERT INTO `district_info` VALUES (320117, '', 3201, '2023-06-25 13:48:34', NULL, 0);
INSERT INTO `district_info` VALUES (320118, '', 3201, '2023-06-25 13:48:34', NULL, 0);
INSERT INTO `district_info` VALUES (320205, '', 3202, '2023-06-25 13:48:34', NULL, 0);
INSERT INTO `district_info` VALUES (320206, '', 3202, '2023-06-25 13:48:34', NULL, 0);
INSERT INTO `district_info` VALUES (320211, '', 3202, '2023-06-25 13:48:34', NULL, 0);
INSERT INTO `district_info` VALUES (320213, '', 3202, '2023-06-25 13:48:34', NULL, 0);
INSERT INTO `district_info` VALUES (320214, '', 3202, '2023-06-25 13:48:34', NULL, 0);
INSERT INTO `district_info` VALUES (320281, '', 3202, '2023-06-25 13:48:34', NULL, 0);
INSERT INTO `district_info` VALUES (320282, '', 3202, '2023-06-25 13:48:34', NULL, 0);
INSERT INTO `district_info` VALUES (320302, '', 3203, '2023-06-25 13:48:34', NULL, 0);
INSERT INTO `district_info` VALUES (320303, '', 3203, '2023-06-25 13:48:34', NULL, 0);
INSERT INTO `district_info` VALUES (320305, '', 3203, '2023-06-25 13:48:34', NULL, 0);
INSERT INTO `district_info` VALUES (320311, '', 3203, '2023-06-25 13:48:34', NULL, 0);
INSERT INTO `district_info` VALUES (320312, '', 3203, '2023-06-25 13:48:34', NULL, 0);
INSERT INTO `district_info` VALUES (320321, '', 3203, '2023-06-25 13:48:34', NULL, 0);
INSERT INTO `district_info` VALUES (320322, '', 3203, '2023-06-25 13:48:34', NULL, 0);
INSERT INTO `district_info` VALUES (320324, '', 3203, '2023-06-25 13:48:34', NULL, 0);
INSERT INTO `district_info` VALUES (320371, '', 3203, '2023-06-25 13:48:34', NULL, 0);
INSERT INTO `district_info` VALUES (320381, '', 3203, '2023-06-25 13:48:34', NULL, 0);
INSERT INTO `district_info` VALUES (320382, '', 3203, '2023-06-25 13:48:34', NULL, 0);
INSERT INTO `district_info` VALUES (320402, '', 3204, '2023-06-25 13:48:34', NULL, 0);
INSERT INTO `district_info` VALUES (320404, '', 3204, '2023-06-25 13:48:34', NULL, 0);
INSERT INTO `district_info` VALUES (320411, '', 3204, '2023-06-25 13:48:34', NULL, 0);
INSERT INTO `district_info` VALUES (320412, '', 3204, '2023-06-25 13:48:34', NULL, 0);
INSERT INTO `district_info` VALUES (320413, '', 3204, '2023-06-25 13:48:34', NULL, 0);
INSERT INTO `district_info` VALUES (320481, '', 3204, '2023-06-25 13:48:34', NULL, 0);
INSERT INTO `district_info` VALUES (320505, '', 3205, '2023-06-25 13:48:34', NULL, 0);
INSERT INTO `district_info` VALUES (320506, '', 3205, '2023-06-25 13:48:34', NULL, 0);
INSERT INTO `district_info` VALUES (320507, '', 3205, '2023-06-25 13:48:34', NULL, 0);
INSERT INTO `district_info` VALUES (320508, '', 3205, '2023-06-25 13:48:34', NULL, 0);
INSERT INTO `district_info` VALUES (320509, '', 3205, '2023-06-25 13:48:34', NULL, 0);
INSERT INTO `district_info` VALUES (320571, '', 3205, '2023-06-25 13:48:34', NULL, 0);
INSERT INTO `district_info` VALUES (320581, '', 3205, '2023-06-25 13:48:34', NULL, 0);
INSERT INTO `district_info` VALUES (320582, '', 3205, '2023-06-25 13:48:34', NULL, 0);
INSERT INTO `district_info` VALUES (320583, '', 3205, '2023-06-25 13:48:34', NULL, 0);
INSERT INTO `district_info` VALUES (320585, '', 3205, '2023-06-25 13:48:34', NULL, 0);
INSERT INTO `district_info` VALUES (320612, '', 3206, '2023-06-25 13:48:34', NULL, 0);
INSERT INTO `district_info` VALUES (320613, '', 3206, '2023-06-25 13:48:34', NULL, 0);
INSERT INTO `district_info` VALUES (320614, '', 3206, '2023-06-25 13:48:34', NULL, 0);
INSERT INTO `district_info` VALUES (320623, '', 3206, '2023-06-25 13:48:34', NULL, 0);
INSERT INTO `district_info` VALUES (320671, '', 3206, '2023-06-25 13:48:34', NULL, 0);
INSERT INTO `district_info` VALUES (320681, '', 3206, '2023-06-25 13:48:34', NULL, 0);
INSERT INTO `district_info` VALUES (320682, '', 3206, '2023-06-25 13:48:34', NULL, 0);
INSERT INTO `district_info` VALUES (320685, '', 3206, '2023-06-25 13:48:34', NULL, 0);
INSERT INTO `district_info` VALUES (320703, '', 3207, '2023-06-25 13:48:34', NULL, 0);
INSERT INTO `district_info` VALUES (320706, '', 3207, '2023-06-25 13:48:34', NULL, 0);
INSERT INTO `district_info` VALUES (320707, '', 3207, '2023-06-25 13:48:34', NULL, 0);
INSERT INTO `district_info` VALUES (320722, '', 3207, '2023-06-25 13:48:34', NULL, 0);
INSERT INTO `district_info` VALUES (320723, '', 3207, '2023-06-25 13:48:34', NULL, 0);
INSERT INTO `district_info` VALUES (320724, '', 3207, '2023-06-25 13:48:34', NULL, 0);
INSERT INTO `district_info` VALUES (320771, '', 3207, '2023-06-25 13:48:34', NULL, 0);
INSERT INTO `district_info` VALUES (320772, '', 3207, '2023-06-25 13:48:34', NULL, 0);
INSERT INTO `district_info` VALUES (320803, '', 3208, '2023-06-25 13:48:34', NULL, 0);
INSERT INTO `district_info` VALUES (320804, '', 3208, '2023-06-25 13:48:34', NULL, 0);
INSERT INTO `district_info` VALUES (320812, '', 3208, '2023-06-25 13:48:34', NULL, 0);
INSERT INTO `district_info` VALUES (320813, '', 3208, '2023-06-25 13:48:34', NULL, 0);
INSERT INTO `district_info` VALUES (320826, '', 3208, '2023-06-25 13:48:34', NULL, 0);
INSERT INTO `district_info` VALUES (320830, '', 3208, '2023-06-25 13:48:34', NULL, 0);
INSERT INTO `district_info` VALUES (320831, '', 3208, '2023-06-25 13:48:34', NULL, 0);
INSERT INTO `district_info` VALUES (320871, '', 3208, '2023-06-25 13:48:34', NULL, 0);
INSERT INTO `district_info` VALUES (320902, '', 3209, '2023-06-25 13:48:34', NULL, 0);
INSERT INTO `district_info` VALUES (320903, '', 3209, '2023-06-25 13:48:34', NULL, 0);
INSERT INTO `district_info` VALUES (320904, '', 3209, '2023-06-25 13:48:34', NULL, 0);
INSERT INTO `district_info` VALUES (320921, '', 3209, '2023-06-25 13:48:34', NULL, 0);
INSERT INTO `district_info` VALUES (320922, '', 3209, '2023-06-25 13:48:34', NULL, 0);
INSERT INTO `district_info` VALUES (320923, '', 3209, '2023-06-25 13:48:34', NULL, 0);
INSERT INTO `district_info` VALUES (320924, '', 3209, '2023-06-25 13:48:34', NULL, 0);
INSERT INTO `district_info` VALUES (320925, '', 3209, '2023-06-25 13:48:34', NULL, 0);
INSERT INTO `district_info` VALUES (320971, '', 3209, '2023-06-25 13:48:34', NULL, 0);
INSERT INTO `district_info` VALUES (320981, '', 3209, '2023-06-25 13:48:34', NULL, 0);
INSERT INTO `district_info` VALUES (321002, '', 3210, '2023-06-25 13:48:34', NULL, 0);
INSERT INTO `district_info` VALUES (321003, '', 3210, '2023-06-25 13:48:34', NULL, 0);
INSERT INTO `district_info` VALUES (321012, '', 3210, '2023-06-25 13:48:34', NULL, 0);
INSERT INTO `district_info` VALUES (321023, '', 3210, '2023-06-25 13:48:34', NULL, 0);
INSERT INTO `district_info` VALUES (321071, '', 3210, '2023-06-25 13:48:34', NULL, 0);
INSERT INTO `district_info` VALUES (321081, '', 3210, '2023-06-25 13:48:34', NULL, 0);
INSERT INTO `district_info` VALUES (321084, '', 3210, '2023-06-25 13:48:34', NULL, 0);
INSERT INTO `district_info` VALUES (321102, '', 3211, '2023-06-25 13:48:34', NULL, 0);
INSERT INTO `district_info` VALUES (321111, '', 3211, '2023-06-25 13:48:34', NULL, 0);
INSERT INTO `district_info` VALUES (321112, '', 3211, '2023-06-25 13:48:34', NULL, 0);
INSERT INTO `district_info` VALUES (321171, '', 3211, '2023-06-25 13:48:34', NULL, 0);
INSERT INTO `district_info` VALUES (321181, '', 3211, '2023-06-25 13:48:34', NULL, 0);
INSERT INTO `district_info` VALUES (321182, '', 3211, '2023-06-25 13:48:34', NULL, 0);
INSERT INTO `district_info` VALUES (321183, '', 3211, '2023-06-25 13:48:34', NULL, 0);
INSERT INTO `district_info` VALUES (321202, '', 3212, '2023-06-25 13:48:34', NULL, 0);
INSERT INTO `district_info` VALUES (321203, '', 3212, '2023-06-25 13:48:34', NULL, 0);
INSERT INTO `district_info` VALUES (321204, '', 3212, '2023-06-25 13:48:34', NULL, 0);
INSERT INTO `district_info` VALUES (321271, '', 3212, '2023-06-25 13:48:34', NULL, 0);
INSERT INTO `district_info` VALUES (321281, '', 3212, '2023-06-25 13:48:34', NULL, 0);
INSERT INTO `district_info` VALUES (321282, '', 3212, '2023-06-25 13:48:34', NULL, 0);
INSERT INTO `district_info` VALUES (321283, '', 3212, '2023-06-25 13:48:34', NULL, 0);
INSERT INTO `district_info` VALUES (321302, '', 3213, '2023-06-25 13:48:34', NULL, 0);
INSERT INTO `district_info` VALUES (321311, '', 3213, '2023-06-25 13:48:34', NULL, 0);
INSERT INTO `district_info` VALUES (321322, '', 3213, '2023-06-25 13:48:34', NULL, 0);
INSERT INTO `district_info` VALUES (321323, '', 3213, '2023-06-25 13:48:34', NULL, 0);
INSERT INTO `district_info` VALUES (321324, '', 3213, '2023-06-25 13:48:34', NULL, 0);
INSERT INTO `district_info` VALUES (321371, '', 3213, '2023-06-25 13:48:34', NULL, 0);
INSERT INTO `district_info` VALUES (330102, '', 3301, '2023-06-25 13:48:34', NULL, 0);
INSERT INTO `district_info` VALUES (330105, '', 3301, '2023-06-25 13:48:34', NULL, 0);
INSERT INTO `district_info` VALUES (330106, '', 3301, '2023-06-25 13:48:34', NULL, 0);
INSERT INTO `district_info` VALUES (330108, '', 3301, '2023-06-25 13:48:34', NULL, 0);
INSERT INTO `district_info` VALUES (330109, '', 3301, '2023-06-25 13:48:34', NULL, 0);
INSERT INTO `district_info` VALUES (330110, '', 3301, '2023-06-25 13:48:34', NULL, 0);
INSERT INTO `district_info` VALUES (330111, '', 3301, '2023-06-25 13:48:34', NULL, 0);
INSERT INTO `district_info` VALUES (330112, '', 3301, '2023-06-25 13:48:34', NULL, 0);
INSERT INTO `district_info` VALUES (330113, '', 3301, '2023-06-25 13:48:34', NULL, 0);
INSERT INTO `district_info` VALUES (330114, '', 3301, '2023-06-25 13:48:34', NULL, 0);
INSERT INTO `district_info` VALUES (330122, '', 3301, '2023-06-25 13:48:34', NULL, 0);
INSERT INTO `district_info` VALUES (330127, '', 3301, '2023-06-25 13:48:34', NULL, 0);
INSERT INTO `district_info` VALUES (330182, '', 3301, '2023-06-25 13:48:34', NULL, 0);
INSERT INTO `district_info` VALUES (330203, '', 3302, '2023-06-25 13:48:34', NULL, 0);
INSERT INTO `district_info` VALUES (330205, '', 3302, '2023-06-25 13:48:34', NULL, 0);
INSERT INTO `district_info` VALUES (330206, '', 3302, '2023-06-25 13:48:34', NULL, 0);
INSERT INTO `district_info` VALUES (330211, '', 3302, '2023-06-25 13:48:34', NULL, 0);
INSERT INTO `district_info` VALUES (330212, '', 3302, '2023-06-25 13:48:34', NULL, 0);
INSERT INTO `district_info` VALUES (330213, '', 3302, '2023-06-25 13:48:34', NULL, 0);
INSERT INTO `district_info` VALUES (330225, '', 3302, '2023-06-25 13:48:34', NULL, 0);
INSERT INTO `district_info` VALUES (330226, '', 3302, '2023-06-25 13:48:34', NULL, 0);
INSERT INTO `district_info` VALUES (330281, '', 3302, '2023-06-25 13:48:34', NULL, 0);
INSERT INTO `district_info` VALUES (330282, '', 3302, '2023-06-25 13:48:34', NULL, 0);
INSERT INTO `district_info` VALUES (330302, '', 3303, '2023-06-25 13:48:34', NULL, 0);
INSERT INTO `district_info` VALUES (330303, '', 3303, '2023-06-25 13:48:34', NULL, 0);
INSERT INTO `district_info` VALUES (330304, '', 3303, '2023-06-25 13:48:34', NULL, 0);
INSERT INTO `district_info` VALUES (330305, '', 3303, '2023-06-25 13:48:34', NULL, 0);
INSERT INTO `district_info` VALUES (330324, '', 3303, '2023-06-25 13:48:34', NULL, 0);
INSERT INTO `district_info` VALUES (330326, '', 3303, '2023-06-25 13:48:34', NULL, 0);
INSERT INTO `district_info` VALUES (330327, '', 3303, '2023-06-25 13:48:34', NULL, 0);
INSERT INTO `district_info` VALUES (330328, '', 3303, '2023-06-25 13:48:34', NULL, 0);
INSERT INTO `district_info` VALUES (330329, '', 3303, '2023-06-25 13:48:34', NULL, 0);
INSERT INTO `district_info` VALUES (330381, '', 3303, '2023-06-25 13:48:34', NULL, 0);
INSERT INTO `district_info` VALUES (330382, '', 3303, '2023-06-25 13:48:34', NULL, 0);
INSERT INTO `district_info` VALUES (330383, '', 3303, '2023-06-25 13:48:34', NULL, 0);
INSERT INTO `district_info` VALUES (330402, '', 3304, '2023-06-25 13:48:34', NULL, 0);
INSERT INTO `district_info` VALUES (330411, '', 3304, '2023-06-25 13:48:34', NULL, 0);
INSERT INTO `district_info` VALUES (330421, '', 3304, '2023-06-25 13:48:34', NULL, 0);
INSERT INTO `district_info` VALUES (330424, '', 3304, '2023-06-25 13:48:34', NULL, 0);
INSERT INTO `district_info` VALUES (330481, '', 3304, '2023-06-25 13:48:34', NULL, 0);
INSERT INTO `district_info` VALUES (330482, '', 3304, '2023-06-25 13:48:34', NULL, 0);
INSERT INTO `district_info` VALUES (330483, '', 3304, '2023-06-25 13:48:34', NULL, 0);
INSERT INTO `district_info` VALUES (330502, '', 3305, '2023-06-25 13:48:34', NULL, 0);
INSERT INTO `district_info` VALUES (330503, '', 3305, '2023-06-25 13:48:34', NULL, 0);
INSERT INTO `district_info` VALUES (330521, '', 3305, '2023-06-25 13:48:34', NULL, 0);
INSERT INTO `district_info` VALUES (330522, '', 3305, '2023-06-25 13:48:34', NULL, 0);
INSERT INTO `district_info` VALUES (330523, '', 3305, '2023-06-25 13:48:34', NULL, 0);
INSERT INTO `district_info` VALUES (330602, '', 3306, '2023-06-25 13:48:34', NULL, 0);
INSERT INTO `district_info` VALUES (330603, '', 3306, '2023-06-25 13:48:34', NULL, 0);
INSERT INTO `district_info` VALUES (330604, '', 3306, '2023-06-25 13:48:34', NULL, 0);
INSERT INTO `district_info` VALUES (330624, '', 3306, '2023-06-25 13:48:34', NULL, 0);
INSERT INTO `district_info` VALUES (330681, '', 3306, '2023-06-25 13:48:34', NULL, 0);
INSERT INTO `district_info` VALUES (330683, '', 3306, '2023-06-25 13:48:34', NULL, 0);
INSERT INTO `district_info` VALUES (330702, '', 3307, '2023-06-25 13:48:34', NULL, 0);
INSERT INTO `district_info` VALUES (330703, '', 3307, '2023-06-25 13:48:34', NULL, 0);
INSERT INTO `district_info` VALUES (330723, '', 3307, '2023-06-25 13:48:34', NULL, 0);
INSERT INTO `district_info` VALUES (330726, '', 3307, '2023-06-25 13:48:34', NULL, 0);
INSERT INTO `district_info` VALUES (330727, '', 3307, '2023-06-25 13:48:34', NULL, 0);
INSERT INTO `district_info` VALUES (330781, '', 3307, '2023-06-25 13:48:34', NULL, 0);
INSERT INTO `district_info` VALUES (330782, '', 3307, '2023-06-25 13:48:34', NULL, 0);
INSERT INTO `district_info` VALUES (330783, '', 3307, '2023-06-25 13:48:34', NULL, 0);
INSERT INTO `district_info` VALUES (330784, '', 3307, '2023-06-25 13:48:34', NULL, 0);
INSERT INTO `district_info` VALUES (330802, '', 3308, '2023-06-25 13:48:34', NULL, 0);
INSERT INTO `district_info` VALUES (330803, '', 3308, '2023-06-25 13:48:34', NULL, 0);
INSERT INTO `district_info` VALUES (330822, '', 3308, '2023-06-25 13:48:34', NULL, 0);
INSERT INTO `district_info` VALUES (330824, '', 3308, '2023-06-25 13:48:34', NULL, 0);
INSERT INTO `district_info` VALUES (330825, '', 3308, '2023-06-25 13:48:34', NULL, 0);
INSERT INTO `district_info` VALUES (330881, '', 3308, '2023-06-25 13:48:34', NULL, 0);
INSERT INTO `district_info` VALUES (330902, '', 3309, '2023-06-25 13:48:34', NULL, 0);
INSERT INTO `district_info` VALUES (330903, '', 3309, '2023-06-25 13:48:34', NULL, 0);
INSERT INTO `district_info` VALUES (330921, '', 3309, '2023-06-25 13:48:34', NULL, 0);
INSERT INTO `district_info` VALUES (330922, '', 3309, '2023-06-25 13:48:34', NULL, 0);
INSERT INTO `district_info` VALUES (331002, '', 3310, '2023-06-25 13:48:34', NULL, 0);
INSERT INTO `district_info` VALUES (331003, '', 3310, '2023-06-25 13:48:34', NULL, 0);
INSERT INTO `district_info` VALUES (331004, '', 3310, '2023-06-25 13:48:34', NULL, 0);
INSERT INTO `district_info` VALUES (331022, '', 3310, '2023-06-25 13:48:34', NULL, 0);
INSERT INTO `district_info` VALUES (331023, '', 3310, '2023-06-25 13:48:34', NULL, 0);
INSERT INTO `district_info` VALUES (331024, '', 3310, '2023-06-25 13:48:34', NULL, 0);
INSERT INTO `district_info` VALUES (331081, '', 3310, '2023-06-25 13:48:34', NULL, 0);
INSERT INTO `district_info` VALUES (331082, '', 3310, '2023-06-25 13:48:34', NULL, 0);
INSERT INTO `district_info` VALUES (331083, '', 3310, '2023-06-25 13:48:34', NULL, 0);
INSERT INTO `district_info` VALUES (331102, '', 3311, '2023-06-25 13:48:34', NULL, 0);
INSERT INTO `district_info` VALUES (331121, '', 3311, '2023-06-25 13:48:34', NULL, 0);
INSERT INTO `district_info` VALUES (331122, '', 3311, '2023-06-25 13:48:34', NULL, 0);
INSERT INTO `district_info` VALUES (331123, '', 3311, '2023-06-25 13:48:34', NULL, 0);
INSERT INTO `district_info` VALUES (331124, '', 3311, '2023-06-25 13:48:34', NULL, 0);
INSERT INTO `district_info` VALUES (331125, '', 3311, '2023-06-25 13:48:34', NULL, 0);
INSERT INTO `district_info` VALUES (331126, '', 3311, '2023-06-25 13:48:34', NULL, 0);
INSERT INTO `district_info` VALUES (331127, '', 3311, '2023-06-25 13:48:34', NULL, 0);
INSERT INTO `district_info` VALUES (331181, '', 3311, '2023-06-25 13:48:34', NULL, 0);
INSERT INTO `district_info` VALUES (340102, '', 3401, '2023-06-25 13:48:34', NULL, 0);
INSERT INTO `district_info` VALUES (340103, '', 3401, '2023-06-25 13:48:34', NULL, 0);
INSERT INTO `district_info` VALUES (340104, '', 3401, '2023-06-25 13:48:34', NULL, 0);
INSERT INTO `district_info` VALUES (340111, '', 3401, '2023-06-25 13:48:34', NULL, 0);
INSERT INTO `district_info` VALUES (340121, '', 3401, '2023-06-25 13:48:34', NULL, 0);
INSERT INTO `district_info` VALUES (340122, '', 3401, '2023-06-25 13:48:34', NULL, 0);
INSERT INTO `district_info` VALUES (340123, '', 3401, '2023-06-25 13:48:34', NULL, 0);
INSERT INTO `district_info` VALUES (340124, '', 3401, '2023-06-25 13:48:34', NULL, 0);
INSERT INTO `district_info` VALUES (340171, '', 3401, '2023-06-25 13:48:34', NULL, 0);
INSERT INTO `district_info` VALUES (340172, '', 3401, '2023-06-25 13:48:34', NULL, 0);
INSERT INTO `district_info` VALUES (340173, '', 3401, '2023-06-25 13:48:34', NULL, 0);
INSERT INTO `district_info` VALUES (340181, '', 3401, '2023-06-25 13:48:34', NULL, 0);
INSERT INTO `district_info` VALUES (340202, '', 3402, '2023-06-25 13:48:34', NULL, 0);
INSERT INTO `district_info` VALUES (340207, '', 3402, '2023-06-25 13:48:34', NULL, 0);
INSERT INTO `district_info` VALUES (340209, '', 3402, '2023-06-25 13:48:34', NULL, 0);
INSERT INTO `district_info` VALUES (340210, '', 3402, '2023-06-25 13:48:34', NULL, 0);
INSERT INTO `district_info` VALUES (340212, '', 3402, '2023-06-25 13:48:34', NULL, 0);
INSERT INTO `district_info` VALUES (340223, '', 3402, '2023-06-25 13:48:34', NULL, 0);
INSERT INTO `district_info` VALUES (340271, '', 3402, '2023-06-25 13:48:34', NULL, 0);
INSERT INTO `district_info` VALUES (340272, '', 3402, '2023-06-25 13:48:34', NULL, 0);
INSERT INTO `district_info` VALUES (340281, '', 3402, '2023-06-25 13:48:34', NULL, 0);
INSERT INTO `district_info` VALUES (340302, '', 3403, '2023-06-25 13:48:34', NULL, 0);
INSERT INTO `district_info` VALUES (340303, '', 3403, '2023-06-25 13:48:34', NULL, 0);
INSERT INTO `district_info` VALUES (340304, '', 3403, '2023-06-25 13:48:34', NULL, 0);
INSERT INTO `district_info` VALUES (340311, '', 3403, '2023-06-25 13:48:34', NULL, 0);
INSERT INTO `district_info` VALUES (340321, '', 3403, '2023-06-25 13:48:34', NULL, 0);
INSERT INTO `district_info` VALUES (340322, '', 3403, '2023-06-25 13:48:34', NULL, 0);
INSERT INTO `district_info` VALUES (340323, '', 3403, '2023-06-25 13:48:34', NULL, 0);
INSERT INTO `district_info` VALUES (340371, '', 3403, '2023-06-25 13:48:34', NULL, 0);
INSERT INTO `district_info` VALUES (340372, '', 3403, '2023-06-25 13:48:34', NULL, 0);
INSERT INTO `district_info` VALUES (340402, '', 3404, '2023-06-25 13:48:34', NULL, 0);
INSERT INTO `district_info` VALUES (340403, '', 3404, '2023-06-25 13:48:34', NULL, 0);
INSERT INTO `district_info` VALUES (340404, '', 3404, '2023-06-25 13:48:34', NULL, 0);
INSERT INTO `district_info` VALUES (340405, '', 3404, '2023-06-25 13:48:34', NULL, 0);
INSERT INTO `district_info` VALUES (340406, '', 3404, '2023-06-25 13:48:34', NULL, 0);
INSERT INTO `district_info` VALUES (340421, '', 3404, '2023-06-25 13:48:34', NULL, 0);
INSERT INTO `district_info` VALUES (340422, '', 3404, '2023-06-25 13:48:34', NULL, 0);
INSERT INTO `district_info` VALUES (340503, '', 3405, '2023-06-25 13:48:34', NULL, 0);
INSERT INTO `district_info` VALUES (340504, '', 3405, '2023-06-25 13:48:34', NULL, 0);
INSERT INTO `district_info` VALUES (340506, '', 3405, '2023-06-25 13:48:34', NULL, 0);
INSERT INTO `district_info` VALUES (340521, '', 3405, '2023-06-25 13:48:34', NULL, 0);
INSERT INTO `district_info` VALUES (340522, '', 3405, '2023-06-25 13:48:34', NULL, 0);
INSERT INTO `district_info` VALUES (340523, '', 3405, '2023-06-25 13:48:34', NULL, 0);
INSERT INTO `district_info` VALUES (340602, '', 3406, '2023-06-25 13:48:34', NULL, 0);
INSERT INTO `district_info` VALUES (340603, '', 3406, '2023-06-25 13:48:34', NULL, 0);
INSERT INTO `district_info` VALUES (340604, '', 3406, '2023-06-25 13:48:34', NULL, 0);
INSERT INTO `district_info` VALUES (340621, '', 3406, '2023-06-25 13:48:34', NULL, 0);
INSERT INTO `district_info` VALUES (340705, '', 3407, '2023-06-25 13:48:34', NULL, 0);
INSERT INTO `district_info` VALUES (340706, '', 3407, '2023-06-25 13:48:34', NULL, 0);
INSERT INTO `district_info` VALUES (340711, '', 3407, '2023-06-25 13:48:34', NULL, 0);
INSERT INTO `district_info` VALUES (340722, '', 3407, '2023-06-25 13:48:34', NULL, 0);
INSERT INTO `district_info` VALUES (340802, '', 3408, '2023-06-25 13:48:34', NULL, 0);
INSERT INTO `district_info` VALUES (340803, '', 3408, '2023-06-25 13:48:34', NULL, 0);
INSERT INTO `district_info` VALUES (340811, '', 3408, '2023-06-25 13:48:34', NULL, 0);
INSERT INTO `district_info` VALUES (340822, '', 3408, '2023-06-25 13:48:34', NULL, 0);
INSERT INTO `district_info` VALUES (340825, '', 3408, '2023-06-25 13:48:34', NULL, 0);
INSERT INTO `district_info` VALUES (340826, '', 3408, '2023-06-25 13:48:34', NULL, 0);
INSERT INTO `district_info` VALUES (340827, '', 3408, '2023-06-25 13:48:34', NULL, 0);
INSERT INTO `district_info` VALUES (340828, '', 3408, '2023-06-25 13:48:34', NULL, 0);
INSERT INTO `district_info` VALUES (340871, '', 3408, '2023-06-25 13:48:34', NULL, 0);
INSERT INTO `district_info` VALUES (340881, '', 3408, '2023-06-25 13:48:34', NULL, 0);
INSERT INTO `district_info` VALUES (340882, '', 3408, '2023-06-25 13:48:34', NULL, 0);
INSERT INTO `district_info` VALUES (341002, '', 3410, '2023-06-25 13:48:34', NULL, 0);
INSERT INTO `district_info` VALUES (341003, '', 3410, '2023-06-25 13:48:34', NULL, 0);
INSERT INTO `district_info` VALUES (341004, '', 3410, '2023-06-25 13:48:34', NULL, 0);
INSERT INTO `district_info` VALUES (341021, '', 3410, '2023-06-25 13:48:34', NULL, 0);
INSERT INTO `district_info` VALUES (341022, '', 3410, '2023-06-25 13:48:34', NULL, 0);
INSERT INTO `district_info` VALUES (341023, '', 3410, '2023-06-25 13:48:34', NULL, 0);
INSERT INTO `district_info` VALUES (341024, '', 3410, '2023-06-25 13:48:34', NULL, 0);
INSERT INTO `district_info` VALUES (341102, '', 3411, '2023-06-25 13:48:34', NULL, 0);
INSERT INTO `district_info` VALUES (341103, '', 3411, '2023-06-25 13:48:34', NULL, 0);
INSERT INTO `district_info` VALUES (341122, '', 3411, '2023-06-25 13:48:34', NULL, 0);
INSERT INTO `district_info` VALUES (341124, '', 3411, '2023-06-25 13:48:34', NULL, 0);
INSERT INTO `district_info` VALUES (341125, '', 3411, '2023-06-25 13:48:34', NULL, 0);
INSERT INTO `district_info` VALUES (341126, '', 3411, '2023-06-25 13:48:34', NULL, 0);
INSERT INTO `district_info` VALUES (341171, '', 3411, '2023-06-25 13:48:34', NULL, 0);
INSERT INTO `district_info` VALUES (341172, '', 3411, '2023-06-25 13:48:34', NULL, 0);
INSERT INTO `district_info` VALUES (341181, '', 3411, '2023-06-25 13:48:34', NULL, 0);
INSERT INTO `district_info` VALUES (341182, '', 3411, '2023-06-25 13:48:34', NULL, 0);
INSERT INTO `district_info` VALUES (341202, '', 3412, '2023-06-25 13:48:34', NULL, 0);
INSERT INTO `district_info` VALUES (341203, '', 3412, '2023-06-25 13:48:34', NULL, 0);
INSERT INTO `district_info` VALUES (341204, '', 3412, '2023-06-25 13:48:34', NULL, 0);
INSERT INTO `district_info` VALUES (341221, '', 3412, '2023-06-25 13:48:34', NULL, 0);
INSERT INTO `district_info` VALUES (341222, '', 3412, '2023-06-25 13:48:34', NULL, 0);
INSERT INTO `district_info` VALUES (341225, '', 3412, '2023-06-25 13:48:34', NULL, 0);
INSERT INTO `district_info` VALUES (341226, '', 3412, '2023-06-25 13:48:34', NULL, 0);
INSERT INTO `district_info` VALUES (341271, '', 3412, '2023-06-25 13:48:34', NULL, 0);
INSERT INTO `district_info` VALUES (341272, '', 3412, '2023-06-25 13:48:34', NULL, 0);
INSERT INTO `district_info` VALUES (341282, '', 3412, '2023-06-25 13:48:34', NULL, 0);
INSERT INTO `district_info` VALUES (341302, '', 3413, '2023-06-25 13:48:34', NULL, 0);
INSERT INTO `district_info` VALUES (341321, '', 3413, '2023-06-25 13:48:34', NULL, 0);
INSERT INTO `district_info` VALUES (341322, '', 3413, '2023-06-25 13:48:34', NULL, 0);
INSERT INTO `district_info` VALUES (341323, '', 3413, '2023-06-25 13:48:34', NULL, 0);
INSERT INTO `district_info` VALUES (341324, '', 3413, '2023-06-25 13:48:34', NULL, 0);
INSERT INTO `district_info` VALUES (341371, '', 3413, '2023-06-25 13:48:34', NULL, 0);
INSERT INTO `district_info` VALUES (341372, '', 3413, '2023-06-25 13:48:34', NULL, 0);
INSERT INTO `district_info` VALUES (341502, '', 3415, '2023-06-25 13:48:34', NULL, 0);
INSERT INTO `district_info` VALUES (341503, '', 3415, '2023-06-25 13:48:34', NULL, 0);
INSERT INTO `district_info` VALUES (341504, '', 3415, '2023-06-25 13:48:34', NULL, 0);
INSERT INTO `district_info` VALUES (341522, '', 3415, '2023-06-25 13:48:34', NULL, 0);
INSERT INTO `district_info` VALUES (341523, '', 3415, '2023-06-25 13:48:34', NULL, 0);
INSERT INTO `district_info` VALUES (341524, '', 3415, '2023-06-25 13:48:34', NULL, 0);
INSERT INTO `district_info` VALUES (341525, '', 3415, '2023-06-25 13:48:34', NULL, 0);
INSERT INTO `district_info` VALUES (341602, '', 3416, '2023-06-25 13:48:34', NULL, 0);
INSERT INTO `district_info` VALUES (341621, '', 3416, '2023-06-25 13:48:34', NULL, 0);
INSERT INTO `district_info` VALUES (341622, '', 3416, '2023-06-25 13:48:34', NULL, 0);
INSERT INTO `district_info` VALUES (341623, '', 3416, '2023-06-25 13:48:34', NULL, 0);
INSERT INTO `district_info` VALUES (341702, '', 3417, '2023-06-25 13:48:34', NULL, 0);
INSERT INTO `district_info` VALUES (341721, '', 3417, '2023-06-25 13:48:34', NULL, 0);
INSERT INTO `district_info` VALUES (341722, '', 3417, '2023-06-25 13:48:34', NULL, 0);
INSERT INTO `district_info` VALUES (341723, '', 3417, '2023-06-25 13:48:34', NULL, 0);
INSERT INTO `district_info` VALUES (341802, '', 3418, '2023-06-25 13:48:34', NULL, 0);
INSERT INTO `district_info` VALUES (341821, '', 3418, '2023-06-25 13:48:34', NULL, 0);
INSERT INTO `district_info` VALUES (341823, '', 3418, '2023-06-25 13:48:34', NULL, 0);
INSERT INTO `district_info` VALUES (341824, '', 3418, '2023-06-25 13:48:34', NULL, 0);
INSERT INTO `district_info` VALUES (341825, '', 3418, '2023-06-25 13:48:34', NULL, 0);
INSERT INTO `district_info` VALUES (341871, '', 3418, '2023-06-25 13:48:34', NULL, 0);
INSERT INTO `district_info` VALUES (341881, '', 3418, '2023-06-25 13:48:34', NULL, 0);
INSERT INTO `district_info` VALUES (341882, '', 3418, '2023-06-25 13:48:34', NULL, 0);
INSERT INTO `district_info` VALUES (350102, '', 3501, '2023-06-25 13:48:34', NULL, 0);
INSERT INTO `district_info` VALUES (350103, '', 3501, '2023-06-25 13:48:34', NULL, 0);
INSERT INTO `district_info` VALUES (350104, '', 3501, '2023-06-25 13:48:34', NULL, 0);
INSERT INTO `district_info` VALUES (350105, '', 3501, '2023-06-25 13:48:34', NULL, 0);
INSERT INTO `district_info` VALUES (350111, '', 3501, '2023-06-25 13:48:34', NULL, 0);
INSERT INTO `district_info` VALUES (350112, '', 3501, '2023-06-25 13:48:34', NULL, 0);
INSERT INTO `district_info` VALUES (350121, '', 3501, '2023-06-25 13:48:34', NULL, 0);
INSERT INTO `district_info` VALUES (350122, '', 3501, '2023-06-25 13:48:34', NULL, 0);
INSERT INTO `district_info` VALUES (350123, '', 3501, '2023-06-25 13:48:34', NULL, 0);
INSERT INTO `district_info` VALUES (350124, '', 3501, '2023-06-25 13:48:34', NULL, 0);
INSERT INTO `district_info` VALUES (350125, '', 3501, '2023-06-25 13:48:34', NULL, 0);
INSERT INTO `district_info` VALUES (350128, '', 3501, '2023-06-25 13:48:34', NULL, 0);
INSERT INTO `district_info` VALUES (350181, '', 3501, '2023-06-25 13:48:34', NULL, 0);
INSERT INTO `district_info` VALUES (350203, '', 3502, '2023-06-25 13:48:34', NULL, 0);
INSERT INTO `district_info` VALUES (350205, '', 3502, '2023-06-25 13:48:34', NULL, 0);
INSERT INTO `district_info` VALUES (350206, '', 3502, '2023-06-25 13:48:34', NULL, 0);
INSERT INTO `district_info` VALUES (350211, '', 3502, '2023-06-25 13:48:34', NULL, 0);
INSERT INTO `district_info` VALUES (350212, '', 3502, '2023-06-25 13:48:34', NULL, 0);
INSERT INTO `district_info` VALUES (350213, '', 3502, '2023-06-25 13:48:34', NULL, 0);
INSERT INTO `district_info` VALUES (350302, '', 3503, '2023-06-25 13:48:34', NULL, 0);
INSERT INTO `district_info` VALUES (350303, '', 3503, '2023-06-25 13:48:34', NULL, 0);
INSERT INTO `district_info` VALUES (350304, '', 3503, '2023-06-25 13:48:34', NULL, 0);
INSERT INTO `district_info` VALUES (350305, '', 3503, '2023-06-25 13:48:34', NULL, 0);
INSERT INTO `district_info` VALUES (350322, '', 3503, '2023-06-25 13:48:34', NULL, 0);
INSERT INTO `district_info` VALUES (350404, '', 3504, '2023-06-25 13:48:34', NULL, 0);
INSERT INTO `district_info` VALUES (350405, '', 3504, '2023-06-25 13:48:34', NULL, 0);
INSERT INTO `district_info` VALUES (350421, '', 3504, '2023-06-25 13:48:34', NULL, 0);
INSERT INTO `district_info` VALUES (350423, '', 3504, '2023-06-25 13:48:34', NULL, 0);
INSERT INTO `district_info` VALUES (350424, '', 3504, '2023-06-25 13:48:34', NULL, 0);
INSERT INTO `district_info` VALUES (350425, '', 3504, '2023-06-25 13:48:34', NULL, 0);
INSERT INTO `district_info` VALUES (350426, '', 3504, '2023-06-25 13:48:34', NULL, 0);
INSERT INTO `district_info` VALUES (350428, '', 3504, '2023-06-25 13:48:34', NULL, 0);
INSERT INTO `district_info` VALUES (350429, '', 3504, '2023-06-25 13:48:34', NULL, 0);
INSERT INTO `district_info` VALUES (350430, '', 3504, '2023-06-25 13:48:34', NULL, 0);
INSERT INTO `district_info` VALUES (350481, '', 3504, '2023-06-25 13:48:34', NULL, 0);
INSERT INTO `district_info` VALUES (350502, '', 3505, '2023-06-25 13:48:34', NULL, 0);
INSERT INTO `district_info` VALUES (350503, '', 3505, '2023-06-25 13:48:34', NULL, 0);
INSERT INTO `district_info` VALUES (350504, '', 3505, '2023-06-25 13:48:34', NULL, 0);
INSERT INTO `district_info` VALUES (350505, '', 3505, '2023-06-25 13:48:34', NULL, 0);
INSERT INTO `district_info` VALUES (350521, '', 3505, '2023-06-25 13:48:34', NULL, 0);
INSERT INTO `district_info` VALUES (350524, '', 3505, '2023-06-25 13:48:34', NULL, 0);
INSERT INTO `district_info` VALUES (350525, '', 3505, '2023-06-25 13:48:34', NULL, 0);
INSERT INTO `district_info` VALUES (350526, '', 3505, '2023-06-25 13:48:34', NULL, 0);
INSERT INTO `district_info` VALUES (350527, '', 3505, '2023-06-25 13:48:34', NULL, 0);
INSERT INTO `district_info` VALUES (350581, '', 3505, '2023-06-25 13:48:34', NULL, 0);
INSERT INTO `district_info` VALUES (350582, '', 3505, '2023-06-25 13:48:34', NULL, 0);
INSERT INTO `district_info` VALUES (350583, '', 3505, '2023-06-25 13:48:34', NULL, 0);
INSERT INTO `district_info` VALUES (350602, '', 3506, '2023-06-25 13:48:34', NULL, 0);
INSERT INTO `district_info` VALUES (350603, '', 3506, '2023-06-25 13:48:34', NULL, 0);
INSERT INTO `district_info` VALUES (350604, '', 3506, '2023-06-25 13:48:34', NULL, 0);
INSERT INTO `district_info` VALUES (350605, '', 3506, '2023-06-25 13:48:34', NULL, 0);
INSERT INTO `district_info` VALUES (350622, '', 3506, '2023-06-25 13:48:34', NULL, 0);
INSERT INTO `district_info` VALUES (350623, '', 3506, '2023-06-25 13:48:34', NULL, 0);
INSERT INTO `district_info` VALUES (350624, '', 3506, '2023-06-25 13:48:34', NULL, 0);
INSERT INTO `district_info` VALUES (350626, '', 3506, '2023-06-25 13:48:34', NULL, 0);
INSERT INTO `district_info` VALUES (350627, '', 3506, '2023-06-25 13:48:34', NULL, 0);
INSERT INTO `district_info` VALUES (350628, '', 3506, '2023-06-25 13:48:34', NULL, 0);
INSERT INTO `district_info` VALUES (350629, '', 3506, '2023-06-25 13:48:34', NULL, 0);
INSERT INTO `district_info` VALUES (350702, '', 3507, '2023-06-25 13:48:34', NULL, 0);
INSERT INTO `district_info` VALUES (350703, '', 3507, '2023-06-25 13:48:34', NULL, 0);
INSERT INTO `district_info` VALUES (350721, '', 3507, '2023-06-25 13:48:34', NULL, 0);
INSERT INTO `district_info` VALUES (350722, '', 3507, '2023-06-25 13:48:34', NULL, 0);
INSERT INTO `district_info` VALUES (350723, '', 3507, '2023-06-25 13:48:34', NULL, 0);
INSERT INTO `district_info` VALUES (350724, '', 3507, '2023-06-25 13:48:34', NULL, 0);
INSERT INTO `district_info` VALUES (350725, '', 3507, '2023-06-25 13:48:34', NULL, 0);
INSERT INTO `district_info` VALUES (350781, '', 3507, '2023-06-25 13:48:34', NULL, 0);
INSERT INTO `district_info` VALUES (350782, '', 3507, '2023-06-25 13:48:34', NULL, 0);
INSERT INTO `district_info` VALUES (350783, '', 3507, '2023-06-25 13:48:34', NULL, 0);
INSERT INTO `district_info` VALUES (350802, '', 3508, '2023-06-25 13:48:34', NULL, 0);
INSERT INTO `district_info` VALUES (350803, '', 3508, '2023-06-25 13:48:34', NULL, 0);
INSERT INTO `district_info` VALUES (350821, '', 3508, '2023-06-25 13:48:34', NULL, 0);
INSERT INTO `district_info` VALUES (350823, '', 3508, '2023-06-25 13:48:34', NULL, 0);
INSERT INTO `district_info` VALUES (350824, '', 3508, '2023-06-25 13:48:34', NULL, 0);
INSERT INTO `district_info` VALUES (350825, '', 3508, '2023-06-25 13:48:34', NULL, 0);
INSERT INTO `district_info` VALUES (350881, '', 3508, '2023-06-25 13:48:34', NULL, 0);
INSERT INTO `district_info` VALUES (350902, '', 3509, '2023-06-25 13:48:34', NULL, 0);
INSERT INTO `district_info` VALUES (350921, '', 3509, '2023-06-25 13:48:34', NULL, 0);
INSERT INTO `district_info` VALUES (350922, '', 3509, '2023-06-25 13:48:34', NULL, 0);
INSERT INTO `district_info` VALUES (350923, '', 3509, '2023-06-25 13:48:34', NULL, 0);
INSERT INTO `district_info` VALUES (350924, '', 3509, '2023-06-25 13:48:34', NULL, 0);
INSERT INTO `district_info` VALUES (350925, '', 3509, '2023-06-25 13:48:34', NULL, 0);
INSERT INTO `district_info` VALUES (350926, '', 3509, '2023-06-25 13:48:34', NULL, 0);
INSERT INTO `district_info` VALUES (350981, '', 3509, '2023-06-25 13:48:34', NULL, 0);
INSERT INTO `district_info` VALUES (350982, '', 3509, '2023-06-25 13:48:34', NULL, 0);
INSERT INTO `district_info` VALUES (360102, '', 3601, '2023-06-25 13:48:34', NULL, 0);
INSERT INTO `district_info` VALUES (360103, '', 3601, '2023-06-25 13:48:34', NULL, 0);
INSERT INTO `district_info` VALUES (360104, '', 3601, '2023-06-25 13:48:34', NULL, 0);
INSERT INTO `district_info` VALUES (360111, '', 3601, '2023-06-25 13:48:34', NULL, 0);
INSERT INTO `district_info` VALUES (360112, '', 3601, '2023-06-25 13:48:34', NULL, 0);
INSERT INTO `district_info` VALUES (360113, '', 3601, '2023-06-25 13:48:34', NULL, 0);
INSERT INTO `district_info` VALUES (360121, '', 3601, '2023-06-25 13:48:34', NULL, 0);
INSERT INTO `district_info` VALUES (360123, '', 3601, '2023-06-25 13:48:34', NULL, 0);
INSERT INTO `district_info` VALUES (360124, '', 3601, '2023-06-25 13:48:34', NULL, 0);
INSERT INTO `district_info` VALUES (360202, '', 3602, '2023-06-25 13:48:34', NULL, 0);
INSERT INTO `district_info` VALUES (360203, '', 3602, '2023-06-25 13:48:34', NULL, 0);
INSERT INTO `district_info` VALUES (360222, '', 3602, '2023-06-25 13:48:34', NULL, 0);
INSERT INTO `district_info` VALUES (360281, '', 3602, '2023-06-25 13:48:34', NULL, 0);
INSERT INTO `district_info` VALUES (360302, '', 3603, '2023-06-25 13:48:34', NULL, 0);
INSERT INTO `district_info` VALUES (360313, '', 3603, '2023-06-25 13:48:34', NULL, 0);
INSERT INTO `district_info` VALUES (360321, '', 3603, '2023-06-25 13:48:34', NULL, 0);
INSERT INTO `district_info` VALUES (360322, '', 3603, '2023-06-25 13:48:34', NULL, 0);
INSERT INTO `district_info` VALUES (360323, '', 3603, '2023-06-25 13:48:34', NULL, 0);
INSERT INTO `district_info` VALUES (360402, '', 3604, '2023-06-25 13:48:34', NULL, 0);
INSERT INTO `district_info` VALUES (360403, '', 3604, '2023-06-25 13:48:34', NULL, 0);
INSERT INTO `district_info` VALUES (360404, '', 3604, '2023-06-25 13:48:34', NULL, 0);
INSERT INTO `district_info` VALUES (360423, '', 3604, '2023-06-25 13:48:34', NULL, 0);
INSERT INTO `district_info` VALUES (360424, '', 3604, '2023-06-25 13:48:34', NULL, 0);
INSERT INTO `district_info` VALUES (360425, '', 3604, '2023-06-25 13:48:34', NULL, 0);
INSERT INTO `district_info` VALUES (360426, '', 3604, '2023-06-25 13:48:34', NULL, 0);
INSERT INTO `district_info` VALUES (360428, '', 3604, '2023-06-25 13:48:34', NULL, 0);
INSERT INTO `district_info` VALUES (360429, '', 3604, '2023-06-25 13:48:34', NULL, 0);
INSERT INTO `district_info` VALUES (360430, '', 3604, '2023-06-25 13:48:34', NULL, 0);
INSERT INTO `district_info` VALUES (360481, '', 3604, '2023-06-25 13:48:34', NULL, 0);
INSERT INTO `district_info` VALUES (360482, '', 3604, '2023-06-25 13:48:34', NULL, 0);
INSERT INTO `district_info` VALUES (360483, '', 3604, '2023-06-25 13:48:34', NULL, 0);
INSERT INTO `district_info` VALUES (360502, '', 3605, '2023-06-25 13:48:34', NULL, 0);
INSERT INTO `district_info` VALUES (360521, '', 3605, '2023-06-25 13:48:34', NULL, 0);
INSERT INTO `district_info` VALUES (360602, '', 3606, '2023-06-25 13:48:34', NULL, 0);
INSERT INTO `district_info` VALUES (360603, '', 3606, '2023-06-25 13:48:34', NULL, 0);
INSERT INTO `district_info` VALUES (360681, '', 3606, '2023-06-25 13:48:34', NULL, 0);
INSERT INTO `district_info` VALUES (360702, '', 3607, '2023-06-25 13:48:34', NULL, 0);
INSERT INTO `district_info` VALUES (360703, '', 3607, '2023-06-25 13:48:34', NULL, 0);
INSERT INTO `district_info` VALUES (360704, '', 3607, '2023-06-25 13:48:34', NULL, 0);
INSERT INTO `district_info` VALUES (360722, '', 3607, '2023-06-25 13:48:34', NULL, 0);
INSERT INTO `district_info` VALUES (360723, '', 3607, '2023-06-25 13:48:34', NULL, 0);
INSERT INTO `district_info` VALUES (360724, '', 3607, '2023-06-25 13:48:34', NULL, 0);
INSERT INTO `district_info` VALUES (360725, '', 3607, '2023-06-25 13:48:34', NULL, 0);
INSERT INTO `district_info` VALUES (360726, '', 3607, '2023-06-25 13:48:34', NULL, 0);
INSERT INTO `district_info` VALUES (360728, '', 3607, '2023-06-25 13:48:34', NULL, 0);
INSERT INTO `district_info` VALUES (360729, '', 3607, '2023-06-25 13:48:34', NULL, 0);
INSERT INTO `district_info` VALUES (360730, '', 3607, '2023-06-25 13:48:34', NULL, 0);
INSERT INTO `district_info` VALUES (360731, '', 3607, '2023-06-25 13:48:34', NULL, 0);
INSERT INTO `district_info` VALUES (360732, '', 3607, '2023-06-25 13:48:34', NULL, 0);
INSERT INTO `district_info` VALUES (360733, '', 3607, '2023-06-25 13:48:34', NULL, 0);
INSERT INTO `district_info` VALUES (360734, '', 3607, '2023-06-25 13:48:34', NULL, 0);
INSERT INTO `district_info` VALUES (360735, '', 3607, '2023-06-25 13:48:34', NULL, 0);
INSERT INTO `district_info` VALUES (360781, '', 3607, '2023-06-25 13:48:34', NULL, 0);
INSERT INTO `district_info` VALUES (360783, '', 3607, '2023-06-25 13:48:34', NULL, 0);
INSERT INTO `district_info` VALUES (360802, '', 3608, '2023-06-25 13:48:34', NULL, 0);
INSERT INTO `district_info` VALUES (360803, '', 3608, '2023-06-25 13:48:34', NULL, 0);
INSERT INTO `district_info` VALUES (360821, '', 3608, '2023-06-25 13:48:34', NULL, 0);
INSERT INTO `district_info` VALUES (360822, '', 3608, '2023-06-25 13:48:34', NULL, 0);
INSERT INTO `district_info` VALUES (360823, '', 3608, '2023-06-25 13:48:34', NULL, 0);
INSERT INTO `district_info` VALUES (360824, '', 3608, '2023-06-25 13:48:34', NULL, 0);
INSERT INTO `district_info` VALUES (360825, '', 3608, '2023-06-25 13:48:34', NULL, 0);
INSERT INTO `district_info` VALUES (360826, '', 3608, '2023-06-25 13:48:34', NULL, 0);
INSERT INTO `district_info` VALUES (360827, '', 3608, '2023-06-25 13:48:34', NULL, 0);
INSERT INTO `district_info` VALUES (360828, '', 3608, '2023-06-25 13:48:34', NULL, 0);
INSERT INTO `district_info` VALUES (360829, '', 3608, '2023-06-25 13:48:34', NULL, 0);
INSERT INTO `district_info` VALUES (360830, '', 3608, '2023-06-25 13:48:34', NULL, 0);
INSERT INTO `district_info` VALUES (360881, '', 3608, '2023-06-25 13:48:34', NULL, 0);
INSERT INTO `district_info` VALUES (360902, '', 3609, '2023-06-25 13:48:34', NULL, 0);
INSERT INTO `district_info` VALUES (360921, '', 3609, '2023-06-25 13:48:34', NULL, 0);
INSERT INTO `district_info` VALUES (360922, '', 3609, '2023-06-25 13:48:34', NULL, 0);
INSERT INTO `district_info` VALUES (360923, '', 3609, '2023-06-25 13:48:34', NULL, 0);
INSERT INTO `district_info` VALUES (360924, '', 3609, '2023-06-25 13:48:34', NULL, 0);
INSERT INTO `district_info` VALUES (360925, '', 3609, '2023-06-25 13:48:34', NULL, 0);
INSERT INTO `district_info` VALUES (360926, '', 3609, '2023-06-25 13:48:34', NULL, 0);
INSERT INTO `district_info` VALUES (360981, '', 3609, '2023-06-25 13:48:34', NULL, 0);
INSERT INTO `district_info` VALUES (360982, '', 3609, '2023-06-25 13:48:34', NULL, 0);
INSERT INTO `district_info` VALUES (360983, '', 3609, '2023-06-25 13:48:34', NULL, 0);
INSERT INTO `district_info` VALUES (361002, '', 3610, '2023-06-25 13:48:34', NULL, 0);
INSERT INTO `district_info` VALUES (361003, '', 3610, '2023-06-25 13:48:34', NULL, 0);
INSERT INTO `district_info` VALUES (361021, '', 3610, '2023-06-25 13:48:34', NULL, 0);
INSERT INTO `district_info` VALUES (361022, '', 3610, '2023-06-25 13:48:34', NULL, 0);
INSERT INTO `district_info` VALUES (361023, '', 3610, '2023-06-25 13:48:34', NULL, 0);
INSERT INTO `district_info` VALUES (361024, '', 3610, '2023-06-25 13:48:34', NULL, 0);
INSERT INTO `district_info` VALUES (361025, '', 3610, '2023-06-25 13:48:34', NULL, 0);
INSERT INTO `district_info` VALUES (361026, '', 3610, '2023-06-25 13:48:34', NULL, 0);
INSERT INTO `district_info` VALUES (361027, '', 3610, '2023-06-25 13:48:34', NULL, 0);
INSERT INTO `district_info` VALUES (361028, '', 3610, '2023-06-25 13:48:34', NULL, 0);
INSERT INTO `district_info` VALUES (361030, '', 3610, '2023-06-25 13:48:34', NULL, 0);
INSERT INTO `district_info` VALUES (361102, '', 3611, '2023-06-25 13:48:34', NULL, 0);
INSERT INTO `district_info` VALUES (361103, '', 3611, '2023-06-25 13:48:34', NULL, 0);
INSERT INTO `district_info` VALUES (361104, '', 3611, '2023-06-25 13:48:34', NULL, 0);
INSERT INTO `district_info` VALUES (361123, '', 3611, '2023-06-25 13:48:34', NULL, 0);
INSERT INTO `district_info` VALUES (361124, '', 3611, '2023-06-25 13:48:34', NULL, 0);
INSERT INTO `district_info` VALUES (361125, '', 3611, '2023-06-25 13:48:34', NULL, 0);
INSERT INTO `district_info` VALUES (361126, '', 3611, '2023-06-25 13:48:34', NULL, 0);
INSERT INTO `district_info` VALUES (361127, '', 3611, '2023-06-25 13:48:34', NULL, 0);
INSERT INTO `district_info` VALUES (361128, '', 3611, '2023-06-25 13:48:34', NULL, 0);
INSERT INTO `district_info` VALUES (361129, '', 3611, '2023-06-25 13:48:34', NULL, 0);
INSERT INTO `district_info` VALUES (361130, '', 3611, '2023-06-25 13:48:34', NULL, 0);
INSERT INTO `district_info` VALUES (361181, '', 3611, '2023-06-25 13:48:34', NULL, 0);
INSERT INTO `district_info` VALUES (370102, '', 3701, '2023-06-25 13:48:34', NULL, 0);
INSERT INTO `district_info` VALUES (370103, '', 3701, '2023-06-25 13:48:34', NULL, 0);
INSERT INTO `district_info` VALUES (370104, '', 3701, '2023-06-25 13:48:34', NULL, 0);
INSERT INTO `district_info` VALUES (370105, '', 3701, '2023-06-25 13:48:34', NULL, 0);
INSERT INTO `district_info` VALUES (370112, '', 3701, '2023-06-25 13:48:34', NULL, 0);
INSERT INTO `district_info` VALUES (370113, '', 3701, '2023-06-25 13:48:34', NULL, 0);
INSERT INTO `district_info` VALUES (370114, '', 3701, '2023-06-25 13:48:34', NULL, 0);
INSERT INTO `district_info` VALUES (370115, '', 3701, '2023-06-25 13:48:34', NULL, 0);
INSERT INTO `district_info` VALUES (370116, '', 3701, '2023-06-25 13:48:34', NULL, 0);
INSERT INTO `district_info` VALUES (370117, '', 3701, '2023-06-25 13:48:34', NULL, 0);
INSERT INTO `district_info` VALUES (370124, '', 3701, '2023-06-25 13:48:34', NULL, 0);
INSERT INTO `district_info` VALUES (370126, '', 3701, '2023-06-25 13:48:34', NULL, 0);
INSERT INTO `district_info` VALUES (370171, '', 3701, '2023-06-25 13:48:34', NULL, 0);
INSERT INTO `district_info` VALUES (370202, '', 3702, '2023-06-25 13:48:34', NULL, 0);
INSERT INTO `district_info` VALUES (370203, '', 3702, '2023-06-25 13:48:34', NULL, 0);
INSERT INTO `district_info` VALUES (370211, '', 3702, '2023-06-25 13:48:34', NULL, 0);
INSERT INTO `district_info` VALUES (370212, '', 3702, '2023-06-25 13:48:34', NULL, 0);
INSERT INTO `district_info` VALUES (370213, '', 3702, '2023-06-25 13:48:34', NULL, 0);
INSERT INTO `district_info` VALUES (370214, '', 3702, '2023-06-25 13:48:34', NULL, 0);
INSERT INTO `district_info` VALUES (370215, '', 3702, '2023-06-25 13:48:34', NULL, 0);
INSERT INTO `district_info` VALUES (370271, '', 3702, '2023-06-25 13:48:34', NULL, 0);
INSERT INTO `district_info` VALUES (370281, '', 3702, '2023-06-25 13:48:34', NULL, 0);
INSERT INTO `district_info` VALUES (370283, '', 3702, '2023-06-25 13:48:34', NULL, 0);
INSERT INTO `district_info` VALUES (370285, '', 3702, '2023-06-25 13:48:34', NULL, 0);
INSERT INTO `district_info` VALUES (370302, '', 3703, '2023-06-25 13:48:34', NULL, 0);
INSERT INTO `district_info` VALUES (370303, '', 3703, '2023-06-25 13:48:34', NULL, 0);
INSERT INTO `district_info` VALUES (370304, '', 3703, '2023-06-25 13:48:34', NULL, 0);
INSERT INTO `district_info` VALUES (370305, '', 3703, '2023-06-25 13:48:34', NULL, 0);
INSERT INTO `district_info` VALUES (370306, '', 3703, '2023-06-25 13:48:34', NULL, 0);
INSERT INTO `district_info` VALUES (370321, '', 3703, '2023-06-25 13:48:34', NULL, 0);
INSERT INTO `district_info` VALUES (370322, '', 3703, '2023-06-25 13:48:34', NULL, 0);
INSERT INTO `district_info` VALUES (370323, '', 3703, '2023-06-25 13:48:34', NULL, 0);
INSERT INTO `district_info` VALUES (370402, '', 3704, '2023-06-25 13:48:34', NULL, 0);
INSERT INTO `district_info` VALUES (370403, '', 3704, '2023-06-25 13:48:34', NULL, 0);
INSERT INTO `district_info` VALUES (370404, '', 3704, '2023-06-25 13:48:34', NULL, 0);
INSERT INTO `district_info` VALUES (370405, '', 3704, '2023-06-25 13:48:34', NULL, 0);
INSERT INTO `district_info` VALUES (370406, '', 3704, '2023-06-25 13:48:34', NULL, 0);
INSERT INTO `district_info` VALUES (370481, '', 3704, '2023-06-25 13:48:34', NULL, 0);
INSERT INTO `district_info` VALUES (370502, '', 3705, '2023-06-25 13:48:34', NULL, 0);
INSERT INTO `district_info` VALUES (370503, '', 3705, '2023-06-25 13:48:34', NULL, 0);
INSERT INTO `district_info` VALUES (370505, '', 3705, '2023-06-25 13:48:34', NULL, 0);
INSERT INTO `district_info` VALUES (370522, '', 3705, '2023-06-25 13:48:34', NULL, 0);
INSERT INTO `district_info` VALUES (370523, '', 3705, '2023-06-25 13:48:34', NULL, 0);
INSERT INTO `district_info` VALUES (370571, '', 3705, '2023-06-25 13:48:34', NULL, 0);
INSERT INTO `district_info` VALUES (370572, '', 3705, '2023-06-25 13:48:34', NULL, 0);
INSERT INTO `district_info` VALUES (370602, '', 3706, '2023-06-25 13:48:34', NULL, 0);
INSERT INTO `district_info` VALUES (370611, '', 3706, '2023-06-25 13:48:34', NULL, 0);
INSERT INTO `district_info` VALUES (370612, '', 3706, '2023-06-25 13:48:34', NULL, 0);
INSERT INTO `district_info` VALUES (370613, '', 3706, '2023-06-25 13:48:34', NULL, 0);
INSERT INTO `district_info` VALUES (370614, '', 3706, '2023-06-25 13:48:34', NULL, 0);
INSERT INTO `district_info` VALUES (370671, '', 3706, '2023-06-25 13:48:34', NULL, 0);
INSERT INTO `district_info` VALUES (370672, '', 3706, '2023-06-25 13:48:34', NULL, 0);
INSERT INTO `district_info` VALUES (370681, '', 3706, '2023-06-25 13:48:34', NULL, 0);
INSERT INTO `district_info` VALUES (370682, '', 3706, '2023-06-25 13:48:34', NULL, 0);
INSERT INTO `district_info` VALUES (370683, '', 3706, '2023-06-25 13:48:34', NULL, 0);
INSERT INTO `district_info` VALUES (370685, '', 3706, '2023-06-25 13:48:34', NULL, 0);
INSERT INTO `district_info` VALUES (370686, '', 3706, '2023-06-25 13:48:34', NULL, 0);
INSERT INTO `district_info` VALUES (370687, '', 3706, '2023-06-25 13:48:34', NULL, 0);
INSERT INTO `district_info` VALUES (370702, '', 3707, '2023-06-25 13:48:34', NULL, 0);
INSERT INTO `district_info` VALUES (370703, '', 3707, '2023-06-25 13:48:34', NULL, 0);
INSERT INTO `district_info` VALUES (370704, '', 3707, '2023-06-25 13:48:34', NULL, 0);
INSERT INTO `district_info` VALUES (370705, '', 3707, '2023-06-25 13:48:34', NULL, 0);
INSERT INTO `district_info` VALUES (370724, '', 3707, '2023-06-25 13:48:34', NULL, 0);
INSERT INTO `district_info` VALUES (370725, '', 3707, '2023-06-25 13:48:34', NULL, 0);
INSERT INTO `district_info` VALUES (370772, '', 3707, '2023-06-25 13:48:34', NULL, 0);
INSERT INTO `district_info` VALUES (370781, '', 3707, '2023-06-25 13:48:34', NULL, 0);
INSERT INTO `district_info` VALUES (370782, '', 3707, '2023-06-25 13:48:34', NULL, 0);
INSERT INTO `district_info` VALUES (370783, '', 3707, '2023-06-25 13:48:34', NULL, 0);
INSERT INTO `district_info` VALUES (370784, '', 3707, '2023-06-25 13:48:34', NULL, 0);
INSERT INTO `district_info` VALUES (370785, '', 3707, '2023-06-25 13:48:34', NULL, 0);
INSERT INTO `district_info` VALUES (370786, '', 3707, '2023-06-25 13:48:34', NULL, 0);
INSERT INTO `district_info` VALUES (370811, '', 3708, '2023-06-25 13:48:34', NULL, 0);
INSERT INTO `district_info` VALUES (370812, '', 3708, '2023-06-25 13:48:34', NULL, 0);
INSERT INTO `district_info` VALUES (370826, '', 3708, '2023-06-25 13:48:34', NULL, 0);
INSERT INTO `district_info` VALUES (370827, '', 3708, '2023-06-25 13:48:34', NULL, 0);
INSERT INTO `district_info` VALUES (370828, '', 3708, '2023-06-25 13:48:34', NULL, 0);
INSERT INTO `district_info` VALUES (370829, '', 3708, '2023-06-25 13:48:34', NULL, 0);
INSERT INTO `district_info` VALUES (370830, '', 3708, '2023-06-25 13:48:34', NULL, 0);
INSERT INTO `district_info` VALUES (370831, '', 3708, '2023-06-25 13:48:34', NULL, 0);
INSERT INTO `district_info` VALUES (370832, '', 3708, '2023-06-25 13:48:34', NULL, 0);
INSERT INTO `district_info` VALUES (370871, '', 3708, '2023-06-25 13:48:34', NULL, 0);
INSERT INTO `district_info` VALUES (370881, '', 3708, '2023-06-25 13:48:34', NULL, 0);
INSERT INTO `district_info` VALUES (370883, '', 3708, '2023-06-25 13:48:34', NULL, 0);
INSERT INTO `district_info` VALUES (370902, '', 3709, '2023-06-25 13:48:34', NULL, 0);
INSERT INTO `district_info` VALUES (370911, '', 3709, '2023-06-25 13:48:34', NULL, 0);
INSERT INTO `district_info` VALUES (370921, '', 3709, '2023-06-25 13:48:34', NULL, 0);
INSERT INTO `district_info` VALUES (370923, '', 3709, '2023-06-25 13:48:34', NULL, 0);
INSERT INTO `district_info` VALUES (370982, '', 3709, '2023-06-25 13:48:34', NULL, 0);
INSERT INTO `district_info` VALUES (370983, '', 3709, '2023-06-25 13:48:34', NULL, 0);
INSERT INTO `district_info` VALUES (371002, '', 3710, '2023-06-25 13:48:34', NULL, 0);
INSERT INTO `district_info` VALUES (371003, '', 3710, '2023-06-25 13:48:34', NULL, 0);
INSERT INTO `district_info` VALUES (371071, '', 3710, '2023-06-25 13:48:34', NULL, 0);
INSERT INTO `district_info` VALUES (371072, '', 3710, '2023-06-25 13:48:34', NULL, 0);
INSERT INTO `district_info` VALUES (371073, '', 3710, '2023-06-25 13:48:34', NULL, 0);
INSERT INTO `district_info` VALUES (371082, '', 3710, '2023-06-25 13:48:34', NULL, 0);
INSERT INTO `district_info` VALUES (371083, '', 3710, '2023-06-25 13:48:34', NULL, 0);
INSERT INTO `district_info` VALUES (371102, '', 3711, '2023-06-25 13:48:34', NULL, 0);
INSERT INTO `district_info` VALUES (371103, '', 3711, '2023-06-25 13:48:34', NULL, 0);
INSERT INTO `district_info` VALUES (371121, '', 3711, '2023-06-25 13:48:34', NULL, 0);
INSERT INTO `district_info` VALUES (371122, '', 3711, '2023-06-25 13:48:34', NULL, 0);
INSERT INTO `district_info` VALUES (371171, '', 3711, '2023-06-25 13:48:34', NULL, 0);
INSERT INTO `district_info` VALUES (371302, '', 3713, '2023-06-25 13:48:34', NULL, 0);
INSERT INTO `district_info` VALUES (371311, '', 3713, '2023-06-25 13:48:34', NULL, 0);
INSERT INTO `district_info` VALUES (371312, '', 3713, '2023-06-25 13:48:34', NULL, 0);
INSERT INTO `district_info` VALUES (371321, '', 3713, '2023-06-25 13:48:34', NULL, 0);
INSERT INTO `district_info` VALUES (371322, '', 3713, '2023-06-25 13:48:34', NULL, 0);
INSERT INTO `district_info` VALUES (371323, '', 3713, '2023-06-25 13:48:34', NULL, 0);
INSERT INTO `district_info` VALUES (371324, '', 3713, '2023-06-25 13:48:34', NULL, 0);
INSERT INTO `district_info` VALUES (371325, '', 3713, '2023-06-25 13:48:34', NULL, 0);
INSERT INTO `district_info` VALUES (371326, '', 3713, '2023-06-25 13:48:34', NULL, 0);
INSERT INTO `district_info` VALUES (371327, '', 3713, '2023-06-25 13:48:34', NULL, 0);
INSERT INTO `district_info` VALUES (371328, '', 3713, '2023-06-25 13:48:34', NULL, 0);
INSERT INTO `district_info` VALUES (371329, '', 3713, '2023-06-25 13:48:34', NULL, 0);
INSERT INTO `district_info` VALUES (371371, '', 3713, '2023-06-25 13:48:34', NULL, 0);
INSERT INTO `district_info` VALUES (371402, '', 3714, '2023-06-25 13:48:34', NULL, 0);
INSERT INTO `district_info` VALUES (371403, '', 3714, '2023-06-25 13:48:34', NULL, 0);
INSERT INTO `district_info` VALUES (371422, '', 3714, '2023-06-25 13:48:34', NULL, 0);
INSERT INTO `district_info` VALUES (371423, '', 3714, '2023-06-25 13:48:34', NULL, 0);
INSERT INTO `district_info` VALUES (371424, '', 3714, '2023-06-25 13:48:34', NULL, 0);
INSERT INTO `district_info` VALUES (371425, '', 3714, '2023-06-25 13:48:34', NULL, 0);
INSERT INTO `district_info` VALUES (371426, '', 3714, '2023-06-25 13:48:34', NULL, 0);
INSERT INTO `district_info` VALUES (371427, '', 3714, '2023-06-25 13:48:34', NULL, 0);
INSERT INTO `district_info` VALUES (371428, '', 3714, '2023-06-25 13:48:34', NULL, 0);
INSERT INTO `district_info` VALUES (371471, '', 3714, '2023-06-25 13:48:34', NULL, 0);
INSERT INTO `district_info` VALUES (371481, '', 3714, '2023-06-25 13:48:34', NULL, 0);
INSERT INTO `district_info` VALUES (371482, '', 3714, '2023-06-25 13:48:34', NULL, 0);
INSERT INTO `district_info` VALUES (371502, '', 3715, '2023-06-25 13:48:34', NULL, 0);
INSERT INTO `district_info` VALUES (371503, '', 3715, '2023-06-25 13:48:34', NULL, 0);
INSERT INTO `district_info` VALUES (371521, '', 3715, '2023-06-25 13:48:34', NULL, 0);
INSERT INTO `district_info` VALUES (371522, '', 3715, '2023-06-25 13:48:34', NULL, 0);
INSERT INTO `district_info` VALUES (371524, '', 3715, '2023-06-25 13:48:34', NULL, 0);
INSERT INTO `district_info` VALUES (371525, '', 3715, '2023-06-25 13:48:34', NULL, 0);
INSERT INTO `district_info` VALUES (371526, '', 3715, '2023-06-25 13:48:34', NULL, 0);
INSERT INTO `district_info` VALUES (371581, '', 3715, '2023-06-25 13:48:34', NULL, 0);
INSERT INTO `district_info` VALUES (371602, '', 3716, '2023-06-25 13:48:34', NULL, 0);
INSERT INTO `district_info` VALUES (371603, '', 3716, '2023-06-25 13:48:34', NULL, 0);
INSERT INTO `district_info` VALUES (371621, '', 3716, '2023-06-25 13:48:34', NULL, 0);
INSERT INTO `district_info` VALUES (371622, '', 3716, '2023-06-25 13:48:34', NULL, 0);
INSERT INTO `district_info` VALUES (371623, '', 3716, '2023-06-25 13:48:34', NULL, 0);
INSERT INTO `district_info` VALUES (371625, '', 3716, '2023-06-25 13:48:34', NULL, 0);
INSERT INTO `district_info` VALUES (371681, '', 3716, '2023-06-25 13:48:34', NULL, 0);
INSERT INTO `district_info` VALUES (371702, '', 3717, '2023-06-25 13:48:34', NULL, 0);
INSERT INTO `district_info` VALUES (371703, '', 3717, '2023-06-25 13:48:34', NULL, 0);
INSERT INTO `district_info` VALUES (371721, '', 3717, '2023-06-25 13:48:34', NULL, 0);
INSERT INTO `district_info` VALUES (371722, '', 3717, '2023-06-25 13:48:34', NULL, 0);
INSERT INTO `district_info` VALUES (371723, '', 3717, '2023-06-25 13:48:34', NULL, 0);
INSERT INTO `district_info` VALUES (371724, '', 3717, '2023-06-25 13:48:34', NULL, 0);
INSERT INTO `district_info` VALUES (371725, '', 3717, '2023-06-25 13:48:34', NULL, 0);
INSERT INTO `district_info` VALUES (371726, '', 3717, '2023-06-25 13:48:34', NULL, 0);
INSERT INTO `district_info` VALUES (371728, '', 3717, '2023-06-25 13:48:34', NULL, 0);
INSERT INTO `district_info` VALUES (371771, '', 3717, '2023-06-25 13:48:34', NULL, 0);
INSERT INTO `district_info` VALUES (371772, '', 3717, '2023-06-25 13:48:34', NULL, 0);
INSERT INTO `district_info` VALUES (410102, '', 4101, '2023-06-25 13:48:34', NULL, 0);
INSERT INTO `district_info` VALUES (410103, '', 4101, '2023-06-25 13:48:34', NULL, 0);
INSERT INTO `district_info` VALUES (410104, '', 4101, '2023-06-25 13:48:34', NULL, 0);
INSERT INTO `district_info` VALUES (410105, '', 4101, '2023-06-25 13:48:34', NULL, 0);
INSERT INTO `district_info` VALUES (410106, '', 4101, '2023-06-25 13:48:34', NULL, 0);
INSERT INTO `district_info` VALUES (410108, '', 4101, '2023-06-25 13:48:34', NULL, 0);
INSERT INTO `district_info` VALUES (410122, '', 4101, '2023-06-25 13:48:34', NULL, 0);
INSERT INTO `district_info` VALUES (410171, '', 4101, '2023-06-25 13:48:34', NULL, 0);
INSERT INTO `district_info` VALUES (410172, '', 4101, '2023-06-25 13:48:34', NULL, 0);
INSERT INTO `district_info` VALUES (410173, '', 4101, '2023-06-25 13:48:34', NULL, 0);
INSERT INTO `district_info` VALUES (410181, '', 4101, '2023-06-25 13:48:34', NULL, 0);
INSERT INTO `district_info` VALUES (410182, '', 4101, '2023-06-25 13:48:34', NULL, 0);
INSERT INTO `district_info` VALUES (410183, '', 4101, '2023-06-25 13:48:34', NULL, 0);
INSERT INTO `district_info` VALUES (410184, '', 4101, '2023-06-25 13:48:34', NULL, 0);
INSERT INTO `district_info` VALUES (410185, '', 4101, '2023-06-25 13:48:34', NULL, 0);
INSERT INTO `district_info` VALUES (410202, '', 4102, '2023-06-25 13:48:34', NULL, 0);
INSERT INTO `district_info` VALUES (410203, '', 4102, '2023-06-25 13:48:34', NULL, 0);
INSERT INTO `district_info` VALUES (410204, '', 4102, '2023-06-25 13:48:34', NULL, 0);
INSERT INTO `district_info` VALUES (410205, '', 4102, '2023-06-25 13:48:34', NULL, 0);
INSERT INTO `district_info` VALUES (410212, '', 4102, '2023-06-25 13:48:34', NULL, 0);
INSERT INTO `district_info` VALUES (410221, '', 4102, '2023-06-25 13:48:34', NULL, 0);
INSERT INTO `district_info` VALUES (410222, '', 4102, '2023-06-25 13:48:34', NULL, 0);
INSERT INTO `district_info` VALUES (410223, '', 4102, '2023-06-25 13:48:34', NULL, 0);
INSERT INTO `district_info` VALUES (410225, '', 4102, '2023-06-25 13:48:34', NULL, 0);
INSERT INTO `district_info` VALUES (410302, '', 4103, '2023-06-25 13:48:34', NULL, 0);
INSERT INTO `district_info` VALUES (410303, '', 4103, '2023-06-25 13:48:34', NULL, 0);
INSERT INTO `district_info` VALUES (410304, '', 4103, '2023-06-25 13:48:34', NULL, 0);
INSERT INTO `district_info` VALUES (410305, '', 4103, '2023-06-25 13:48:34', NULL, 0);
INSERT INTO `district_info` VALUES (410307, '', 4103, '2023-06-25 13:48:34', NULL, 0);
INSERT INTO `district_info` VALUES (410308, '', 4103, '2023-06-25 13:48:34', NULL, 0);
INSERT INTO `district_info` VALUES (410311, '', 4103, '2023-06-25 13:48:34', NULL, 0);
INSERT INTO `district_info` VALUES (410323, '', 4103, '2023-06-25 13:48:34', NULL, 0);
INSERT INTO `district_info` VALUES (410324, '', 4103, '2023-06-25 13:48:34', NULL, 0);
INSERT INTO `district_info` VALUES (410325, '', 4103, '2023-06-25 13:48:34', NULL, 0);
INSERT INTO `district_info` VALUES (410326, '', 4103, '2023-06-25 13:48:34', NULL, 0);
INSERT INTO `district_info` VALUES (410327, '', 4103, '2023-06-25 13:48:34', NULL, 0);
INSERT INTO `district_info` VALUES (410328, '', 4103, '2023-06-25 13:48:34', NULL, 0);
INSERT INTO `district_info` VALUES (410329, '', 4103, '2023-06-25 13:48:34', NULL, 0);
INSERT INTO `district_info` VALUES (410371, '', 4103, '2023-06-25 13:48:34', NULL, 0);
INSERT INTO `district_info` VALUES (410402, '', 4104, '2023-06-25 13:48:34', NULL, 0);
INSERT INTO `district_info` VALUES (410403, '', 4104, '2023-06-25 13:48:34', NULL, 0);
INSERT INTO `district_info` VALUES (410404, '', 4104, '2023-06-25 13:48:34', NULL, 0);
INSERT INTO `district_info` VALUES (410411, '', 4104, '2023-06-25 13:48:34', NULL, 0);
INSERT INTO `district_info` VALUES (410421, '', 4104, '2023-06-25 13:48:34', NULL, 0);
INSERT INTO `district_info` VALUES (410422, '', 4104, '2023-06-25 13:48:34', NULL, 0);
INSERT INTO `district_info` VALUES (410423, '', 4104, '2023-06-25 13:48:34', NULL, 0);
INSERT INTO `district_info` VALUES (410425, '', 4104, '2023-06-25 13:48:34', NULL, 0);
INSERT INTO `district_info` VALUES (410471, '', 4104, '2023-06-25 13:48:34', NULL, 0);
INSERT INTO `district_info` VALUES (410472, '', 4104, '2023-06-25 13:48:34', NULL, 0);
INSERT INTO `district_info` VALUES (410481, '', 4104, '2023-06-25 13:48:34', NULL, 0);
INSERT INTO `district_info` VALUES (410482, '', 4104, '2023-06-25 13:48:34', NULL, 0);
INSERT INTO `district_info` VALUES (410502, '', 4105, '2023-06-25 13:48:34', NULL, 0);
INSERT INTO `district_info` VALUES (410503, '', 4105, '2023-06-25 13:48:34', NULL, 0);
INSERT INTO `district_info` VALUES (410505, '', 4105, '2023-06-25 13:48:34', NULL, 0);
INSERT INTO `district_info` VALUES (410506, '', 4105, '2023-06-25 13:48:34', NULL, 0);
INSERT INTO `district_info` VALUES (410522, '', 4105, '2023-06-25 13:48:34', NULL, 0);
INSERT INTO `district_info` VALUES (410523, '', 4105, '2023-06-25 13:48:34', NULL, 0);
INSERT INTO `district_info` VALUES (410526, '', 4105, '2023-06-25 13:48:34', NULL, 0);
INSERT INTO `district_info` VALUES (410527, '', 4105, '2023-06-25 13:48:34', NULL, 0);
INSERT INTO `district_info` VALUES (410571, '', 4105, '2023-06-25 13:48:34', NULL, 0);
INSERT INTO `district_info` VALUES (410581, '', 4105, '2023-06-25 13:48:34', NULL, 0);
INSERT INTO `district_info` VALUES (410602, '', 4106, '2023-06-25 13:48:34', NULL, 0);
INSERT INTO `district_info` VALUES (410603, '', 4106, '2023-06-25 13:48:34', NULL, 0);
INSERT INTO `district_info` VALUES (410611, '', 4106, '2023-06-25 13:48:34', NULL, 0);
INSERT INTO `district_info` VALUES (410621, '', 4106, '2023-06-25 13:48:34', NULL, 0);
INSERT INTO `district_info` VALUES (410622, '', 4106, '2023-06-25 13:48:34', NULL, 0);
INSERT INTO `district_info` VALUES (410671, '', 4106, '2023-06-25 13:48:34', NULL, 0);
INSERT INTO `district_info` VALUES (410702, '', 4107, '2023-06-25 13:48:34', NULL, 0);
INSERT INTO `district_info` VALUES (410703, '', 4107, '2023-06-25 13:48:34', NULL, 0);
INSERT INTO `district_info` VALUES (410704, '', 4107, '2023-06-25 13:48:34', NULL, 0);
INSERT INTO `district_info` VALUES (410711, '', 4107, '2023-06-25 13:48:34', NULL, 0);
INSERT INTO `district_info` VALUES (410721, '', 4107, '2023-06-25 13:48:34', NULL, 0);
INSERT INTO `district_info` VALUES (410724, '', 4107, '2023-06-25 13:48:34', NULL, 0);
INSERT INTO `district_info` VALUES (410725, '', 4107, '2023-06-25 13:48:34', NULL, 0);
INSERT INTO `district_info` VALUES (410726, '', 4107, '2023-06-25 13:48:34', NULL, 0);
INSERT INTO `district_info` VALUES (410727, '', 4107, '2023-06-25 13:48:34', NULL, 0);
INSERT INTO `district_info` VALUES (410771, '', 4107, '2023-06-25 13:48:34', NULL, 0);
INSERT INTO `district_info` VALUES (410772, '', 4107, '2023-06-25 13:48:34', NULL, 0);
INSERT INTO `district_info` VALUES (410773, '', 4107, '2023-06-25 13:48:34', NULL, 0);
INSERT INTO `district_info` VALUES (410781, '', 4107, '2023-06-25 13:48:34', NULL, 0);
INSERT INTO `district_info` VALUES (410782, '', 4107, '2023-06-25 13:48:34', NULL, 0);
INSERT INTO `district_info` VALUES (410783, '', 4107, '2023-06-25 13:48:34', NULL, 0);
INSERT INTO `district_info` VALUES (410802, '', 4108, '2023-06-25 13:48:34', NULL, 0);
INSERT INTO `district_info` VALUES (410803, '', 4108, '2023-06-25 13:48:34', NULL, 0);
INSERT INTO `district_info` VALUES (410804, '', 4108, '2023-06-25 13:48:34', NULL, 0);
INSERT INTO `district_info` VALUES (410811, '', 4108, '2023-06-25 13:48:34', NULL, 0);
INSERT INTO `district_info` VALUES (410821, '', 4108, '2023-06-25 13:48:34', NULL, 0);
INSERT INTO `district_info` VALUES (410822, '', 4108, '2023-06-25 13:48:34', NULL, 0);
INSERT INTO `district_info` VALUES (410823, '', 4108, '2023-06-25 13:48:34', NULL, 0);
INSERT INTO `district_info` VALUES (410825, '', 4108, '2023-06-25 13:48:34', NULL, 0);
INSERT INTO `district_info` VALUES (410871, '', 4108, '2023-06-25 13:48:34', NULL, 0);
INSERT INTO `district_info` VALUES (410882, '', 4108, '2023-06-25 13:48:34', NULL, 0);
INSERT INTO `district_info` VALUES (410883, '', 4108, '2023-06-25 13:48:34', NULL, 0);
INSERT INTO `district_info` VALUES (410902, '', 4109, '2023-06-25 13:48:34', NULL, 0);
INSERT INTO `district_info` VALUES (410922, '', 4109, '2023-06-25 13:48:34', NULL, 0);
INSERT INTO `district_info` VALUES (410923, '', 4109, '2023-06-25 13:48:34', NULL, 0);
INSERT INTO `district_info` VALUES (410926, '', 4109, '2023-06-25 13:48:34', NULL, 0);
INSERT INTO `district_info` VALUES (410927, '', 4109, '2023-06-25 13:48:34', NULL, 0);
INSERT INTO `district_info` VALUES (410928, '', 4109, '2023-06-25 13:48:34', NULL, 0);
INSERT INTO `district_info` VALUES (410971, '', 4109, '2023-06-25 13:48:34', NULL, 0);
INSERT INTO `district_info` VALUES (410972, '', 4109, '2023-06-25 13:48:34', NULL, 0);
INSERT INTO `district_info` VALUES (411002, '', 4110, '2023-06-25 13:48:34', NULL, 0);
INSERT INTO `district_info` VALUES (411003, '', 4110, '2023-06-25 13:48:34', NULL, 0);
INSERT INTO `district_info` VALUES (411024, '', 4110, '2023-06-25 13:48:34', NULL, 0);
INSERT INTO `district_info` VALUES (411025, '', 4110, '2023-06-25 13:48:34', NULL, 0);
INSERT INTO `district_info` VALUES (411071, '', 4110, '2023-06-25 13:48:34', NULL, 0);
INSERT INTO `district_info` VALUES (411081, '', 4110, '2023-06-25 13:48:34', NULL, 0);
INSERT INTO `district_info` VALUES (411082, '', 4110, '2023-06-25 13:48:34', NULL, 0);
INSERT INTO `district_info` VALUES (411102, '', 4111, '2023-06-25 13:48:34', NULL, 0);
INSERT INTO `district_info` VALUES (411103, '', 4111, '2023-06-25 13:48:34', NULL, 0);
INSERT INTO `district_info` VALUES (411104, '', 4111, '2023-06-25 13:48:34', NULL, 0);
INSERT INTO `district_info` VALUES (411121, '', 4111, '2023-06-25 13:48:34', NULL, 0);
INSERT INTO `district_info` VALUES (411122, '', 4111, '2023-06-25 13:48:34', NULL, 0);
INSERT INTO `district_info` VALUES (411171, '', 4111, '2023-06-25 13:48:34', NULL, 0);
INSERT INTO `district_info` VALUES (411202, '', 4112, '2023-06-25 13:48:34', NULL, 0);
INSERT INTO `district_info` VALUES (411203, '', 4112, '2023-06-25 13:48:34', NULL, 0);
INSERT INTO `district_info` VALUES (411221, '', 4112, '2023-06-25 13:48:34', NULL, 0);
INSERT INTO `district_info` VALUES (411224, '', 4112, '2023-06-25 13:48:34', NULL, 0);
INSERT INTO `district_info` VALUES (411271, '', 4112, '2023-06-25 13:48:34', NULL, 0);
INSERT INTO `district_info` VALUES (411281, '', 4112, '2023-06-25 13:48:34', NULL, 0);
INSERT INTO `district_info` VALUES (411282, '', 4112, '2023-06-25 13:48:34', NULL, 0);
INSERT INTO `district_info` VALUES (411302, '', 4113, '2023-06-25 13:48:34', NULL, 0);
INSERT INTO `district_info` VALUES (411303, '', 4113, '2023-06-25 13:48:34', NULL, 0);
INSERT INTO `district_info` VALUES (411321, '', 4113, '2023-06-25 13:48:34', NULL, 0);
INSERT INTO `district_info` VALUES (411322, '', 4113, '2023-06-25 13:48:34', NULL, 0);
INSERT INTO `district_info` VALUES (411323, '', 4113, '2023-06-25 13:48:34', NULL, 0);
INSERT INTO `district_info` VALUES (411324, '', 4113, '2023-06-25 13:48:34', NULL, 0);
INSERT INTO `district_info` VALUES (411325, '', 4113, '2023-06-25 13:48:34', NULL, 0);
INSERT INTO `district_info` VALUES (411326, '', 4113, '2023-06-25 13:48:34', NULL, 0);
INSERT INTO `district_info` VALUES (411327, '', 4113, '2023-06-25 13:48:34', NULL, 0);
INSERT INTO `district_info` VALUES (411328, '', 4113, '2023-06-25 13:48:34', NULL, 0);
INSERT INTO `district_info` VALUES (411329, '', 4113, '2023-06-25 13:48:34', NULL, 0);
INSERT INTO `district_info` VALUES (411330, '', 4113, '2023-06-25 13:48:34', NULL, 0);
INSERT INTO `district_info` VALUES (411371, '', 4113, '2023-06-25 13:48:34', NULL, 0);
INSERT INTO `district_info` VALUES (411372, '', 4113, '2023-06-25 13:48:34', NULL, 0);
INSERT INTO `district_info` VALUES (411381, '', 4113, '2023-06-25 13:48:34', NULL, 0);
INSERT INTO `district_info` VALUES (411402, '', 4114, '2023-06-25 13:48:34', NULL, 0);
INSERT INTO `district_info` VALUES (411403, '', 4114, '2023-06-25 13:48:34', NULL, 0);
INSERT INTO `district_info` VALUES (411421, '', 4114, '2023-06-25 13:48:34', NULL, 0);
INSERT INTO `district_info` VALUES (411422, '', 4114, '2023-06-25 13:48:34', NULL, 0);
INSERT INTO `district_info` VALUES (411423, '', 4114, '2023-06-25 13:48:34', NULL, 0);
INSERT INTO `district_info` VALUES (411424, '', 4114, '2023-06-25 13:48:34', NULL, 0);
INSERT INTO `district_info` VALUES (411425, '', 4114, '2023-06-25 13:48:34', NULL, 0);
INSERT INTO `district_info` VALUES (411426, '', 4114, '2023-06-25 13:48:34', NULL, 0);
INSERT INTO `district_info` VALUES (411471, '', 4114, '2023-06-25 13:48:34', NULL, 0);
INSERT INTO `district_info` VALUES (411472, '', 4114, '2023-06-25 13:48:34', NULL, 0);
INSERT INTO `district_info` VALUES (411481, '', 4114, '2023-06-25 13:48:34', NULL, 0);
INSERT INTO `district_info` VALUES (411502, '', 4115, '2023-06-25 13:48:34', NULL, 0);
INSERT INTO `district_info` VALUES (411503, '', 4115, '2023-06-25 13:48:34', NULL, 0);
INSERT INTO `district_info` VALUES (411521, '', 4115, '2023-06-25 13:48:34', NULL, 0);
INSERT INTO `district_info` VALUES (411522, '', 4115, '2023-06-25 13:48:34', NULL, 0);
INSERT INTO `district_info` VALUES (411523, '', 4115, '2023-06-25 13:48:34', NULL, 0);
INSERT INTO `district_info` VALUES (411524, '', 4115, '2023-06-25 13:48:34', NULL, 0);
INSERT INTO `district_info` VALUES (411525, '', 4115, '2023-06-25 13:48:34', NULL, 0);
INSERT INTO `district_info` VALUES (411526, '', 4115, '2023-06-25 13:48:34', NULL, 0);
INSERT INTO `district_info` VALUES (411527, '', 4115, '2023-06-25 13:48:34', NULL, 0);
INSERT INTO `district_info` VALUES (411528, '', 4115, '2023-06-25 13:48:34', NULL, 0);
INSERT INTO `district_info` VALUES (411571, '', 4115, '2023-06-25 13:48:34', NULL, 0);
INSERT INTO `district_info` VALUES (411602, '', 4116, '2023-06-25 13:48:34', NULL, 0);
INSERT INTO `district_info` VALUES (411603, '', 4116, '2023-06-25 13:48:34', NULL, 0);
INSERT INTO `district_info` VALUES (411621, '', 4116, '2023-06-25 13:48:34', NULL, 0);
INSERT INTO `district_info` VALUES (411622, '', 4116, '2023-06-25 13:48:34', NULL, 0);
INSERT INTO `district_info` VALUES (411623, '', 4116, '2023-06-25 13:48:34', NULL, 0);
INSERT INTO `district_info` VALUES (411624, '', 4116, '2023-06-25 13:48:34', NULL, 0);
INSERT INTO `district_info` VALUES (411625, '', 4116, '2023-06-25 13:48:34', NULL, 0);
INSERT INTO `district_info` VALUES (411627, '', 4116, '2023-06-25 13:48:34', NULL, 0);
INSERT INTO `district_info` VALUES (411628, '', 4116, '2023-06-25 13:48:34', NULL, 0);
INSERT INTO `district_info` VALUES (411671, '', 4116, '2023-06-25 13:48:34', NULL, 0);
INSERT INTO `district_info` VALUES (411681, '', 4116, '2023-06-25 13:48:34', NULL, 0);
INSERT INTO `district_info` VALUES (411702, '', 4117, '2023-06-25 13:48:34', NULL, 0);
INSERT INTO `district_info` VALUES (411721, '', 4117, '2023-06-25 13:48:34', NULL, 0);
INSERT INTO `district_info` VALUES (411722, '', 4117, '2023-06-25 13:48:34', NULL, 0);
INSERT INTO `district_info` VALUES (411723, '', 4117, '2023-06-25 13:48:34', NULL, 0);
INSERT INTO `district_info` VALUES (411724, '', 4117, '2023-06-25 13:48:34', NULL, 0);
INSERT INTO `district_info` VALUES (411725, '', 4117, '2023-06-25 13:48:34', NULL, 0);
INSERT INTO `district_info` VALUES (411726, '', 4117, '2023-06-25 13:48:34', NULL, 0);
INSERT INTO `district_info` VALUES (411727, '', 4117, '2023-06-25 13:48:34', NULL, 0);
INSERT INTO `district_info` VALUES (411728, '', 4117, '2023-06-25 13:48:34', NULL, 0);
INSERT INTO `district_info` VALUES (411729, '', 4117, '2023-06-25 13:48:34', NULL, 0);
INSERT INTO `district_info` VALUES (411771, '', 4117, '2023-06-25 13:48:34', NULL, 0);
INSERT INTO `district_info` VALUES (419001, '', 4190, '2023-06-25 13:48:34', NULL, 0);
INSERT INTO `district_info` VALUES (420102, '', 4201, '2023-06-25 13:48:34', NULL, 0);
INSERT INTO `district_info` VALUES (420103, '', 4201, '2023-06-25 13:48:34', NULL, 0);
INSERT INTO `district_info` VALUES (420104, '', 4201, '2023-06-25 13:48:34', NULL, 0);
INSERT INTO `district_info` VALUES (420105, '', 4201, '2023-06-25 13:48:34', NULL, 0);
INSERT INTO `district_info` VALUES (420106, '', 4201, '2023-06-25 13:48:34', NULL, 0);
INSERT INTO `district_info` VALUES (420107, '', 4201, '2023-06-25 13:48:34', NULL, 0);
INSERT INTO `district_info` VALUES (420111, '', 4201, '2023-06-25 13:48:34', NULL, 0);
INSERT INTO `district_info` VALUES (420112, '', 4201, '2023-06-25 13:48:34', NULL, 0);
INSERT INTO `district_info` VALUES (420113, '', 4201, '2023-06-25 13:48:34', NULL, 0);
INSERT INTO `district_info` VALUES (420114, '', 4201, '2023-06-25 13:48:34', NULL, 0);
INSERT INTO `district_info` VALUES (420115, '', 4201, '2023-06-25 13:48:34', NULL, 0);
INSERT INTO `district_info` VALUES (420116, '', 4201, '2023-06-25 13:48:34', NULL, 0);
INSERT INTO `district_info` VALUES (420117, '', 4201, '2023-06-25 13:48:34', NULL, 0);
INSERT INTO `district_info` VALUES (420202, '', 4202, '2023-06-25 13:48:34', NULL, 0);
INSERT INTO `district_info` VALUES (420203, '', 4202, '2023-06-25 13:48:34', NULL, 0);
INSERT INTO `district_info` VALUES (420204, '', 4202, '2023-06-25 13:48:34', NULL, 0);
INSERT INTO `district_info` VALUES (420205, '', 4202, '2023-06-25 13:48:34', NULL, 0);
INSERT INTO `district_info` VALUES (420222, '', 4202, '2023-06-25 13:48:34', NULL, 0);
INSERT INTO `district_info` VALUES (420281, '', 4202, '2023-06-25 13:48:34', NULL, 0);
INSERT INTO `district_info` VALUES (420302, '', 4203, '2023-06-25 13:48:34', NULL, 0);
INSERT INTO `district_info` VALUES (420303, '', 4203, '2023-06-25 13:48:34', NULL, 0);
INSERT INTO `district_info` VALUES (420304, '', 4203, '2023-06-25 13:48:34', NULL, 0);
INSERT INTO `district_info` VALUES (420322, '', 4203, '2023-06-25 13:48:34', NULL, 0);
INSERT INTO `district_info` VALUES (420323, '', 4203, '2023-06-25 13:48:34', NULL, 0);
INSERT INTO `district_info` VALUES (420324, '', 4203, '2023-06-25 13:48:34', NULL, 0);
INSERT INTO `district_info` VALUES (420325, '', 4203, '2023-06-25 13:48:34', NULL, 0);
INSERT INTO `district_info` VALUES (420381, '', 4203, '2023-06-25 13:48:34', NULL, 0);
INSERT INTO `district_info` VALUES (420502, '', 4205, '2023-06-25 13:48:34', NULL, 0);
INSERT INTO `district_info` VALUES (420503, '', 4205, '2023-06-25 13:48:34', NULL, 0);
INSERT INTO `district_info` VALUES (420504, '', 4205, '2023-06-25 13:48:34', NULL, 0);
INSERT INTO `district_info` VALUES (420505, '', 4205, '2023-06-25 13:48:34', NULL, 0);
INSERT INTO `district_info` VALUES (420506, '', 4205, '2023-06-25 13:48:34', NULL, 0);
INSERT INTO `district_info` VALUES (420525, '', 4205, '2023-06-25 13:48:34', NULL, 0);
INSERT INTO `district_info` VALUES (420526, '', 4205, '2023-06-25 13:48:34', NULL, 0);
INSERT INTO `district_info` VALUES (420527, '', 4205, '2023-06-25 13:48:34', NULL, 0);
INSERT INTO `district_info` VALUES (420528, '', 4205, '2023-06-25 13:48:34', NULL, 0);
INSERT INTO `district_info` VALUES (420529, '', 4205, '2023-06-25 13:48:34', NULL, 0);
INSERT INTO `district_info` VALUES (420581, '', 4205, '2023-06-25 13:48:34', NULL, 0);
INSERT INTO `district_info` VALUES (420582, '', 4205, '2023-06-25 13:48:34', NULL, 0);
INSERT INTO `district_info` VALUES (420583, '', 4205, '2023-06-25 13:48:34', NULL, 0);
INSERT INTO `district_info` VALUES (420602, '', 4206, '2023-06-25 13:48:34', NULL, 0);
INSERT INTO `district_info` VALUES (420606, '', 4206, '2023-06-25 13:48:34', NULL, 0);
INSERT INTO `district_info` VALUES (420607, '', 4206, '2023-06-25 13:48:34', NULL, 0);
INSERT INTO `district_info` VALUES (420624, '', 4206, '2023-06-25 13:48:34', NULL, 0);
INSERT INTO `district_info` VALUES (420625, '', 4206, '2023-06-25 13:48:34', NULL, 0);
INSERT INTO `district_info` VALUES (420626, '', 4206, '2023-06-25 13:48:34', NULL, 0);
INSERT INTO `district_info` VALUES (420682, '', 4206, '2023-06-25 13:48:34', NULL, 0);
INSERT INTO `district_info` VALUES (420683, '', 4206, '2023-06-25 13:48:34', NULL, 0);
INSERT INTO `district_info` VALUES (420684, '', 4206, '2023-06-25 13:48:34', NULL, 0);
INSERT INTO `district_info` VALUES (420702, '', 4207, '2023-06-25 13:48:34', NULL, 0);
INSERT INTO `district_info` VALUES (420703, '', 4207, '2023-06-25 13:48:34', NULL, 0);
INSERT INTO `district_info` VALUES (420704, '', 4207, '2023-06-25 13:48:34', NULL, 0);
INSERT INTO `district_info` VALUES (420802, '', 4208, '2023-06-25 13:48:34', NULL, 0);
INSERT INTO `district_info` VALUES (420804, '', 4208, '2023-06-25 13:48:34', NULL, 0);
INSERT INTO `district_info` VALUES (420822, '', 4208, '2023-06-25 13:48:34', NULL, 0);
INSERT INTO `district_info` VALUES (420881, '', 4208, '2023-06-25 13:48:34', NULL, 0);
INSERT INTO `district_info` VALUES (420882, '', 4208, '2023-06-25 13:48:34', NULL, 0);
INSERT INTO `district_info` VALUES (420902, '', 4209, '2023-06-25 13:48:34', NULL, 0);
INSERT INTO `district_info` VALUES (420921, '', 4209, '2023-06-25 13:48:34', NULL, 0);
INSERT INTO `district_info` VALUES (420922, '', 4209, '2023-06-25 13:48:34', NULL, 0);
INSERT INTO `district_info` VALUES (420923, '', 4209, '2023-06-25 13:48:34', NULL, 0);
INSERT INTO `district_info` VALUES (420981, '', 4209, '2023-06-25 13:48:34', NULL, 0);
INSERT INTO `district_info` VALUES (420982, '', 4209, '2023-06-25 13:48:34', NULL, 0);
INSERT INTO `district_info` VALUES (420984, '', 4209, '2023-06-25 13:48:34', NULL, 0);
INSERT INTO `district_info` VALUES (421002, '', 4210, '2023-06-25 13:48:34', NULL, 0);
INSERT INTO `district_info` VALUES (421003, '', 4210, '2023-06-25 13:48:34', NULL, 0);
INSERT INTO `district_info` VALUES (421022, '', 4210, '2023-06-25 13:48:34', NULL, 0);
INSERT INTO `district_info` VALUES (421024, '', 4210, '2023-06-25 13:48:34', NULL, 0);
INSERT INTO `district_info` VALUES (421071, '', 4210, '2023-06-25 13:48:34', NULL, 0);
INSERT INTO `district_info` VALUES (421081, '', 4210, '2023-06-25 13:48:34', NULL, 0);
INSERT INTO `district_info` VALUES (421083, '', 4210, '2023-06-25 13:48:34', NULL, 0);
INSERT INTO `district_info` VALUES (421087, '', 4210, '2023-06-25 13:48:34', NULL, 0);
INSERT INTO `district_info` VALUES (421088, '', 4210, '2023-06-25 13:48:34', NULL, 0);
INSERT INTO `district_info` VALUES (421102, '', 4211, '2023-06-25 13:48:34', NULL, 0);
INSERT INTO `district_info` VALUES (421121, '', 4211, '2023-06-25 13:48:34', NULL, 0);
INSERT INTO `district_info` VALUES (421122, '', 4211, '2023-06-25 13:48:34', NULL, 0);
INSERT INTO `district_info` VALUES (421123, '', 4211, '2023-06-25 13:48:34', NULL, 0);
INSERT INTO `district_info` VALUES (421124, '', 4211, '2023-06-25 13:48:34', NULL, 0);
INSERT INTO `district_info` VALUES (421125, '', 4211, '2023-06-25 13:48:34', NULL, 0);
INSERT INTO `district_info` VALUES (421126, '', 4211, '2023-06-25 13:48:34', NULL, 0);
INSERT INTO `district_info` VALUES (421127, '', 4211, '2023-06-25 13:48:34', NULL, 0);
INSERT INTO `district_info` VALUES (421171, '', 4211, '2023-06-25 13:48:34', NULL, 0);
INSERT INTO `district_info` VALUES (421181, '', 4211, '2023-06-25 13:48:34', NULL, 0);
INSERT INTO `district_info` VALUES (421182, '', 4211, '2023-06-25 13:48:34', NULL, 0);
INSERT INTO `district_info` VALUES (421202, '', 4212, '2023-06-25 13:48:34', NULL, 0);
INSERT INTO `district_info` VALUES (421221, '', 4212, '2023-06-25 13:48:34', NULL, 0);
INSERT INTO `district_info` VALUES (421222, '', 4212, '2023-06-25 13:48:34', NULL, 0);
INSERT INTO `district_info` VALUES (421223, '', 4212, '2023-06-25 13:48:34', NULL, 0);
INSERT INTO `district_info` VALUES (421224, '', 4212, '2023-06-25 13:48:34', NULL, 0);
INSERT INTO `district_info` VALUES (421281, '', 4212, '2023-06-25 13:48:34', NULL, 0);
INSERT INTO `district_info` VALUES (421303, '', 4213, '2023-06-25 13:48:34', NULL, 0);
INSERT INTO `district_info` VALUES (421321, '', 4213, '2023-06-25 13:48:34', NULL, 0);
INSERT INTO `district_info` VALUES (421381, '', 4213, '2023-06-25 13:48:34', NULL, 0);
INSERT INTO `district_info` VALUES (422801, '', 4228, '2023-06-25 13:48:34', NULL, 0);
INSERT INTO `district_info` VALUES (422802, '', 4228, '2023-06-25 13:48:34', NULL, 0);
INSERT INTO `district_info` VALUES (422822, '', 4228, '2023-06-25 13:48:34', NULL, 0);
INSERT INTO `district_info` VALUES (422823, '', 4228, '2023-06-25 13:48:34', NULL, 0);
INSERT INTO `district_info` VALUES (422825, '', 4228, '2023-06-25 13:48:34', NULL, 0);
INSERT INTO `district_info` VALUES (422826, '', 4228, '2023-06-25 13:48:34', NULL, 0);
INSERT INTO `district_info` VALUES (422827, '', 4228, '2023-06-25 13:48:34', NULL, 0);
INSERT INTO `district_info` VALUES (422828, '', 4228, '2023-06-25 13:48:34', NULL, 0);
INSERT INTO `district_info` VALUES (429004, '', 4290, '2023-06-25 13:48:34', NULL, 0);
INSERT INTO `district_info` VALUES (429005, '', 4290, '2023-06-25 13:48:34', NULL, 0);
INSERT INTO `district_info` VALUES (429006, '', 4290, '2023-06-25 13:48:34', NULL, 0);
INSERT INTO `district_info` VALUES (429021, '', 4290, '2023-06-25 13:48:34', NULL, 0);
INSERT INTO `district_info` VALUES (430102, '', 4301, '2023-06-25 13:48:34', NULL, 0);
INSERT INTO `district_info` VALUES (430103, '', 4301, '2023-06-25 13:48:34', NULL, 0);
INSERT INTO `district_info` VALUES (430104, '', 4301, '2023-06-25 13:48:34', NULL, 0);
INSERT INTO `district_info` VALUES (430105, '', 4301, '2023-06-25 13:48:34', NULL, 0);
INSERT INTO `district_info` VALUES (430111, '', 4301, '2023-06-25 13:48:34', NULL, 0);
INSERT INTO `district_info` VALUES (430112, '', 4301, '2023-06-25 13:48:34', NULL, 0);
INSERT INTO `district_info` VALUES (430121, '', 4301, '2023-06-25 13:48:34', NULL, 0);
INSERT INTO `district_info` VALUES (430181, '', 4301, '2023-06-25 13:48:34', NULL, 0);
INSERT INTO `district_info` VALUES (430182, '', 4301, '2023-06-25 13:48:34', NULL, 0);
INSERT INTO `district_info` VALUES (430202, '', 4302, '2023-06-25 13:48:34', NULL, 0);
INSERT INTO `district_info` VALUES (430203, '', 4302, '2023-06-25 13:48:34', NULL, 0);
INSERT INTO `district_info` VALUES (430204, '', 4302, '2023-06-25 13:48:34', NULL, 0);
INSERT INTO `district_info` VALUES (430211, '', 4302, '2023-06-25 13:48:34', NULL, 0);
INSERT INTO `district_info` VALUES (430212, '', 4302, '2023-06-25 13:48:34', NULL, 0);
INSERT INTO `district_info` VALUES (430223, '', 4302, '2023-06-25 13:48:34', NULL, 0);
INSERT INTO `district_info` VALUES (430224, '', 4302, '2023-06-25 13:48:34', NULL, 0);
INSERT INTO `district_info` VALUES (430225, '', 4302, '2023-06-25 13:48:34', NULL, 0);
INSERT INTO `district_info` VALUES (430281, '', 4302, '2023-06-25 13:48:34', NULL, 0);
INSERT INTO `district_info` VALUES (430302, '', 4303, '2023-06-25 13:48:34', NULL, 0);
INSERT INTO `district_info` VALUES (430304, '', 4303, '2023-06-25 13:48:34', NULL, 0);
INSERT INTO `district_info` VALUES (430321, '', 4303, '2023-06-25 13:48:34', NULL, 0);
INSERT INTO `district_info` VALUES (430371, '', 4303, '2023-06-25 13:48:34', NULL, 0);
INSERT INTO `district_info` VALUES (430372, '', 4303, '2023-06-25 13:48:34', NULL, 0);
INSERT INTO `district_info` VALUES (430373, '', 4303, '2023-06-25 13:48:34', NULL, 0);
INSERT INTO `district_info` VALUES (430381, '', 4303, '2023-06-25 13:48:34', NULL, 0);
INSERT INTO `district_info` VALUES (430382, '', 4303, '2023-06-25 13:48:34', NULL, 0);
INSERT INTO `district_info` VALUES (430405, '', 4304, '2023-06-25 13:48:34', NULL, 0);
INSERT INTO `district_info` VALUES (430406, '', 4304, '2023-06-25 13:48:34', NULL, 0);
INSERT INTO `district_info` VALUES (430407, '', 4304, '2023-06-25 13:48:34', NULL, 0);
INSERT INTO `district_info` VALUES (430408, '', 4304, '2023-06-25 13:48:34', NULL, 0);
INSERT INTO `district_info` VALUES (430412, '', 4304, '2023-06-25 13:48:34', NULL, 0);
INSERT INTO `district_info` VALUES (430421, '', 4304, '2023-06-25 13:48:34', NULL, 0);
INSERT INTO `district_info` VALUES (430422, '', 4304, '2023-06-25 13:48:34', NULL, 0);
INSERT INTO `district_info` VALUES (430423, '', 4304, '2023-06-25 13:48:34', NULL, 0);
INSERT INTO `district_info` VALUES (430424, '', 4304, '2023-06-25 13:48:34', NULL, 0);
INSERT INTO `district_info` VALUES (430426, '', 4304, '2023-06-25 13:48:34', NULL, 0);
INSERT INTO `district_info` VALUES (430471, '', 4304, '2023-06-25 13:48:34', NULL, 0);
INSERT INTO `district_info` VALUES (430472, '', 4304, '2023-06-25 13:48:34', NULL, 0);
INSERT INTO `district_info` VALUES (430473, '', 4304, '2023-06-25 13:48:34', NULL, 0);
INSERT INTO `district_info` VALUES (430481, '', 4304, '2023-06-25 13:48:34', NULL, 0);
INSERT INTO `district_info` VALUES (430482, '', 4304, '2023-06-25 13:48:34', NULL, 0);
INSERT INTO `district_info` VALUES (430502, '', 4305, '2023-06-25 13:48:34', NULL, 0);
INSERT INTO `district_info` VALUES (430503, '', 4305, '2023-06-25 13:48:34', NULL, 0);
INSERT INTO `district_info` VALUES (430511, '', 4305, '2023-06-25 13:48:34', NULL, 0);
INSERT INTO `district_info` VALUES (430522, '', 4305, '2023-06-25 13:48:34', NULL, 0);
INSERT INTO `district_info` VALUES (430523, '', 4305, '2023-06-25 13:48:34', NULL, 0);
INSERT INTO `district_info` VALUES (430524, '', 4305, '2023-06-25 13:48:34', NULL, 0);
INSERT INTO `district_info` VALUES (430525, '', 4305, '2023-06-25 13:48:34', NULL, 0);
INSERT INTO `district_info` VALUES (430527, '', 4305, '2023-06-25 13:48:34', NULL, 0);
INSERT INTO `district_info` VALUES (430528, '', 4305, '2023-06-25 13:48:34', NULL, 0);
INSERT INTO `district_info` VALUES (430529, '', 4305, '2023-06-25 13:48:34', NULL, 0);
INSERT INTO `district_info` VALUES (430581, '', 4305, '2023-06-25 13:48:34', NULL, 0);
INSERT INTO `district_info` VALUES (430582, '', 4305, '2023-06-25 13:48:34', NULL, 0);
INSERT INTO `district_info` VALUES (430602, '', 4306, '2023-06-25 13:48:34', NULL, 0);
INSERT INTO `district_info` VALUES (430603, '', 4306, '2023-06-25 13:48:34', NULL, 0);
INSERT INTO `district_info` VALUES (430611, '', 4306, '2023-06-25 13:48:34', NULL, 0);
INSERT INTO `district_info` VALUES (430621, '', 4306, '2023-06-25 13:48:34', NULL, 0);
INSERT INTO `district_info` VALUES (430623, '', 4306, '2023-06-25 13:48:34', NULL, 0);
INSERT INTO `district_info` VALUES (430624, '', 4306, '2023-06-25 13:48:34', NULL, 0);
INSERT INTO `district_info` VALUES (430626, '', 4306, '2023-06-25 13:48:34', NULL, 0);
INSERT INTO `district_info` VALUES (430671, '', 4306, '2023-06-25 13:48:34', NULL, 0);
INSERT INTO `district_info` VALUES (430681, '', 4306, '2023-06-25 13:48:34', NULL, 0);
INSERT INTO `district_info` VALUES (430682, '', 4306, '2023-06-25 13:48:34', NULL, 0);
INSERT INTO `district_info` VALUES (430702, '', 4307, '2023-06-25 13:48:34', NULL, 0);
INSERT INTO `district_info` VALUES (430703, '', 4307, '2023-06-25 13:48:34', NULL, 0);
INSERT INTO `district_info` VALUES (430721, '', 4307, '2023-06-25 13:48:34', NULL, 0);
INSERT INTO `district_info` VALUES (430722, '', 4307, '2023-06-25 13:48:34', NULL, 0);
INSERT INTO `district_info` VALUES (430723, '', 4307, '2023-06-25 13:48:34', NULL, 0);
INSERT INTO `district_info` VALUES (430724, '', 4307, '2023-06-25 13:48:34', NULL, 0);
INSERT INTO `district_info` VALUES (430725, '', 4307, '2023-06-25 13:48:34', NULL, 0);
INSERT INTO `district_info` VALUES (430726, '', 4307, '2023-06-25 13:48:34', NULL, 0);
INSERT INTO `district_info` VALUES (430771, '', 4307, '2023-06-25 13:48:34', NULL, 0);
INSERT INTO `district_info` VALUES (430781, '', 4307, '2023-06-25 13:48:34', NULL, 0);
INSERT INTO `district_info` VALUES (430802, '', 4308, '2023-06-25 13:48:34', NULL, 0);
INSERT INTO `district_info` VALUES (430811, '', 4308, '2023-06-25 13:48:34', NULL, 0);
INSERT INTO `district_info` VALUES (430821, '', 4308, '2023-06-25 13:48:34', NULL, 0);
INSERT INTO `district_info` VALUES (430822, '', 4308, '2023-06-25 13:48:34', NULL, 0);
INSERT INTO `district_info` VALUES (430902, '', 4309, '2023-06-25 13:48:34', NULL, 0);
INSERT INTO `district_info` VALUES (430903, '', 4309, '2023-06-25 13:48:34', NULL, 0);
INSERT INTO `district_info` VALUES (430921, '', 4309, '2023-06-25 13:48:34', NULL, 0);
INSERT INTO `district_info` VALUES (430922, '', 4309, '2023-06-25 13:48:34', NULL, 0);
INSERT INTO `district_info` VALUES (430923, '', 4309, '2023-06-25 13:48:34', NULL, 0);
INSERT INTO `district_info` VALUES (430971, '', 4309, '2023-06-25 13:48:34', NULL, 0);
INSERT INTO `district_info` VALUES (430972, '', 4309, '2023-06-25 13:48:34', NULL, 0);
INSERT INTO `district_info` VALUES (430981, '', 4309, '2023-06-25 13:48:34', NULL, 0);
INSERT INTO `district_info` VALUES (431002, '', 4310, '2023-06-25 13:48:34', NULL, 0);
INSERT INTO `district_info` VALUES (431003, '', 4310, '2023-06-25 13:48:34', NULL, 0);
INSERT INTO `district_info` VALUES (431021, '', 4310, '2023-06-25 13:48:34', NULL, 0);
INSERT INTO `district_info` VALUES (431022, '', 4310, '2023-06-25 13:48:34', NULL, 0);
INSERT INTO `district_info` VALUES (431023, '', 4310, '2023-06-25 13:48:34', NULL, 0);
INSERT INTO `district_info` VALUES (431024, '', 4310, '2023-06-25 13:48:34', NULL, 0);
INSERT INTO `district_info` VALUES (431025, '', 4310, '2023-06-25 13:48:34', NULL, 0);
INSERT INTO `district_info` VALUES (431026, '', 4310, '2023-06-25 13:48:34', NULL, 0);
INSERT INTO `district_info` VALUES (431027, '', 4310, '2023-06-25 13:48:34', NULL, 0);
INSERT INTO `district_info` VALUES (431028, '', 4310, '2023-06-25 13:48:34', NULL, 0);
INSERT INTO `district_info` VALUES (431081, '', 4310, '2023-06-25 13:48:34', NULL, 0);
INSERT INTO `district_info` VALUES (431102, '', 4311, '2023-06-25 13:48:34', NULL, 0);
INSERT INTO `district_info` VALUES (431103, '', 4311, '2023-06-25 13:48:34', NULL, 0);
INSERT INTO `district_info` VALUES (431122, '', 4311, '2023-06-25 13:48:34', NULL, 0);
INSERT INTO `district_info` VALUES (431123, '', 4311, '2023-06-25 13:48:34', NULL, 0);
INSERT INTO `district_info` VALUES (431124, '', 4311, '2023-06-25 13:48:34', NULL, 0);
INSERT INTO `district_info` VALUES (431125, '', 4311, '2023-06-25 13:48:34', NULL, 0);
INSERT INTO `district_info` VALUES (431126, '', 4311, '2023-06-25 13:48:34', NULL, 0);
INSERT INTO `district_info` VALUES (431127, '', 4311, '2023-06-25 13:48:34', NULL, 0);
INSERT INTO `district_info` VALUES (431128, '', 4311, '2023-06-25 13:48:34', NULL, 0);
INSERT INTO `district_info` VALUES (431129, '', 4311, '2023-06-25 13:48:34', NULL, 0);
INSERT INTO `district_info` VALUES (431171, '', 4311, '2023-06-25 13:48:34', NULL, 0);
INSERT INTO `district_info` VALUES (431173, '', 4311, '2023-06-25 13:48:34', NULL, 0);
INSERT INTO `district_info` VALUES (431181, '', 4311, '2023-06-25 13:48:34', NULL, 0);
INSERT INTO `district_info` VALUES (431202, '', 4312, '2023-06-25 13:48:34', NULL, 0);
INSERT INTO `district_info` VALUES (431221, '', 4312, '2023-06-25 13:48:34', NULL, 0);
INSERT INTO `district_info` VALUES (431222, '', 4312, '2023-06-25 13:48:34', NULL, 0);
INSERT INTO `district_info` VALUES (431223, '', 4312, '2023-06-25 13:48:34', NULL, 0);
INSERT INTO `district_info` VALUES (431224, '', 4312, '2023-06-25 13:48:34', NULL, 0);
INSERT INTO `district_info` VALUES (431225, '', 4312, '2023-06-25 13:48:34', NULL, 0);
INSERT INTO `district_info` VALUES (431226, '', 4312, '2023-06-25 13:48:34', NULL, 0);
INSERT INTO `district_info` VALUES (431227, '', 4312, '2023-06-25 13:48:34', NULL, 0);
INSERT INTO `district_info` VALUES (431228, '', 4312, '2023-06-25 13:48:34', NULL, 0);
INSERT INTO `district_info` VALUES (431229, '', 4312, '2023-06-25 13:48:34', NULL, 0);
INSERT INTO `district_info` VALUES (431230, '', 4312, '2023-06-25 13:48:34', NULL, 0);
INSERT INTO `district_info` VALUES (431271, '', 4312, '2023-06-25 13:48:34', NULL, 0);
INSERT INTO `district_info` VALUES (431281, '', 4312, '2023-06-25 13:48:34', NULL, 0);
INSERT INTO `district_info` VALUES (431302, '', 4313, '2023-06-25 13:48:34', NULL, 0);
INSERT INTO `district_info` VALUES (431321, '', 4313, '2023-06-25 13:48:34', NULL, 0);
INSERT INTO `district_info` VALUES (431322, '', 4313, '2023-06-25 13:48:34', NULL, 0);
INSERT INTO `district_info` VALUES (431381, '', 4313, '2023-06-25 13:48:34', NULL, 0);
INSERT INTO `district_info` VALUES (431382, '', 4313, '2023-06-25 13:48:34', NULL, 0);
INSERT INTO `district_info` VALUES (433101, '', 4331, '2023-06-25 13:48:34', NULL, 0);
INSERT INTO `district_info` VALUES (433122, '', 4331, '2023-06-25 13:48:34', NULL, 0);
INSERT INTO `district_info` VALUES (433123, '', 4331, '2023-06-25 13:48:34', NULL, 0);
INSERT INTO `district_info` VALUES (433124, '', 4331, '2023-06-25 13:48:34', NULL, 0);
INSERT INTO `district_info` VALUES (433125, '', 4331, '2023-06-25 13:48:34', NULL, 0);
INSERT INTO `district_info` VALUES (433126, '', 4331, '2023-06-25 13:48:34', NULL, 0);
INSERT INTO `district_info` VALUES (433127, '', 4331, '2023-06-25 13:48:34', NULL, 0);
INSERT INTO `district_info` VALUES (433130, '', 4331, '2023-06-25 13:48:34', NULL, 0);
INSERT INTO `district_info` VALUES (440103, '', 4401, '2023-06-25 13:48:34', NULL, 0);
INSERT INTO `district_info` VALUES (440104, '', 4401, '2023-06-25 13:48:34', NULL, 0);
INSERT INTO `district_info` VALUES (440105, '', 4401, '2023-06-25 13:48:34', NULL, 0);
INSERT INTO `district_info` VALUES (440106, '', 4401, '2023-06-25 13:48:34', NULL, 0);
INSERT INTO `district_info` VALUES (440111, '', 4401, '2023-06-25 13:48:34', NULL, 0);
INSERT INTO `district_info` VALUES (440112, '', 4401, '2023-06-25 13:48:34', NULL, 0);
INSERT INTO `district_info` VALUES (440113, '', 4401, '2023-06-25 13:48:34', NULL, 0);
INSERT INTO `district_info` VALUES (440114, '', 4401, '2023-06-25 13:48:34', NULL, 0);
INSERT INTO `district_info` VALUES (440115, '', 4401, '2023-06-25 13:48:34', NULL, 0);
INSERT INTO `district_info` VALUES (440117, '', 4401, '2023-06-25 13:48:34', NULL, 0);
INSERT INTO `district_info` VALUES (440118, '', 4401, '2023-06-25 13:48:34', NULL, 0);
INSERT INTO `district_info` VALUES (440203, '', 4402, '2023-06-25 13:48:34', NULL, 0);
INSERT INTO `district_info` VALUES (440204, '', 4402, '2023-06-25 13:48:34', NULL, 0);
INSERT INTO `district_info` VALUES (440205, '', 4402, '2023-06-25 13:48:34', NULL, 0);
INSERT INTO `district_info` VALUES (440222, '', 4402, '2023-06-25 13:48:34', NULL, 0);
INSERT INTO `district_info` VALUES (440224, '', 4402, '2023-06-25 13:48:34', NULL, 0);
INSERT INTO `district_info` VALUES (440229, '', 4402, '2023-06-25 13:48:34', NULL, 0);
INSERT INTO `district_info` VALUES (440232, '', 4402, '2023-06-25 13:48:34', NULL, 0);
INSERT INTO `district_info` VALUES (440233, '', 4402, '2023-06-25 13:48:34', NULL, 0);
INSERT INTO `district_info` VALUES (440281, '', 4402, '2023-06-25 13:48:34', NULL, 0);
INSERT INTO `district_info` VALUES (440282, '', 4402, '2023-06-25 13:48:34', NULL, 0);
INSERT INTO `district_info` VALUES (440303, '', 4403, '2023-06-25 13:48:34', NULL, 0);
INSERT INTO `district_info` VALUES (440304, '', 4403, '2023-06-25 13:48:34', NULL, 0);
INSERT INTO `district_info` VALUES (440305, '', 4403, '2023-06-25 13:48:34', NULL, 0);
INSERT INTO `district_info` VALUES (440306, '', 4403, '2023-06-25 13:48:34', NULL, 0);
INSERT INTO `district_info` VALUES (440307, '', 4403, '2023-06-25 13:48:34', NULL, 0);
INSERT INTO `district_info` VALUES (440308, '', 4403, '2023-06-25 13:48:34', NULL, 0);
INSERT INTO `district_info` VALUES (440309, '', 4403, '2023-06-25 13:48:34', NULL, 0);
INSERT INTO `district_info` VALUES (440310, '', 4403, '2023-06-25 13:48:34', NULL, 0);
INSERT INTO `district_info` VALUES (440311, '', 4403, '2023-06-25 13:48:34', NULL, 0);
INSERT INTO `district_info` VALUES (440402, '', 4404, '2023-06-25 13:48:34', NULL, 0);
INSERT INTO `district_info` VALUES (440403, '', 4404, '2023-06-25 13:48:34', NULL, 0);
INSERT INTO `district_info` VALUES (440404, '', 4404, '2023-06-25 13:48:34', NULL, 0);
INSERT INTO `district_info` VALUES (440507, '', 4405, '2023-06-25 13:48:34', NULL, 0);
INSERT INTO `district_info` VALUES (440511, '', 4405, '2023-06-25 13:48:34', NULL, 0);
INSERT INTO `district_info` VALUES (440512, '', 4405, '2023-06-25 13:48:34', NULL, 0);
INSERT INTO `district_info` VALUES (440513, '', 4405, '2023-06-25 13:48:34', NULL, 0);
INSERT INTO `district_info` VALUES (440514, '', 4405, '2023-06-25 13:48:34', NULL, 0);
INSERT INTO `district_info` VALUES (440515, '', 4405, '2023-06-25 13:48:34', NULL, 0);
INSERT INTO `district_info` VALUES (440523, '', 4405, '2023-06-25 13:48:34', NULL, 0);
INSERT INTO `district_info` VALUES (440604, '', 4406, '2023-06-25 13:48:34', NULL, 0);
INSERT INTO `district_info` VALUES (440605, '', 4406, '2023-06-25 13:48:34', NULL, 0);
INSERT INTO `district_info` VALUES (440606, '', 4406, '2023-06-25 13:48:34', NULL, 0);
INSERT INTO `district_info` VALUES (440607, '', 4406, '2023-06-25 13:48:34', NULL, 0);
INSERT INTO `district_info` VALUES (440608, '', 4406, '2023-06-25 13:48:34', NULL, 0);
INSERT INTO `district_info` VALUES (440703, '', 4407, '2023-06-25 13:48:34', NULL, 0);
INSERT INTO `district_info` VALUES (440704, '', 4407, '2023-06-25 13:48:34', NULL, 0);
INSERT INTO `district_info` VALUES (440705, '', 4407, '2023-06-25 13:48:34', NULL, 0);
INSERT INTO `district_info` VALUES (440781, '', 4407, '2023-06-25 13:48:34', NULL, 0);
INSERT INTO `district_info` VALUES (440783, '', 4407, '2023-06-25 13:48:34', NULL, 0);
INSERT INTO `district_info` VALUES (440784, '', 4407, '2023-06-25 13:48:34', NULL, 0);
INSERT INTO `district_info` VALUES (440785, '', 4407, '2023-06-25 13:48:34', NULL, 0);
INSERT INTO `district_info` VALUES (440802, '', 4408, '2023-06-25 13:48:34', NULL, 0);
INSERT INTO `district_info` VALUES (440803, '', 4408, '2023-06-25 13:48:34', NULL, 0);
INSERT INTO `district_info` VALUES (440804, '', 4408, '2023-06-25 13:48:34', NULL, 0);
INSERT INTO `district_info` VALUES (440811, '', 4408, '2023-06-25 13:48:34', NULL, 0);
INSERT INTO `district_info` VALUES (440823, '', 4408, '2023-06-25 13:48:34', NULL, 0);
INSERT INTO `district_info` VALUES (440825, '', 4408, '2023-06-25 13:48:34', NULL, 0);
INSERT INTO `district_info` VALUES (440881, '', 4408, '2023-06-25 13:48:34', NULL, 0);
INSERT INTO `district_info` VALUES (440882, '', 4408, '2023-06-25 13:48:34', NULL, 0);
INSERT INTO `district_info` VALUES (440883, '', 4408, '2023-06-25 13:48:34', NULL, 0);
INSERT INTO `district_info` VALUES (440902, '', 4409, '2023-06-25 13:48:34', NULL, 0);
INSERT INTO `district_info` VALUES (440904, '', 4409, '2023-06-25 13:48:34', NULL, 0);
INSERT INTO `district_info` VALUES (440981, '', 4409, '2023-06-25 13:48:34', NULL, 0);
INSERT INTO `district_info` VALUES (440982, '', 4409, '2023-06-25 13:48:34', NULL, 0);
INSERT INTO `district_info` VALUES (440983, '', 4409, '2023-06-25 13:48:34', NULL, 0);
INSERT INTO `district_info` VALUES (441202, '', 4412, '2023-06-25 13:48:34', NULL, 0);
INSERT INTO `district_info` VALUES (441203, '', 4412, '2023-06-25 13:48:34', NULL, 0);
INSERT INTO `district_info` VALUES (441204, '', 4412, '2023-06-25 13:48:34', NULL, 0);
INSERT INTO `district_info` VALUES (441223, '', 4412, '2023-06-25 13:48:34', NULL, 0);
INSERT INTO `district_info` VALUES (441224, '', 4412, '2023-06-25 13:48:34', NULL, 0);
INSERT INTO `district_info` VALUES (441225, '', 4412, '2023-06-25 13:48:34', NULL, 0);
INSERT INTO `district_info` VALUES (441226, '', 4412, '2023-06-25 13:48:34', NULL, 0);
INSERT INTO `district_info` VALUES (441284, '', 4412, '2023-06-25 13:48:34', NULL, 0);
INSERT INTO `district_info` VALUES (441302, '', 4413, '2023-06-25 13:48:34', NULL, 0);
INSERT INTO `district_info` VALUES (441303, '', 4413, '2023-06-25 13:48:34', NULL, 0);
INSERT INTO `district_info` VALUES (441322, '', 4413, '2023-06-25 13:48:34', NULL, 0);
INSERT INTO `district_info` VALUES (441323, '', 4413, '2023-06-25 13:48:34', NULL, 0);
INSERT INTO `district_info` VALUES (441324, '', 4413, '2023-06-25 13:48:34', NULL, 0);
INSERT INTO `district_info` VALUES (441402, '', 4414, '2023-06-25 13:48:34', NULL, 0);
INSERT INTO `district_info` VALUES (441403, '', 4414, '2023-06-25 13:48:34', NULL, 0);
INSERT INTO `district_info` VALUES (441422, '', 4414, '2023-06-25 13:48:34', NULL, 0);
INSERT INTO `district_info` VALUES (441423, '', 4414, '2023-06-25 13:48:34', NULL, 0);
INSERT INTO `district_info` VALUES (441424, '', 4414, '2023-06-25 13:48:34', NULL, 0);
INSERT INTO `district_info` VALUES (441426, '', 4414, '2023-06-25 13:48:34', NULL, 0);
INSERT INTO `district_info` VALUES (441427, '', 4414, '2023-06-25 13:48:34', NULL, 0);
INSERT INTO `district_info` VALUES (441481, '', 4414, '2023-06-25 13:48:34', NULL, 0);
INSERT INTO `district_info` VALUES (441502, '', 4415, '2023-06-25 13:48:34', NULL, 0);
INSERT INTO `district_info` VALUES (441521, '', 4415, '2023-06-25 13:48:34', NULL, 0);
INSERT INTO `district_info` VALUES (441523, '', 4415, '2023-06-25 13:48:34', NULL, 0);
INSERT INTO `district_info` VALUES (441581, '', 4415, '2023-06-25 13:48:34', NULL, 0);
INSERT INTO `district_info` VALUES (441602, '', 4416, '2023-06-25 13:48:34', NULL, 0);
INSERT INTO `district_info` VALUES (441621, '', 4416, '2023-06-25 13:48:34', NULL, 0);
INSERT INTO `district_info` VALUES (441622, '', 4416, '2023-06-25 13:48:34', NULL, 0);
INSERT INTO `district_info` VALUES (441623, '', 4416, '2023-06-25 13:48:34', NULL, 0);
INSERT INTO `district_info` VALUES (441624, '', 4416, '2023-06-25 13:48:34', NULL, 0);
INSERT INTO `district_info` VALUES (441625, '', 4416, '2023-06-25 13:48:34', NULL, 0);
INSERT INTO `district_info` VALUES (441702, '', 4417, '2023-06-25 13:48:34', NULL, 0);
INSERT INTO `district_info` VALUES (441704, '', 4417, '2023-06-25 13:48:34', NULL, 0);
INSERT INTO `district_info` VALUES (441721, '', 4417, '2023-06-25 13:48:34', NULL, 0);
INSERT INTO `district_info` VALUES (441781, '', 4417, '2023-06-25 13:48:34', NULL, 0);
INSERT INTO `district_info` VALUES (441802, '', 4418, '2023-06-25 13:48:34', NULL, 0);
INSERT INTO `district_info` VALUES (441803, '', 4418, '2023-06-25 13:48:34', NULL, 0);
INSERT INTO `district_info` VALUES (441821, '', 4418, '2023-06-25 13:48:34', NULL, 0);
INSERT INTO `district_info` VALUES (441823, '', 4418, '2023-06-25 13:48:34', NULL, 0);
INSERT INTO `district_info` VALUES (441825, '', 4418, '2023-06-25 13:48:34', NULL, 0);
INSERT INTO `district_info` VALUES (441826, '', 4418, '2023-06-25 13:48:34', NULL, 0);
INSERT INTO `district_info` VALUES (441881, '', 4418, '2023-06-25 13:48:34', NULL, 0);
INSERT INTO `district_info` VALUES (441882, '', 4418, '2023-06-25 13:48:34', NULL, 0);
INSERT INTO `district_info` VALUES (441900, '', 4419, '2023-06-25 13:48:34', NULL, 0);
INSERT INTO `district_info` VALUES (442000, '', 4420, '2023-06-25 13:48:34', NULL, 0);
INSERT INTO `district_info` VALUES (445102, '', 4451, '2023-06-25 13:48:34', NULL, 0);
INSERT INTO `district_info` VALUES (445103, '', 4451, '2023-06-25 13:48:34', NULL, 0);
INSERT INTO `district_info` VALUES (445122, '', 4451, '2023-06-25 13:48:34', NULL, 0);
INSERT INTO `district_info` VALUES (445202, '', 4452, '2023-06-25 13:48:34', NULL, 0);
INSERT INTO `district_info` VALUES (445203, '', 4452, '2023-06-25 13:48:34', NULL, 0);
INSERT INTO `district_info` VALUES (445222, '', 4452, '2023-06-25 13:48:34', NULL, 0);
INSERT INTO `district_info` VALUES (445224, '', 4452, '2023-06-25 13:48:34', NULL, 0);
INSERT INTO `district_info` VALUES (445281, '', 4452, '2023-06-25 13:48:34', NULL, 0);
INSERT INTO `district_info` VALUES (445302, '', 4453, '2023-06-25 13:48:34', NULL, 0);
INSERT INTO `district_info` VALUES (445303, '', 4453, '2023-06-25 13:48:35', NULL, 0);
INSERT INTO `district_info` VALUES (445321, '', 4453, '2023-06-25 13:48:35', NULL, 0);
INSERT INTO `district_info` VALUES (445322, '', 4453, '2023-06-25 13:48:35', NULL, 0);
INSERT INTO `district_info` VALUES (445381, '', 4453, '2023-06-25 13:48:35', NULL, 0);
INSERT INTO `district_info` VALUES (450102, '', 4501, '2023-06-25 13:48:35', NULL, 0);
INSERT INTO `district_info` VALUES (450103, '', 4501, '2023-06-25 13:48:35', NULL, 0);
INSERT INTO `district_info` VALUES (450105, '', 4501, '2023-06-25 13:48:35', NULL, 0);
INSERT INTO `district_info` VALUES (450107, '', 4501, '2023-06-25 13:48:35', NULL, 0);
INSERT INTO `district_info` VALUES (450108, '', 4501, '2023-06-25 13:48:35', NULL, 0);
INSERT INTO `district_info` VALUES (450109, '', 4501, '2023-06-25 13:48:35', NULL, 0);
INSERT INTO `district_info` VALUES (450110, '', 4501, '2023-06-25 13:48:35', NULL, 0);
INSERT INTO `district_info` VALUES (450123, '', 4501, '2023-06-25 13:48:35', NULL, 0);
INSERT INTO `district_info` VALUES (450124, '', 4501, '2023-06-25 13:48:35', NULL, 0);
INSERT INTO `district_info` VALUES (450125, '', 4501, '2023-06-25 13:48:35', NULL, 0);
INSERT INTO `district_info` VALUES (450126, '', 4501, '2023-06-25 13:48:35', NULL, 0);
INSERT INTO `district_info` VALUES (450181, '', 4501, '2023-06-25 13:48:35', NULL, 0);
INSERT INTO `district_info` VALUES (450202, '', 4502, '2023-06-25 13:48:35', NULL, 0);
INSERT INTO `district_info` VALUES (450203, '', 4502, '2023-06-25 13:48:35', NULL, 0);
INSERT INTO `district_info` VALUES (450204, '', 4502, '2023-06-25 13:48:35', NULL, 0);
INSERT INTO `district_info` VALUES (450205, '', 4502, '2023-06-25 13:48:35', NULL, 0);
INSERT INTO `district_info` VALUES (450206, '', 4502, '2023-06-25 13:48:35', NULL, 0);
INSERT INTO `district_info` VALUES (450222, '', 4502, '2023-06-25 13:48:35', NULL, 0);
INSERT INTO `district_info` VALUES (450223, '', 4502, '2023-06-25 13:48:35', NULL, 0);
INSERT INTO `district_info` VALUES (450224, '', 4502, '2023-06-25 13:48:35', NULL, 0);
INSERT INTO `district_info` VALUES (450225, '', 4502, '2023-06-25 13:48:35', NULL, 0);
INSERT INTO `district_info` VALUES (450226, '', 4502, '2023-06-25 13:48:35', NULL, 0);
INSERT INTO `district_info` VALUES (450302, '', 4503, '2023-06-25 13:48:35', NULL, 0);
INSERT INTO `district_info` VALUES (450303, '', 4503, '2023-06-25 13:48:35', NULL, 0);
INSERT INTO `district_info` VALUES (450304, '', 4503, '2023-06-25 13:48:35', NULL, 0);
INSERT INTO `district_info` VALUES (450305, '', 4503, '2023-06-25 13:48:35', NULL, 0);
INSERT INTO `district_info` VALUES (450311, '', 4503, '2023-06-25 13:48:35', NULL, 0);
INSERT INTO `district_info` VALUES (450312, '', 4503, '2023-06-25 13:48:35', NULL, 0);
INSERT INTO `district_info` VALUES (450321, '', 4503, '2023-06-25 13:48:35', NULL, 0);
INSERT INTO `district_info` VALUES (450323, '', 4503, '2023-06-25 13:48:35', NULL, 0);
INSERT INTO `district_info` VALUES (450324, '', 4503, '2023-06-25 13:48:35', NULL, 0);
INSERT INTO `district_info` VALUES (450325, '', 4503, '2023-06-25 13:48:35', NULL, 0);
INSERT INTO `district_info` VALUES (450326, '', 4503, '2023-06-25 13:48:35', NULL, 0);
INSERT INTO `district_info` VALUES (450327, '', 4503, '2023-06-25 13:48:35', NULL, 0);
INSERT INTO `district_info` VALUES (450328, '', 4503, '2023-06-25 13:48:35', NULL, 0);
INSERT INTO `district_info` VALUES (450329, '', 4503, '2023-06-25 13:48:35', NULL, 0);
INSERT INTO `district_info` VALUES (450330, '', 4503, '2023-06-25 13:48:35', NULL, 0);
INSERT INTO `district_info` VALUES (450332, '', 4503, '2023-06-25 13:48:35', NULL, 0);
INSERT INTO `district_info` VALUES (450381, '', 4503, '2023-06-25 13:48:35', NULL, 0);
INSERT INTO `district_info` VALUES (450403, '', 4504, '2023-06-25 13:48:35', NULL, 0);
INSERT INTO `district_info` VALUES (450405, '', 4504, '2023-06-25 13:48:35', NULL, 0);
INSERT INTO `district_info` VALUES (450406, '', 4504, '2023-06-25 13:48:35', NULL, 0);
INSERT INTO `district_info` VALUES (450421, '', 4504, '2023-06-25 13:48:35', NULL, 0);
INSERT INTO `district_info` VALUES (450422, '', 4504, '2023-06-25 13:48:35', NULL, 0);
INSERT INTO `district_info` VALUES (450423, '', 4504, '2023-06-25 13:48:35', NULL, 0);
INSERT INTO `district_info` VALUES (450481, '', 4504, '2023-06-25 13:48:35', NULL, 0);
INSERT INTO `district_info` VALUES (450502, '', 4505, '2023-06-25 13:48:35', NULL, 0);
INSERT INTO `district_info` VALUES (450503, '', 4505, '2023-06-25 13:48:35', NULL, 0);
INSERT INTO `district_info` VALUES (450512, '', 4505, '2023-06-25 13:48:35', NULL, 0);
INSERT INTO `district_info` VALUES (450521, '', 4505, '2023-06-25 13:48:35', NULL, 0);
INSERT INTO `district_info` VALUES (450602, '', 4506, '2023-06-25 13:48:35', NULL, 0);
INSERT INTO `district_info` VALUES (450603, '', 4506, '2023-06-25 13:48:35', NULL, 0);
INSERT INTO `district_info` VALUES (450621, '', 4506, '2023-06-25 13:48:35', NULL, 0);
INSERT INTO `district_info` VALUES (450681, '', 4506, '2023-06-25 13:48:35', NULL, 0);
INSERT INTO `district_info` VALUES (450702, '', 4507, '2023-06-25 13:48:35', NULL, 0);
INSERT INTO `district_info` VALUES (450703, '', 4507, '2023-06-25 13:48:35', NULL, 0);
INSERT INTO `district_info` VALUES (450721, '', 4507, '2023-06-25 13:48:35', NULL, 0);
INSERT INTO `district_info` VALUES (450722, '', 4507, '2023-06-25 13:48:35', NULL, 0);
INSERT INTO `district_info` VALUES (450802, '', 4508, '2023-06-25 13:48:35', NULL, 0);
INSERT INTO `district_info` VALUES (450803, '', 4508, '2023-06-25 13:48:35', NULL, 0);
INSERT INTO `district_info` VALUES (450804, '', 4508, '2023-06-25 13:48:35', NULL, 0);
INSERT INTO `district_info` VALUES (450821, '', 4508, '2023-06-25 13:48:35', NULL, 0);
INSERT INTO `district_info` VALUES (450881, '', 4508, '2023-06-25 13:48:35', NULL, 0);
INSERT INTO `district_info` VALUES (450902, '', 4509, '2023-06-25 13:48:35', NULL, 0);
INSERT INTO `district_info` VALUES (450903, '', 4509, '2023-06-25 13:48:35', NULL, 0);
INSERT INTO `district_info` VALUES (450921, '', 4509, '2023-06-25 13:48:35', NULL, 0);
INSERT INTO `district_info` VALUES (450922, '', 4509, '2023-06-25 13:48:35', NULL, 0);
INSERT INTO `district_info` VALUES (450923, '', 4509, '2023-06-25 13:48:35', NULL, 0);
INSERT INTO `district_info` VALUES (450924, '', 4509, '2023-06-25 13:48:35', NULL, 0);
INSERT INTO `district_info` VALUES (450981, '', 4509, '2023-06-25 13:48:35', NULL, 0);
INSERT INTO `district_info` VALUES (451002, '', 4510, '2023-06-25 13:48:35', NULL, 0);
INSERT INTO `district_info` VALUES (451003, '', 4510, '2023-06-25 13:48:35', NULL, 0);
INSERT INTO `district_info` VALUES (451022, '', 4510, '2023-06-25 13:48:35', NULL, 0);
INSERT INTO `district_info` VALUES (451024, '', 4510, '2023-06-25 13:48:35', NULL, 0);
INSERT INTO `district_info` VALUES (451026, '', 4510, '2023-06-25 13:48:35', NULL, 0);
INSERT INTO `district_info` VALUES (451027, '', 4510, '2023-06-25 13:48:35', NULL, 0);
INSERT INTO `district_info` VALUES (451028, '', 4510, '2023-06-25 13:48:35', NULL, 0);
INSERT INTO `district_info` VALUES (451029, '', 4510, '2023-06-25 13:48:35', NULL, 0);
INSERT INTO `district_info` VALUES (451030, '', 4510, '2023-06-25 13:48:35', NULL, 0);
INSERT INTO `district_info` VALUES (451031, '', 4510, '2023-06-25 13:48:35', NULL, 0);
INSERT INTO `district_info` VALUES (451081, '', 4510, '2023-06-25 13:48:35', NULL, 0);
INSERT INTO `district_info` VALUES (451082, '', 4510, '2023-06-25 13:48:35', NULL, 0);
INSERT INTO `district_info` VALUES (451102, '', 4511, '2023-06-25 13:48:35', NULL, 0);
INSERT INTO `district_info` VALUES (451103, '', 4511, '2023-06-25 13:48:35', NULL, 0);
INSERT INTO `district_info` VALUES (451121, '', 4511, '2023-06-25 13:48:35', NULL, 0);
INSERT INTO `district_info` VALUES (451122, '', 4511, '2023-06-25 13:48:35', NULL, 0);
INSERT INTO `district_info` VALUES (451123, '', 4511, '2023-06-25 13:48:35', NULL, 0);
INSERT INTO `district_info` VALUES (451202, '', 4512, '2023-06-25 13:48:35', NULL, 0);
INSERT INTO `district_info` VALUES (451203, '', 4512, '2023-06-25 13:48:35', NULL, 0);
INSERT INTO `district_info` VALUES (451221, '', 4512, '2023-06-25 13:48:35', NULL, 0);
INSERT INTO `district_info` VALUES (451222, '', 4512, '2023-06-25 13:48:35', NULL, 0);
INSERT INTO `district_info` VALUES (451223, '', 4512, '2023-06-25 13:48:35', NULL, 0);
INSERT INTO `district_info` VALUES (451224, '', 4512, '2023-06-25 13:48:35', NULL, 0);
INSERT INTO `district_info` VALUES (451225, '', 4512, '2023-06-25 13:48:35', NULL, 0);
INSERT INTO `district_info` VALUES (451226, '', 4512, '2023-06-25 13:48:35', NULL, 0);
INSERT INTO `district_info` VALUES (451227, '', 4512, '2023-06-25 13:48:35', NULL, 0);
INSERT INTO `district_info` VALUES (451228, '', 4512, '2023-06-25 13:48:35', NULL, 0);
INSERT INTO `district_info` VALUES (451229, '', 4512, '2023-06-25 13:48:35', NULL, 0);
INSERT INTO `district_info` VALUES (451302, '', 4513, '2023-06-25 13:48:35', NULL, 0);
INSERT INTO `district_info` VALUES (451321, '', 4513, '2023-06-25 13:48:35', NULL, 0);
INSERT INTO `district_info` VALUES (451322, '', 4513, '2023-06-25 13:48:35', NULL, 0);
INSERT INTO `district_info` VALUES (451323, '', 4513, '2023-06-25 13:48:35', NULL, 0);
INSERT INTO `district_info` VALUES (451324, '', 4513, '2023-06-25 13:48:35', NULL, 0);
INSERT INTO `district_info` VALUES (451381, '', 4513, '2023-06-25 13:48:35', NULL, 0);
INSERT INTO `district_info` VALUES (451402, '', 4514, '2023-06-25 13:48:35', NULL, 0);
INSERT INTO `district_info` VALUES (451421, '', 4514, '2023-06-25 13:48:35', NULL, 0);
INSERT INTO `district_info` VALUES (451422, '', 4514, '2023-06-25 13:48:35', NULL, 0);
INSERT INTO `district_info` VALUES (451423, '', 4514, '2023-06-25 13:48:35', NULL, 0);
INSERT INTO `district_info` VALUES (451424, '', 4514, '2023-06-25 13:48:35', NULL, 0);
INSERT INTO `district_info` VALUES (451425, '', 4514, '2023-06-25 13:48:35', NULL, 0);
INSERT INTO `district_info` VALUES (451481, '', 4514, '2023-06-25 13:48:35', NULL, 0);
INSERT INTO `district_info` VALUES (460105, '', 4601, '2023-06-25 13:48:35', NULL, 0);
INSERT INTO `district_info` VALUES (460106, '', 4601, '2023-06-25 13:48:35', NULL, 0);
INSERT INTO `district_info` VALUES (460107, '', 4601, '2023-06-25 13:48:35', NULL, 0);
INSERT INTO `district_info` VALUES (460108, '', 4601, '2023-06-25 13:48:35', NULL, 0);
INSERT INTO `district_info` VALUES (460202, '', 4602, '2023-06-25 13:48:35', NULL, 0);
INSERT INTO `district_info` VALUES (460203, '', 4602, '2023-06-25 13:48:35', NULL, 0);
INSERT INTO `district_info` VALUES (460204, '', 4602, '2023-06-25 13:48:35', NULL, 0);
INSERT INTO `district_info` VALUES (460205, '', 4602, '2023-06-25 13:48:35', NULL, 0);
INSERT INTO `district_info` VALUES (460321, '', 4603, '2023-06-25 13:48:35', NULL, 0);
INSERT INTO `district_info` VALUES (460322, '', 4603, '2023-06-25 13:48:35', NULL, 0);
INSERT INTO `district_info` VALUES (460323, '', 4603, '2023-06-25 13:48:35', NULL, 0);
INSERT INTO `district_info` VALUES (460400, '', 4604, '2023-06-25 13:48:35', NULL, 0);
INSERT INTO `district_info` VALUES (469001, '', 4690, '2023-06-25 13:48:35', NULL, 0);
INSERT INTO `district_info` VALUES (469002, '', 4690, '2023-06-25 13:48:35', NULL, 0);
INSERT INTO `district_info` VALUES (469005, '', 4690, '2023-06-25 13:48:35', NULL, 0);
INSERT INTO `district_info` VALUES (469006, '', 4690, '2023-06-25 13:48:35', NULL, 0);
INSERT INTO `district_info` VALUES (469007, '', 4690, '2023-06-25 13:48:35', NULL, 0);
INSERT INTO `district_info` VALUES (469021, '', 4690, '2023-06-25 13:48:35', NULL, 0);
INSERT INTO `district_info` VALUES (469022, '', 4690, '2023-06-25 13:48:35', NULL, 0);
INSERT INTO `district_info` VALUES (469023, '', 4690, '2023-06-25 13:48:35', NULL, 0);
INSERT INTO `district_info` VALUES (469024, '', 4690, '2023-06-25 13:48:35', NULL, 0);
INSERT INTO `district_info` VALUES (469025, '', 4690, '2023-06-25 13:48:35', NULL, 0);
INSERT INTO `district_info` VALUES (469026, '', 4690, '2023-06-25 13:48:35', NULL, 0);
INSERT INTO `district_info` VALUES (469027, '', 4690, '2023-06-25 13:48:35', NULL, 0);
INSERT INTO `district_info` VALUES (469028, '', 4690, '2023-06-25 13:48:35', NULL, 0);
INSERT INTO `district_info` VALUES (469029, '', 4690, '2023-06-25 13:48:35', NULL, 0);
INSERT INTO `district_info` VALUES (469030, '', 4690, '2023-06-25 13:48:35', NULL, 0);
INSERT INTO `district_info` VALUES (500101, '', 5001, '2023-06-25 13:48:35', NULL, 0);
INSERT INTO `district_info` VALUES (500102, '', 5001, '2023-06-25 13:48:35', NULL, 0);
INSERT INTO `district_info` VALUES (500103, '', 5001, '2023-06-25 13:48:35', NULL, 0);
INSERT INTO `district_info` VALUES (500104, '', 5001, '2023-06-25 13:48:35', NULL, 0);
INSERT INTO `district_info` VALUES (500105, '', 5001, '2023-06-25 13:48:35', NULL, 0);
INSERT INTO `district_info` VALUES (500106, '', 5001, '2023-06-25 13:48:35', NULL, 0);
INSERT INTO `district_info` VALUES (500107, '', 5001, '2023-06-25 13:48:35', NULL, 0);
INSERT INTO `district_info` VALUES (500108, '', 5001, '2023-06-25 13:48:35', NULL, 0);
INSERT INTO `district_info` VALUES (500109, '', 5001, '2023-06-25 13:48:35', NULL, 0);
INSERT INTO `district_info` VALUES (500110, '', 5001, '2023-06-25 13:48:35', NULL, 0);
INSERT INTO `district_info` VALUES (500111, '', 5001, '2023-06-25 13:48:35', NULL, 0);
INSERT INTO `district_info` VALUES (500112, '', 5001, '2023-06-25 13:48:35', NULL, 0);
INSERT INTO `district_info` VALUES (500113, '', 5001, '2023-06-25 13:48:35', NULL, 0);
INSERT INTO `district_info` VALUES (500114, '', 5001, '2023-06-25 13:48:35', NULL, 0);
INSERT INTO `district_info` VALUES (500115, '', 5001, '2023-06-25 13:48:35', NULL, 0);
INSERT INTO `district_info` VALUES (500116, '', 5001, '2023-06-25 13:48:35', NULL, 0);
INSERT INTO `district_info` VALUES (500117, '', 5001, '2023-06-25 13:48:35', NULL, 0);
INSERT INTO `district_info` VALUES (500118, '', 5001, '2023-06-25 13:48:35', NULL, 0);
INSERT INTO `district_info` VALUES (500119, '', 5001, '2023-06-25 13:48:35', NULL, 0);
INSERT INTO `district_info` VALUES (500120, '', 5001, '2023-06-25 13:48:35', NULL, 0);
INSERT INTO `district_info` VALUES (500151, '', 5001, '2023-06-25 13:48:35', NULL, 0);
INSERT INTO `district_info` VALUES (500152, '', 5001, '2023-06-25 13:48:35', NULL, 0);
INSERT INTO `district_info` VALUES (500153, '', 5001, '2023-06-25 13:48:35', NULL, 0);
INSERT INTO `district_info` VALUES (500154, '', 5001, '2023-06-25 13:48:35', NULL, 0);
INSERT INTO `district_info` VALUES (500155, '', 5001, '2023-06-25 13:48:35', NULL, 0);
INSERT INTO `district_info` VALUES (500156, '', 5001, '2023-06-25 13:48:35', NULL, 0);
INSERT INTO `district_info` VALUES (500229, '', 5002, '2023-06-25 13:48:35', NULL, 0);
INSERT INTO `district_info` VALUES (500230, '', 5002, '2023-06-25 13:48:35', NULL, 0);
INSERT INTO `district_info` VALUES (500231, '', 5002, '2023-06-25 13:48:35', NULL, 0);
INSERT INTO `district_info` VALUES (500233, '', 5002, '2023-06-25 13:48:35', NULL, 0);
INSERT INTO `district_info` VALUES (500235, '', 5002, '2023-06-25 13:48:35', NULL, 0);
INSERT INTO `district_info` VALUES (500236, '', 5002, '2023-06-25 13:48:35', NULL, 0);
INSERT INTO `district_info` VALUES (500237, '', 5002, '2023-06-25 13:48:35', NULL, 0);
INSERT INTO `district_info` VALUES (500238, '', 5002, '2023-06-25 13:48:35', NULL, 0);
INSERT INTO `district_info` VALUES (500240, '', 5002, '2023-06-25 13:48:35', NULL, 0);
INSERT INTO `district_info` VALUES (500241, '', 5002, '2023-06-25 13:48:35', NULL, 0);
INSERT INTO `district_info` VALUES (500242, '', 5002, '2023-06-25 13:48:35', NULL, 0);
INSERT INTO `district_info` VALUES (500243, '', 5002, '2023-06-25 13:48:35', NULL, 0);
INSERT INTO `district_info` VALUES (510104, '', 5101, '2023-06-25 13:48:35', NULL, 0);
INSERT INTO `district_info` VALUES (510105, '', 5101, '2023-06-25 13:48:35', NULL, 0);
INSERT INTO `district_info` VALUES (510106, '', 5101, '2023-06-25 13:48:35', NULL, 0);
INSERT INTO `district_info` VALUES (510107, '', 5101, '2023-06-25 13:48:35', NULL, 0);
INSERT INTO `district_info` VALUES (510108, '', 5101, '2023-06-25 13:48:35', NULL, 0);
INSERT INTO `district_info` VALUES (510112, '', 5101, '2023-06-25 13:48:35', NULL, 0);
INSERT INTO `district_info` VALUES (510113, '', 5101, '2023-06-25 13:48:35', NULL, 0);
INSERT INTO `district_info` VALUES (510114, '', 5101, '2023-06-25 13:48:35', NULL, 0);
INSERT INTO `district_info` VALUES (510115, '', 5101, '2023-06-25 13:48:35', NULL, 0);
INSERT INTO `district_info` VALUES (510116, '', 5101, '2023-06-25 13:48:35', NULL, 0);
INSERT INTO `district_info` VALUES (510117, '', 5101, '2023-06-25 13:48:35', NULL, 0);
INSERT INTO `district_info` VALUES (510118, '', 5101, '2023-06-25 13:48:35', NULL, 0);
INSERT INTO `district_info` VALUES (510121, '', 5101, '2023-06-25 13:48:35', NULL, 0);
INSERT INTO `district_info` VALUES (510129, '', 5101, '2023-06-25 13:48:35', NULL, 0);
INSERT INTO `district_info` VALUES (510131, '', 5101, '2023-06-25 13:48:35', NULL, 0);
INSERT INTO `district_info` VALUES (510181, '', 5101, '2023-06-25 13:48:35', NULL, 0);
INSERT INTO `district_info` VALUES (510182, '', 5101, '2023-06-25 13:48:35', NULL, 0);
INSERT INTO `district_info` VALUES (510183, '', 5101, '2023-06-25 13:48:35', NULL, 0);
INSERT INTO `district_info` VALUES (510184, '', 5101, '2023-06-25 13:48:35', NULL, 0);
INSERT INTO `district_info` VALUES (510185, '', 5101, '2023-06-25 13:48:35', NULL, 0);
INSERT INTO `district_info` VALUES (510302, '', 5103, '2023-06-25 13:48:35', NULL, 0);
INSERT INTO `district_info` VALUES (510303, '', 5103, '2023-06-25 13:48:35', NULL, 0);
INSERT INTO `district_info` VALUES (510304, '', 5103, '2023-06-25 13:48:35', NULL, 0);
INSERT INTO `district_info` VALUES (510311, '', 5103, '2023-06-25 13:48:35', NULL, 0);
INSERT INTO `district_info` VALUES (510321, '', 5103, '2023-06-25 13:48:35', NULL, 0);
INSERT INTO `district_info` VALUES (510322, '', 5103, '2023-06-25 13:48:35', NULL, 0);
INSERT INTO `district_info` VALUES (510402, '', 5104, '2023-06-25 13:48:35', NULL, 0);
INSERT INTO `district_info` VALUES (510403, '', 5104, '2023-06-25 13:48:35', NULL, 0);
INSERT INTO `district_info` VALUES (510411, '', 5104, '2023-06-25 13:48:35', NULL, 0);
INSERT INTO `district_info` VALUES (510421, '', 5104, '2023-06-25 13:48:35', NULL, 0);
INSERT INTO `district_info` VALUES (510422, '', 5104, '2023-06-25 13:48:35', NULL, 0);
INSERT INTO `district_info` VALUES (510502, '', 5105, '2023-06-25 13:48:35', NULL, 0);
INSERT INTO `district_info` VALUES (510503, '', 5105, '2023-06-25 13:48:35', NULL, 0);
INSERT INTO `district_info` VALUES (510504, '', 5105, '2023-06-25 13:48:35', NULL, 0);
INSERT INTO `district_info` VALUES (510521, '', 5105, '2023-06-25 13:48:35', NULL, 0);
INSERT INTO `district_info` VALUES (510522, '', 5105, '2023-06-25 13:48:35', NULL, 0);
INSERT INTO `district_info` VALUES (510524, '', 5105, '2023-06-25 13:48:35', NULL, 0);
INSERT INTO `district_info` VALUES (510525, '', 5105, '2023-06-25 13:48:35', NULL, 0);
INSERT INTO `district_info` VALUES (510603, '', 5106, '2023-06-25 13:48:35', NULL, 0);
INSERT INTO `district_info` VALUES (510604, '', 5106, '2023-06-25 13:48:35', NULL, 0);
INSERT INTO `district_info` VALUES (510623, '', 5106, '2023-06-25 13:48:35', NULL, 0);
INSERT INTO `district_info` VALUES (510681, '', 5106, '2023-06-25 13:48:35', NULL, 0);
INSERT INTO `district_info` VALUES (510682, '', 5106, '2023-06-25 13:48:35', NULL, 0);
INSERT INTO `district_info` VALUES (510683, '', 5106, '2023-06-25 13:48:35', NULL, 0);
INSERT INTO `district_info` VALUES (510703, '', 5107, '2023-06-25 13:48:35', NULL, 0);
INSERT INTO `district_info` VALUES (510704, '', 5107, '2023-06-25 13:48:35', NULL, 0);
INSERT INTO `district_info` VALUES (510705, '', 5107, '2023-06-25 13:48:35', NULL, 0);
INSERT INTO `district_info` VALUES (510722, '', 5107, '2023-06-25 13:48:35', NULL, 0);
INSERT INTO `district_info` VALUES (510723, '', 5107, '2023-06-25 13:48:35', NULL, 0);
INSERT INTO `district_info` VALUES (510725, '', 5107, '2023-06-25 13:48:35', NULL, 0);
INSERT INTO `district_info` VALUES (510726, '', 5107, '2023-06-25 13:48:35', NULL, 0);
INSERT INTO `district_info` VALUES (510727, '', 5107, '2023-06-25 13:48:35', NULL, 0);
INSERT INTO `district_info` VALUES (510781, '', 5107, '2023-06-25 13:48:35', NULL, 0);
INSERT INTO `district_info` VALUES (510802, '', 5108, '2023-06-25 13:48:35', NULL, 0);
INSERT INTO `district_info` VALUES (510811, '', 5108, '2023-06-25 13:48:35', NULL, 0);
INSERT INTO `district_info` VALUES (510812, '', 5108, '2023-06-25 13:48:35', NULL, 0);
INSERT INTO `district_info` VALUES (510821, '', 5108, '2023-06-25 13:48:35', NULL, 0);
INSERT INTO `district_info` VALUES (510822, '', 5108, '2023-06-25 13:48:35', NULL, 0);
INSERT INTO `district_info` VALUES (510823, '', 5108, '2023-06-25 13:48:35', NULL, 0);
INSERT INTO `district_info` VALUES (510824, '', 5108, '2023-06-25 13:48:35', NULL, 0);
INSERT INTO `district_info` VALUES (510903, '', 5109, '2023-06-25 13:48:35', NULL, 0);
INSERT INTO `district_info` VALUES (510904, '', 5109, '2023-06-25 13:48:35', NULL, 0);
INSERT INTO `district_info` VALUES (510921, '', 5109, '2023-06-25 13:48:35', NULL, 0);
INSERT INTO `district_info` VALUES (510923, '', 5109, '2023-06-25 13:48:35', NULL, 0);
INSERT INTO `district_info` VALUES (510981, '', 5109, '2023-06-25 13:48:35', NULL, 0);
INSERT INTO `district_info` VALUES (511002, '', 5110, '2023-06-25 13:48:35', NULL, 0);
INSERT INTO `district_info` VALUES (511011, '', 5110, '2023-06-25 13:48:35', NULL, 0);
INSERT INTO `district_info` VALUES (511024, '', 5110, '2023-06-25 13:48:35', NULL, 0);
INSERT INTO `district_info` VALUES (511025, '', 5110, '2023-06-25 13:48:35', NULL, 0);
INSERT INTO `district_info` VALUES (511083, '', 5110, '2023-06-25 13:48:35', NULL, 0);
INSERT INTO `district_info` VALUES (511102, '', 5111, '2023-06-25 13:48:35', NULL, 0);
INSERT INTO `district_info` VALUES (511111, '', 5111, '2023-06-25 13:48:35', NULL, 0);
INSERT INTO `district_info` VALUES (511112, '', 5111, '2023-06-25 13:48:35', NULL, 0);
INSERT INTO `district_info` VALUES (511113, '', 5111, '2023-06-25 13:48:35', NULL, 0);
INSERT INTO `district_info` VALUES (511123, '', 5111, '2023-06-25 13:48:35', NULL, 0);
INSERT INTO `district_info` VALUES (511124, '', 5111, '2023-06-25 13:48:35', NULL, 0);
INSERT INTO `district_info` VALUES (511126, '', 5111, '2023-06-25 13:48:35', NULL, 0);
INSERT INTO `district_info` VALUES (511129, '', 5111, '2023-06-25 13:48:35', NULL, 0);
INSERT INTO `district_info` VALUES (511132, '', 5111, '2023-06-25 13:48:35', NULL, 0);
INSERT INTO `district_info` VALUES (511133, '', 5111, '2023-06-25 13:48:35', NULL, 0);
INSERT INTO `district_info` VALUES (511181, '', 5111, '2023-06-25 13:48:35', NULL, 0);
INSERT INTO `district_info` VALUES (511302, '', 5113, '2023-06-25 13:48:35', NULL, 0);
INSERT INTO `district_info` VALUES (511303, '', 5113, '2023-06-25 13:48:35', NULL, 0);
INSERT INTO `district_info` VALUES (511304, '', 5113, '2023-06-25 13:48:35', NULL, 0);
INSERT INTO `district_info` VALUES (511321, '', 5113, '2023-06-25 13:48:35', NULL, 0);
INSERT INTO `district_info` VALUES (511322, '', 5113, '2023-06-25 13:48:35', NULL, 0);
INSERT INTO `district_info` VALUES (511323, '', 5113, '2023-06-25 13:48:35', NULL, 0);
INSERT INTO `district_info` VALUES (511324, '', 5113, '2023-06-25 13:48:35', NULL, 0);
INSERT INTO `district_info` VALUES (511325, '', 5113, '2023-06-25 13:48:35', NULL, 0);
INSERT INTO `district_info` VALUES (511381, '', 5113, '2023-06-25 13:48:35', NULL, 0);
INSERT INTO `district_info` VALUES (511402, '', 5114, '2023-06-25 13:48:35', NULL, 0);
INSERT INTO `district_info` VALUES (511403, '', 5114, '2023-06-25 13:48:35', NULL, 0);
INSERT INTO `district_info` VALUES (511421, '', 5114, '2023-06-25 13:48:35', NULL, 0);
INSERT INTO `district_info` VALUES (511423, '', 5114, '2023-06-25 13:48:35', NULL, 0);
INSERT INTO `district_info` VALUES (511424, '', 5114, '2023-06-25 13:48:35', NULL, 0);
INSERT INTO `district_info` VALUES (511425, '', 5114, '2023-06-25 13:48:35', NULL, 0);
INSERT INTO `district_info` VALUES (511502, '', 5115, '2023-06-25 13:48:35', NULL, 0);
INSERT INTO `district_info` VALUES (511503, '', 5115, '2023-06-25 13:48:35', NULL, 0);
INSERT INTO `district_info` VALUES (511504, '', 5115, '2023-06-25 13:48:35', NULL, 0);
INSERT INTO `district_info` VALUES (511523, '', 5115, '2023-06-25 13:48:35', NULL, 0);
INSERT INTO `district_info` VALUES (511524, '', 5115, '2023-06-25 13:48:35', NULL, 0);
INSERT INTO `district_info` VALUES (511525, '', 5115, '2023-06-25 13:48:35', NULL, 0);
INSERT INTO `district_info` VALUES (511526, '', 5115, '2023-06-25 13:48:35', NULL, 0);
INSERT INTO `district_info` VALUES (511527, '', 5115, '2023-06-25 13:48:35', NULL, 0);
INSERT INTO `district_info` VALUES (511528, '', 5115, '2023-06-25 13:48:35', NULL, 0);
INSERT INTO `district_info` VALUES (511529, '', 5115, '2023-06-25 13:48:35', NULL, 0);
INSERT INTO `district_info` VALUES (511602, '', 5116, '2023-06-25 13:48:35', NULL, 0);
INSERT INTO `district_info` VALUES (511603, '', 5116, '2023-06-25 13:48:35', NULL, 0);
INSERT INTO `district_info` VALUES (511621, '', 5116, '2023-06-25 13:48:35', NULL, 0);
INSERT INTO `district_info` VALUES (511622, '', 5116, '2023-06-25 13:48:35', NULL, 0);
INSERT INTO `district_info` VALUES (511623, '', 5116, '2023-06-25 13:48:35', NULL, 0);
INSERT INTO `district_info` VALUES (511681, '', 5116, '2023-06-25 13:48:35', NULL, 0);
INSERT INTO `district_info` VALUES (511702, '', 5117, '2023-06-25 13:48:35', NULL, 0);
INSERT INTO `district_info` VALUES (511703, '', 5117, '2023-06-25 13:48:35', NULL, 0);
INSERT INTO `district_info` VALUES (511722, '', 5117, '2023-06-25 13:48:35', NULL, 0);
INSERT INTO `district_info` VALUES (511723, '', 5117, '2023-06-25 13:48:35', NULL, 0);
INSERT INTO `district_info` VALUES (511724, '', 5117, '2023-06-25 13:48:35', NULL, 0);
INSERT INTO `district_info` VALUES (511725, '', 5117, '2023-06-25 13:48:35', NULL, 0);
INSERT INTO `district_info` VALUES (511781, '', 5117, '2023-06-25 13:48:35', NULL, 0);
INSERT INTO `district_info` VALUES (511802, '', 5118, '2023-06-25 13:48:35', NULL, 0);
INSERT INTO `district_info` VALUES (511803, '', 5118, '2023-06-25 13:48:35', NULL, 0);
INSERT INTO `district_info` VALUES (511822, '', 5118, '2023-06-25 13:48:35', NULL, 0);
INSERT INTO `district_info` VALUES (511823, '', 5118, '2023-06-25 13:48:35', NULL, 0);
INSERT INTO `district_info` VALUES (511824, '', 5118, '2023-06-25 13:48:35', NULL, 0);
INSERT INTO `district_info` VALUES (511825, '', 5118, '2023-06-25 13:48:35', NULL, 0);
INSERT INTO `district_info` VALUES (511826, '', 5118, '2023-06-25 13:48:35', NULL, 0);
INSERT INTO `district_info` VALUES (511827, '', 5118, '2023-06-25 13:48:35', NULL, 0);
INSERT INTO `district_info` VALUES (511902, '', 5119, '2023-06-25 13:48:35', NULL, 0);
INSERT INTO `district_info` VALUES (511903, '', 5119, '2023-06-25 13:48:35', NULL, 0);
INSERT INTO `district_info` VALUES (511921, '', 5119, '2023-06-25 13:48:35', NULL, 0);
INSERT INTO `district_info` VALUES (511922, '', 5119, '2023-06-25 13:48:35', NULL, 0);
INSERT INTO `district_info` VALUES (511923, '', 5119, '2023-06-25 13:48:35', NULL, 0);
INSERT INTO `district_info` VALUES (512002, '', 5120, '2023-06-25 13:48:35', NULL, 0);
INSERT INTO `district_info` VALUES (512021, '', 5120, '2023-06-25 13:48:35', NULL, 0);
INSERT INTO `district_info` VALUES (512022, '', 5120, '2023-06-25 13:48:35', NULL, 0);
INSERT INTO `district_info` VALUES (513201, '', 5132, '2023-06-25 13:48:35', NULL, 0);
INSERT INTO `district_info` VALUES (513221, '', 5132, '2023-06-25 13:48:35', NULL, 0);
INSERT INTO `district_info` VALUES (513222, '', 5132, '2023-06-25 13:48:35', NULL, 0);
INSERT INTO `district_info` VALUES (513223, '', 5132, '2023-06-25 13:48:35', NULL, 0);
INSERT INTO `district_info` VALUES (513224, '', 5132, '2023-06-25 13:48:35', NULL, 0);
INSERT INTO `district_info` VALUES (513225, '', 5132, '2023-06-25 13:48:35', NULL, 0);
INSERT INTO `district_info` VALUES (513226, '', 5132, '2023-06-25 13:48:35', NULL, 0);
INSERT INTO `district_info` VALUES (513227, '', 5132, '2023-06-25 13:48:35', NULL, 0);
INSERT INTO `district_info` VALUES (513228, '', 5132, '2023-06-25 13:48:35', NULL, 0);
INSERT INTO `district_info` VALUES (513230, '', 5132, '2023-06-25 13:48:35', NULL, 0);
INSERT INTO `district_info` VALUES (513231, '', 5132, '2023-06-25 13:48:35', NULL, 0);
INSERT INTO `district_info` VALUES (513232, '', 5132, '2023-06-25 13:48:35', NULL, 0);
INSERT INTO `district_info` VALUES (513233, '', 5132, '2023-06-25 13:48:35', NULL, 0);
INSERT INTO `district_info` VALUES (513301, '', 5133, '2023-06-25 13:48:35', NULL, 0);
INSERT INTO `district_info` VALUES (513322, '', 5133, '2023-06-25 13:48:35', NULL, 0);
INSERT INTO `district_info` VALUES (513323, '', 5133, '2023-06-25 13:48:35', NULL, 0);
INSERT INTO `district_info` VALUES (513324, '', 5133, '2023-06-25 13:48:35', NULL, 0);
INSERT INTO `district_info` VALUES (513325, '', 5133, '2023-06-25 13:48:35', NULL, 0);
INSERT INTO `district_info` VALUES (513326, '', 5133, '2023-06-25 13:48:35', NULL, 0);
INSERT INTO `district_info` VALUES (513327, '', 5133, '2023-06-25 13:48:35', NULL, 0);
INSERT INTO `district_info` VALUES (513328, '', 5133, '2023-06-25 13:48:35', NULL, 0);
INSERT INTO `district_info` VALUES (513329, '', 5133, '2023-06-25 13:48:35', NULL, 0);
INSERT INTO `district_info` VALUES (513330, '', 5133, '2023-06-25 13:48:35', NULL, 0);
INSERT INTO `district_info` VALUES (513331, '', 5133, '2023-06-25 13:48:35', NULL, 0);
INSERT INTO `district_info` VALUES (513332, '', 5133, '2023-06-25 13:48:35', NULL, 0);
INSERT INTO `district_info` VALUES (513333, '', 5133, '2023-06-25 13:48:35', NULL, 0);
INSERT INTO `district_info` VALUES (513334, '', 5133, '2023-06-25 13:48:35', NULL, 0);
INSERT INTO `district_info` VALUES (513335, '', 5133, '2023-06-25 13:48:35', NULL, 0);
INSERT INTO `district_info` VALUES (513336, '', 5133, '2023-06-25 13:48:35', NULL, 0);
INSERT INTO `district_info` VALUES (513337, '', 5133, '2023-06-25 13:48:35', NULL, 0);
INSERT INTO `district_info` VALUES (513338, '', 5133, '2023-06-25 13:48:35', NULL, 0);
INSERT INTO `district_info` VALUES (513401, '', 5134, '2023-06-25 13:48:35', NULL, 0);
INSERT INTO `district_info` VALUES (513402, '', 5134, '2023-06-25 13:48:35', NULL, 0);
INSERT INTO `district_info` VALUES (513422, '', 5134, '2023-06-25 13:48:35', NULL, 0);
INSERT INTO `district_info` VALUES (513423, '', 5134, '2023-06-25 13:48:35', NULL, 0);
INSERT INTO `district_info` VALUES (513424, '', 5134, '2023-06-25 13:48:35', NULL, 0);
INSERT INTO `district_info` VALUES (513426, '', 5134, '2023-06-25 13:48:35', NULL, 0);
INSERT INTO `district_info` VALUES (513427, '', 5134, '2023-06-25 13:48:35', NULL, 0);
INSERT INTO `district_info` VALUES (513428, '', 5134, '2023-06-25 13:48:35', NULL, 0);
INSERT INTO `district_info` VALUES (513429, '', 5134, '2023-06-25 13:48:35', NULL, 0);
INSERT INTO `district_info` VALUES (513430, '', 5134, '2023-06-25 13:48:35', NULL, 0);
INSERT INTO `district_info` VALUES (513431, '', 5134, '2023-06-25 13:48:35', NULL, 0);
INSERT INTO `district_info` VALUES (513432, '', 5134, '2023-06-25 13:48:35', NULL, 0);
INSERT INTO `district_info` VALUES (513433, '', 5134, '2023-06-25 13:48:35', NULL, 0);
INSERT INTO `district_info` VALUES (513434, '', 5134, '2023-06-25 13:48:35', NULL, 0);
INSERT INTO `district_info` VALUES (513435, '', 5134, '2023-06-25 13:48:35', NULL, 0);
INSERT INTO `district_info` VALUES (513436, '', 5134, '2023-06-25 13:48:35', NULL, 0);
INSERT INTO `district_info` VALUES (513437, '', 5134, '2023-06-25 13:48:35', NULL, 0);
INSERT INTO `district_info` VALUES (520102, '', 5201, '2023-06-25 13:48:35', NULL, 0);
INSERT INTO `district_info` VALUES (520103, '', 5201, '2023-06-25 13:48:35', NULL, 0);
INSERT INTO `district_info` VALUES (520111, '', 5201, '2023-06-25 13:48:35', NULL, 0);
INSERT INTO `district_info` VALUES (520112, '', 5201, '2023-06-25 13:48:35', NULL, 0);
INSERT INTO `district_info` VALUES (520113, '', 5201, '2023-06-25 13:48:35', NULL, 0);
INSERT INTO `district_info` VALUES (520115, '', 5201, '2023-06-25 13:48:35', NULL, 0);
INSERT INTO `district_info` VALUES (520121, '', 5201, '2023-06-25 13:48:35', NULL, 0);
INSERT INTO `district_info` VALUES (520122, '', 5201, '2023-06-25 13:48:35', NULL, 0);
INSERT INTO `district_info` VALUES (520123, '', 5201, '2023-06-25 13:48:35', NULL, 0);
INSERT INTO `district_info` VALUES (520181, '', 5201, '2023-06-25 13:48:35', NULL, 0);
INSERT INTO `district_info` VALUES (520201, '', 5202, '2023-06-25 13:48:35', NULL, 0);
INSERT INTO `district_info` VALUES (520203, '', 5202, '2023-06-25 13:48:35', NULL, 0);
INSERT INTO `district_info` VALUES (520204, '', 5202, '2023-06-25 13:48:35', NULL, 0);
INSERT INTO `district_info` VALUES (520281, '', 5202, '2023-06-25 13:48:35', NULL, 0);
INSERT INTO `district_info` VALUES (520302, '', 5203, '2023-06-25 13:48:35', NULL, 0);
INSERT INTO `district_info` VALUES (520303, '', 5203, '2023-06-25 13:48:35', NULL, 0);
INSERT INTO `district_info` VALUES (520304, '', 5203, '2023-06-25 13:48:35', NULL, 0);
INSERT INTO `district_info` VALUES (520322, '', 5203, '2023-06-25 13:48:35', NULL, 0);
INSERT INTO `district_info` VALUES (520323, '', 5203, '2023-06-25 13:48:35', NULL, 0);
INSERT INTO `district_info` VALUES (520324, '', 5203, '2023-06-25 13:48:35', NULL, 0);
INSERT INTO `district_info` VALUES (520325, '', 5203, '2023-06-25 13:48:35', NULL, 0);
INSERT INTO `district_info` VALUES (520326, '', 5203, '2023-06-25 13:48:35', NULL, 0);
INSERT INTO `district_info` VALUES (520327, '', 5203, '2023-06-25 13:48:35', NULL, 0);
INSERT INTO `district_info` VALUES (520328, '', 5203, '2023-06-25 13:48:35', NULL, 0);
INSERT INTO `district_info` VALUES (520329, '', 5203, '2023-06-25 13:48:35', NULL, 0);
INSERT INTO `district_info` VALUES (520330, '', 5203, '2023-06-25 13:48:35', NULL, 0);
INSERT INTO `district_info` VALUES (520381, '', 5203, '2023-06-25 13:48:35', NULL, 0);
INSERT INTO `district_info` VALUES (520382, '', 5203, '2023-06-25 13:48:35', NULL, 0);
INSERT INTO `district_info` VALUES (520402, '', 5204, '2023-06-25 13:48:35', NULL, 0);
INSERT INTO `district_info` VALUES (520403, '', 5204, '2023-06-25 13:48:35', NULL, 0);
INSERT INTO `district_info` VALUES (520422, '', 5204, '2023-06-25 13:48:35', NULL, 0);
INSERT INTO `district_info` VALUES (520423, '', 5204, '2023-06-25 13:48:35', NULL, 0);
INSERT INTO `district_info` VALUES (520424, '', 5204, '2023-06-25 13:48:35', NULL, 0);
INSERT INTO `district_info` VALUES (520425, '', 5204, '2023-06-25 13:48:35', NULL, 0);
INSERT INTO `district_info` VALUES (520502, '', 5205, '2023-06-25 13:48:35', NULL, 0);
INSERT INTO `district_info` VALUES (520521, '', 5205, '2023-06-25 13:48:35', NULL, 0);
INSERT INTO `district_info` VALUES (520523, '', 5205, '2023-06-25 13:48:35', NULL, 0);
INSERT INTO `district_info` VALUES (520524, '', 5205, '2023-06-25 13:48:35', NULL, 0);
INSERT INTO `district_info` VALUES (520525, '', 5205, '2023-06-25 13:48:35', NULL, 0);
INSERT INTO `district_info` VALUES (520526, '', 5205, '2023-06-25 13:48:35', NULL, 0);
INSERT INTO `district_info` VALUES (520527, '', 5205, '2023-06-25 13:48:35', NULL, 0);
INSERT INTO `district_info` VALUES (520581, '', 5205, '2023-06-25 13:48:35', NULL, 0);
INSERT INTO `district_info` VALUES (520602, '', 5206, '2023-06-25 13:48:35', NULL, 0);
INSERT INTO `district_info` VALUES (520603, '', 5206, '2023-06-25 13:48:35', NULL, 0);
INSERT INTO `district_info` VALUES (520621, '', 5206, '2023-06-25 13:48:35', NULL, 0);
INSERT INTO `district_info` VALUES (520622, '', 5206, '2023-06-25 13:48:35', NULL, 0);
INSERT INTO `district_info` VALUES (520623, '', 5206, '2023-06-25 13:48:35', NULL, 0);
INSERT INTO `district_info` VALUES (520624, '', 5206, '2023-06-25 13:48:35', NULL, 0);
INSERT INTO `district_info` VALUES (520625, '', 5206, '2023-06-25 13:48:35', NULL, 0);
INSERT INTO `district_info` VALUES (520626, '', 5206, '2023-06-25 13:48:35', NULL, 0);
INSERT INTO `district_info` VALUES (520627, '', 5206, '2023-06-25 13:48:35', NULL, 0);
INSERT INTO `district_info` VALUES (520628, '', 5206, '2023-06-25 13:48:35', NULL, 0);
INSERT INTO `district_info` VALUES (522301, '', 5223, '2023-06-25 13:48:35', NULL, 0);
INSERT INTO `district_info` VALUES (522302, '', 5223, '2023-06-25 13:48:35', NULL, 0);
INSERT INTO `district_info` VALUES (522323, '', 5223, '2023-06-25 13:48:35', NULL, 0);
INSERT INTO `district_info` VALUES (522324, '', 5223, '2023-06-25 13:48:35', NULL, 0);
INSERT INTO `district_info` VALUES (522325, '', 5223, '2023-06-25 13:48:35', NULL, 0);
INSERT INTO `district_info` VALUES (522326, '', 5223, '2023-06-25 13:48:35', NULL, 0);
INSERT INTO `district_info` VALUES (522327, '', 5223, '2023-06-25 13:48:35', NULL, 0);
INSERT INTO `district_info` VALUES (522328, '', 5223, '2023-06-25 13:48:35', NULL, 0);
INSERT INTO `district_info` VALUES (522601, '', 5226, '2023-06-25 13:48:35', NULL, 0);
INSERT INTO `district_info` VALUES (522622, '', 5226, '2023-06-25 13:48:35', NULL, 0);
INSERT INTO `district_info` VALUES (522623, '', 5226, '2023-06-25 13:48:35', NULL, 0);
INSERT INTO `district_info` VALUES (522624, '', 5226, '2023-06-25 13:48:35', NULL, 0);
INSERT INTO `district_info` VALUES (522625, '', 5226, '2023-06-25 13:48:35', NULL, 0);
INSERT INTO `district_info` VALUES (522626, '', 5226, '2023-06-25 13:48:35', NULL, 0);
INSERT INTO `district_info` VALUES (522627, '', 5226, '2023-06-25 13:48:35', NULL, 0);
INSERT INTO `district_info` VALUES (522628, '', 5226, '2023-06-25 13:48:35', NULL, 0);
INSERT INTO `district_info` VALUES (522629, '', 5226, '2023-06-25 13:48:35', NULL, 0);
INSERT INTO `district_info` VALUES (522630, '', 5226, '2023-06-25 13:48:35', NULL, 0);
INSERT INTO `district_info` VALUES (522631, '', 5226, '2023-06-25 13:48:35', NULL, 0);
INSERT INTO `district_info` VALUES (522632, '', 5226, '2023-06-25 13:48:35', NULL, 0);
INSERT INTO `district_info` VALUES (522633, '', 5226, '2023-06-25 13:48:35', NULL, 0);
INSERT INTO `district_info` VALUES (522634, '', 5226, '2023-06-25 13:48:35', NULL, 0);
INSERT INTO `district_info` VALUES (522635, '', 5226, '2023-06-25 13:48:35', NULL, 0);
INSERT INTO `district_info` VALUES (522636, '', 5226, '2023-06-25 13:48:35', NULL, 0);
INSERT INTO `district_info` VALUES (522701, '', 5227, '2023-06-25 13:48:35', NULL, 0);
INSERT INTO `district_info` VALUES (522702, '', 5227, '2023-06-25 13:48:35', NULL, 0);
INSERT INTO `district_info` VALUES (522722, '', 5227, '2023-06-25 13:48:35', NULL, 0);
INSERT INTO `district_info` VALUES (522723, '', 5227, '2023-06-25 13:48:35', NULL, 0);
INSERT INTO `district_info` VALUES (522725, '', 5227, '2023-06-25 13:48:35', NULL, 0);
INSERT INTO `district_info` VALUES (522726, '', 5227, '2023-06-25 13:48:35', NULL, 0);
INSERT INTO `district_info` VALUES (522727, '', 5227, '2023-06-25 13:48:35', NULL, 0);
INSERT INTO `district_info` VALUES (522728, '', 5227, '2023-06-25 13:48:35', NULL, 0);
INSERT INTO `district_info` VALUES (522729, '', 5227, '2023-06-25 13:48:35', NULL, 0);
INSERT INTO `district_info` VALUES (522730, '', 5227, '2023-06-25 13:48:35', NULL, 0);
INSERT INTO `district_info` VALUES (522731, '', 5227, '2023-06-25 13:48:35', NULL, 0);
INSERT INTO `district_info` VALUES (522732, '', 5227, '2023-06-25 13:48:35', NULL, 0);
INSERT INTO `district_info` VALUES (530102, '', 5301, '2023-06-25 13:48:35', NULL, 0);
INSERT INTO `district_info` VALUES (530103, '', 5301, '2023-06-25 13:48:35', NULL, 0);
INSERT INTO `district_info` VALUES (530111, '', 5301, '2023-06-25 13:48:35', NULL, 0);
INSERT INTO `district_info` VALUES (530112, '', 5301, '2023-06-25 13:48:35', NULL, 0);
INSERT INTO `district_info` VALUES (530113, '', 5301, '2023-06-25 13:48:35', NULL, 0);
INSERT INTO `district_info` VALUES (530114, '', 5301, '2023-06-25 13:48:35', NULL, 0);
INSERT INTO `district_info` VALUES (530115, '', 5301, '2023-06-25 13:48:35', NULL, 0);
INSERT INTO `district_info` VALUES (530124, '', 5301, '2023-06-25 13:48:35', NULL, 0);
INSERT INTO `district_info` VALUES (530125, '', 5301, '2023-06-25 13:48:35', NULL, 0);
INSERT INTO `district_info` VALUES (530126, '', 5301, '2023-06-25 13:48:35', NULL, 0);
INSERT INTO `district_info` VALUES (530127, '', 5301, '2023-06-25 13:48:35', NULL, 0);
INSERT INTO `district_info` VALUES (530128, '', 5301, '2023-06-25 13:48:35', NULL, 0);
INSERT INTO `district_info` VALUES (530129, '', 5301, '2023-06-25 13:48:35', NULL, 0);
INSERT INTO `district_info` VALUES (530181, '', 5301, '2023-06-25 13:48:35', NULL, 0);
INSERT INTO `district_info` VALUES (530302, '', 5303, '2023-06-25 13:48:35', NULL, 0);
INSERT INTO `district_info` VALUES (530303, '', 5303, '2023-06-25 13:48:35', NULL, 0);
INSERT INTO `district_info` VALUES (530304, '', 5303, '2023-06-25 13:48:35', NULL, 0);
INSERT INTO `district_info` VALUES (530322, '', 5303, '2023-06-25 13:48:35', NULL, 0);
INSERT INTO `district_info` VALUES (530323, '', 5303, '2023-06-25 13:48:35', NULL, 0);
INSERT INTO `district_info` VALUES (530324, '', 5303, '2023-06-25 13:48:35', NULL, 0);
INSERT INTO `district_info` VALUES (530325, '', 5303, '2023-06-25 13:48:35', NULL, 0);
INSERT INTO `district_info` VALUES (530326, '', 5303, '2023-06-25 13:48:35', NULL, 0);
INSERT INTO `district_info` VALUES (530381, '', 5303, '2023-06-25 13:48:35', NULL, 0);
INSERT INTO `district_info` VALUES (530402, '', 5304, '2023-06-25 13:48:35', NULL, 0);
INSERT INTO `district_info` VALUES (530403, '', 5304, '2023-06-25 13:48:35', NULL, 0);
INSERT INTO `district_info` VALUES (530423, '', 5304, '2023-06-25 13:48:35', NULL, 0);
INSERT INTO `district_info` VALUES (530424, '', 5304, '2023-06-25 13:48:35', NULL, 0);
INSERT INTO `district_info` VALUES (530425, '', 5304, '2023-06-25 13:48:35', NULL, 0);
INSERT INTO `district_info` VALUES (530426, '', 5304, '2023-06-25 13:48:35', NULL, 0);
INSERT INTO `district_info` VALUES (530427, '', 5304, '2023-06-25 13:48:35', NULL, 0);
INSERT INTO `district_info` VALUES (530428, '', 5304, '2023-06-25 13:48:35', NULL, 0);
INSERT INTO `district_info` VALUES (530481, '', 5304, '2023-06-25 13:48:35', NULL, 0);
INSERT INTO `district_info` VALUES (530502, '', 5305, '2023-06-25 13:48:35', NULL, 0);
INSERT INTO `district_info` VALUES (530521, '', 5305, '2023-06-25 13:48:35', NULL, 0);
INSERT INTO `district_info` VALUES (530523, '', 5305, '2023-06-25 13:48:35', NULL, 0);
INSERT INTO `district_info` VALUES (530524, '', 5305, '2023-06-25 13:48:35', NULL, 0);
INSERT INTO `district_info` VALUES (530581, '', 5305, '2023-06-25 13:48:35', NULL, 0);
INSERT INTO `district_info` VALUES (530602, '', 5306, '2023-06-25 13:48:35', NULL, 0);
INSERT INTO `district_info` VALUES (530621, '', 5306, '2023-06-25 13:48:35', NULL, 0);
INSERT INTO `district_info` VALUES (530622, '', 5306, '2023-06-25 13:48:35', NULL, 0);
INSERT INTO `district_info` VALUES (530623, '', 5306, '2023-06-25 13:48:35', NULL, 0);
INSERT INTO `district_info` VALUES (530624, '', 5306, '2023-06-25 13:48:35', NULL, 0);
INSERT INTO `district_info` VALUES (530625, '', 5306, '2023-06-25 13:48:35', NULL, 0);
INSERT INTO `district_info` VALUES (530626, '', 5306, '2023-06-25 13:48:35', NULL, 0);
INSERT INTO `district_info` VALUES (530627, '', 5306, '2023-06-25 13:48:35', NULL, 0);
INSERT INTO `district_info` VALUES (530628, '', 5306, '2023-06-25 13:48:35', NULL, 0);
INSERT INTO `district_info` VALUES (530629, '', 5306, '2023-06-25 13:48:35', NULL, 0);
INSERT INTO `district_info` VALUES (530681, '', 5306, '2023-06-25 13:48:35', NULL, 0);
INSERT INTO `district_info` VALUES (530702, '', 5307, '2023-06-25 13:48:35', NULL, 0);
INSERT INTO `district_info` VALUES (530721, '', 5307, '2023-06-25 13:48:35', NULL, 0);
INSERT INTO `district_info` VALUES (530722, '', 5307, '2023-06-25 13:48:35', NULL, 0);
INSERT INTO `district_info` VALUES (530723, '', 5307, '2023-06-25 13:48:35', NULL, 0);
INSERT INTO `district_info` VALUES (530724, '', 5307, '2023-06-25 13:48:35', NULL, 0);
INSERT INTO `district_info` VALUES (530802, '', 5308, '2023-06-25 13:48:35', NULL, 0);
INSERT INTO `district_info` VALUES (530821, '', 5308, '2023-06-25 13:48:35', NULL, 0);
INSERT INTO `district_info` VALUES (530822, '', 5308, '2023-06-25 13:48:35', NULL, 0);
INSERT INTO `district_info` VALUES (530823, '', 5308, '2023-06-25 13:48:35', NULL, 0);
INSERT INTO `district_info` VALUES (530824, '', 5308, '2023-06-25 13:48:35', NULL, 0);
INSERT INTO `district_info` VALUES (530825, '', 5308, '2023-06-25 13:48:35', NULL, 0);
INSERT INTO `district_info` VALUES (530826, '', 5308, '2023-06-25 13:48:35', NULL, 0);
INSERT INTO `district_info` VALUES (530827, '', 5308, '2023-06-25 13:48:35', NULL, 0);
INSERT INTO `district_info` VALUES (530828, '', 5308, '2023-06-25 13:48:35', NULL, 0);
INSERT INTO `district_info` VALUES (530829, '', 5308, '2023-06-25 13:48:35', NULL, 0);
INSERT INTO `district_info` VALUES (530902, '', 5309, '2023-06-25 13:48:35', NULL, 0);
INSERT INTO `district_info` VALUES (530921, '', 5309, '2023-06-25 13:48:35', NULL, 0);
INSERT INTO `district_info` VALUES (530922, '', 5309, '2023-06-25 13:48:35', NULL, 0);
INSERT INTO `district_info` VALUES (530923, '', 5309, '2023-06-25 13:48:35', NULL, 0);
INSERT INTO `district_info` VALUES (530924, '', 5309, '2023-06-25 13:48:35', NULL, 0);
INSERT INTO `district_info` VALUES (530925, '', 5309, '2023-06-25 13:48:35', NULL, 0);
INSERT INTO `district_info` VALUES (530926, '', 5309, '2023-06-25 13:48:35', NULL, 0);
INSERT INTO `district_info` VALUES (530927, '', 5309, '2023-06-25 13:48:35', NULL, 0);
INSERT INTO `district_info` VALUES (532301, '', 5323, '2023-06-25 13:48:35', NULL, 0);
INSERT INTO `district_info` VALUES (532302, '', 5323, '2023-06-25 13:48:35', NULL, 0);
INSERT INTO `district_info` VALUES (532322, '', 5323, '2023-06-25 13:48:35', NULL, 0);
INSERT INTO `district_info` VALUES (532323, '', 5323, '2023-06-25 13:48:35', NULL, 0);
INSERT INTO `district_info` VALUES (532324, '', 5323, '2023-06-25 13:48:35', NULL, 0);
INSERT INTO `district_info` VALUES (532325, '', 5323, '2023-06-25 13:48:35', NULL, 0);
INSERT INTO `district_info` VALUES (532326, '', 5323, '2023-06-25 13:48:35', NULL, 0);
INSERT INTO `district_info` VALUES (532327, '', 5323, '2023-06-25 13:48:35', NULL, 0);
INSERT INTO `district_info` VALUES (532328, '', 5323, '2023-06-25 13:48:35', NULL, 0);
INSERT INTO `district_info` VALUES (532329, '', 5323, '2023-06-25 13:48:35', NULL, 0);
INSERT INTO `district_info` VALUES (532501, '', 5325, '2023-06-25 13:48:35', NULL, 0);
INSERT INTO `district_info` VALUES (532502, '', 5325, '2023-06-25 13:48:35', NULL, 0);
INSERT INTO `district_info` VALUES (532503, '', 5325, '2023-06-25 13:48:35', NULL, 0);
INSERT INTO `district_info` VALUES (532504, '', 5325, '2023-06-25 13:48:35', NULL, 0);
INSERT INTO `district_info` VALUES (532523, '', 5325, '2023-06-25 13:48:35', NULL, 0);
INSERT INTO `district_info` VALUES (532524, '', 5325, '2023-06-25 13:48:35', NULL, 0);
INSERT INTO `district_info` VALUES (532525, '', 5325, '2023-06-25 13:48:35', NULL, 0);
INSERT INTO `district_info` VALUES (532527, '', 5325, '2023-06-25 13:48:35', NULL, 0);
INSERT INTO `district_info` VALUES (532528, '', 5325, '2023-06-25 13:48:35', NULL, 0);
INSERT INTO `district_info` VALUES (532529, '', 5325, '2023-06-25 13:48:35', NULL, 0);
INSERT INTO `district_info` VALUES (532530, '', 5325, '2023-06-25 13:48:35', NULL, 0);
INSERT INTO `district_info` VALUES (532531, '', 5325, '2023-06-25 13:48:35', NULL, 0);
INSERT INTO `district_info` VALUES (532532, '', 5325, '2023-06-25 13:48:35', NULL, 0);
INSERT INTO `district_info` VALUES (532601, '', 5326, '2023-06-25 13:48:35', NULL, 0);
INSERT INTO `district_info` VALUES (532622, '', 5326, '2023-06-25 13:48:35', NULL, 0);
INSERT INTO `district_info` VALUES (532623, '', 5326, '2023-06-25 13:48:35', NULL, 0);
INSERT INTO `district_info` VALUES (532624, '', 5326, '2023-06-25 13:48:35', NULL, 0);
INSERT INTO `district_info` VALUES (532625, '', 5326, '2023-06-25 13:48:35', NULL, 0);
INSERT INTO `district_info` VALUES (532626, '', 5326, '2023-06-25 13:48:35', NULL, 0);
INSERT INTO `district_info` VALUES (532627, '', 5326, '2023-06-25 13:48:35', NULL, 0);
INSERT INTO `district_info` VALUES (532628, '', 5326, '2023-06-25 13:48:35', NULL, 0);
INSERT INTO `district_info` VALUES (532801, '', 5328, '2023-06-25 13:48:35', NULL, 0);
INSERT INTO `district_info` VALUES (532822, '', 5328, '2023-06-25 13:48:35', NULL, 0);
INSERT INTO `district_info` VALUES (532823, '', 5328, '2023-06-25 13:48:35', NULL, 0);
INSERT INTO `district_info` VALUES (532901, '', 5329, '2023-06-25 13:48:35', NULL, 0);
INSERT INTO `district_info` VALUES (532922, '', 5329, '2023-06-25 13:48:35', NULL, 0);
INSERT INTO `district_info` VALUES (532923, '', 5329, '2023-06-25 13:48:35', NULL, 0);
INSERT INTO `district_info` VALUES (532924, '', 5329, '2023-06-25 13:48:35', NULL, 0);
INSERT INTO `district_info` VALUES (532925, '', 5329, '2023-06-25 13:48:35', NULL, 0);
INSERT INTO `district_info` VALUES (532926, '', 5329, '2023-06-25 13:48:35', NULL, 0);
INSERT INTO `district_info` VALUES (532927, '', 5329, '2023-06-25 13:48:35', NULL, 0);
INSERT INTO `district_info` VALUES (532928, '', 5329, '2023-06-25 13:48:35', NULL, 0);
INSERT INTO `district_info` VALUES (532929, '', 5329, '2023-06-25 13:48:35', NULL, 0);
INSERT INTO `district_info` VALUES (532930, '', 5329, '2023-06-25 13:48:35', NULL, 0);
INSERT INTO `district_info` VALUES (532931, '', 5329, '2023-06-25 13:48:35', NULL, 0);
INSERT INTO `district_info` VALUES (532932, '', 5329, '2023-06-25 13:48:35', NULL, 0);
INSERT INTO `district_info` VALUES (533102, '', 5331, '2023-06-25 13:48:35', NULL, 0);
INSERT INTO `district_info` VALUES (533103, '', 5331, '2023-06-25 13:48:35', NULL, 0);
INSERT INTO `district_info` VALUES (533122, '', 5331, '2023-06-25 13:48:35', NULL, 0);
INSERT INTO `district_info` VALUES (533123, '', 5331, '2023-06-25 13:48:35', NULL, 0);
INSERT INTO `district_info` VALUES (533124, '', 5331, '2023-06-25 13:48:35', NULL, 0);
INSERT INTO `district_info` VALUES (533301, '', 5333, '2023-06-25 13:48:35', NULL, 0);
INSERT INTO `district_info` VALUES (533323, '', 5333, '2023-06-25 13:48:35', NULL, 0);
INSERT INTO `district_info` VALUES (533324, '', 5333, '2023-06-25 13:48:35', NULL, 0);
INSERT INTO `district_info` VALUES (533325, '', 5333, '2023-06-25 13:48:35', NULL, 0);
INSERT INTO `district_info` VALUES (533401, '', 5334, '2023-06-25 13:48:35', NULL, 0);
INSERT INTO `district_info` VALUES (533422, '', 5334, '2023-06-25 13:48:35', NULL, 0);
INSERT INTO `district_info` VALUES (533423, '', 5334, '2023-06-25 13:48:35', NULL, 0);
INSERT INTO `district_info` VALUES (540102, '', 5401, '2023-06-25 13:48:35', NULL, 0);
INSERT INTO `district_info` VALUES (540103, '', 5401, '2023-06-25 13:48:35', NULL, 0);
INSERT INTO `district_info` VALUES (540104, '', 5401, '2023-06-25 13:48:35', NULL, 0);
INSERT INTO `district_info` VALUES (540121, '', 5401, '2023-06-25 13:48:35', NULL, 0);
INSERT INTO `district_info` VALUES (540122, '', 5401, '2023-06-25 13:48:35', NULL, 0);
INSERT INTO `district_info` VALUES (540123, '', 5401, '2023-06-25 13:48:35', NULL, 0);
INSERT INTO `district_info` VALUES (540124, '', 5401, '2023-06-25 13:48:35', NULL, 0);
INSERT INTO `district_info` VALUES (540127, '', 5401, '2023-06-25 13:48:35', NULL, 0);
INSERT INTO `district_info` VALUES (540171, '', 5401, '2023-06-25 13:48:35', NULL, 0);
INSERT INTO `district_info` VALUES (540172, '', 5401, '2023-06-25 13:48:35', NULL, 0);
INSERT INTO `district_info` VALUES (540173, '', 5401, '2023-06-25 13:48:35', NULL, 0);
INSERT INTO `district_info` VALUES (540174, '', 5401, '2023-06-25 13:48:35', NULL, 0);
INSERT INTO `district_info` VALUES (540202, '', 5402, '2023-06-25 13:48:35', NULL, 0);
INSERT INTO `district_info` VALUES (540221, '', 5402, '2023-06-25 13:48:35', NULL, 0);
INSERT INTO `district_info` VALUES (540222, '', 5402, '2023-06-25 13:48:35', NULL, 0);
INSERT INTO `district_info` VALUES (540223, '', 5402, '2023-06-25 13:48:35', NULL, 0);
INSERT INTO `district_info` VALUES (540224, '', 5402, '2023-06-25 13:48:35', NULL, 0);
INSERT INTO `district_info` VALUES (540225, '', 5402, '2023-06-25 13:48:35', NULL, 0);
INSERT INTO `district_info` VALUES (540226, '', 5402, '2023-06-25 13:48:35', NULL, 0);
INSERT INTO `district_info` VALUES (540227, '', 5402, '2023-06-25 13:48:35', NULL, 0);
INSERT INTO `district_info` VALUES (540228, '', 5402, '2023-06-25 13:48:35', NULL, 0);
INSERT INTO `district_info` VALUES (540229, '', 5402, '2023-06-25 13:48:35', NULL, 0);
INSERT INTO `district_info` VALUES (540230, '', 5402, '2023-06-25 13:48:35', NULL, 0);
INSERT INTO `district_info` VALUES (540231, '', 5402, '2023-06-25 13:48:35', NULL, 0);
INSERT INTO `district_info` VALUES (540232, '', 5402, '2023-06-25 13:48:35', NULL, 0);
INSERT INTO `district_info` VALUES (540233, '', 5402, '2023-06-25 13:48:35', NULL, 0);
INSERT INTO `district_info` VALUES (540234, '', 5402, '2023-06-25 13:48:35', NULL, 0);
INSERT INTO `district_info` VALUES (540235, '', 5402, '2023-06-25 13:48:35', NULL, 0);
INSERT INTO `district_info` VALUES (540236, '', 5402, '2023-06-25 13:48:35', NULL, 0);
INSERT INTO `district_info` VALUES (540237, '', 5402, '2023-06-25 13:48:35', NULL, 0);
INSERT INTO `district_info` VALUES (540302, '', 5403, '2023-06-25 13:48:35', NULL, 0);
INSERT INTO `district_info` VALUES (540321, '', 5403, '2023-06-25 13:48:35', NULL, 0);
INSERT INTO `district_info` VALUES (540322, '', 5403, '2023-06-25 13:48:35', NULL, 0);
INSERT INTO `district_info` VALUES (540323, '', 5403, '2023-06-25 13:48:35', NULL, 0);
INSERT INTO `district_info` VALUES (540324, '', 5403, '2023-06-25 13:48:35', NULL, 0);
INSERT INTO `district_info` VALUES (540325, '', 5403, '2023-06-25 13:48:35', NULL, 0);
INSERT INTO `district_info` VALUES (540326, '', 5403, '2023-06-25 13:48:35', NULL, 0);
INSERT INTO `district_info` VALUES (540327, '', 5403, '2023-06-25 13:48:35', NULL, 0);
INSERT INTO `district_info` VALUES (540328, '', 5403, '2023-06-25 13:48:35', NULL, 0);
INSERT INTO `district_info` VALUES (540329, '', 5403, '2023-06-25 13:48:35', NULL, 0);
INSERT INTO `district_info` VALUES (540330, '', 5403, '2023-06-25 13:48:35', NULL, 0);
INSERT INTO `district_info` VALUES (540402, '', 5404, '2023-06-25 13:48:35', NULL, 0);
INSERT INTO `district_info` VALUES (540421, '', 5404, '2023-06-25 13:48:35', NULL, 0);
INSERT INTO `district_info` VALUES (540422, '', 5404, '2023-06-25 13:48:35', NULL, 0);
INSERT INTO `district_info` VALUES (540423, '', 5404, '2023-06-25 13:48:35', NULL, 0);
INSERT INTO `district_info` VALUES (540424, '', 5404, '2023-06-25 13:48:35', NULL, 0);
INSERT INTO `district_info` VALUES (540425, '', 5404, '2023-06-25 13:48:35', NULL, 0);
INSERT INTO `district_info` VALUES (540426, '', 5404, '2023-06-25 13:48:35', NULL, 0);
INSERT INTO `district_info` VALUES (540502, '', 5405, '2023-06-25 13:48:35', NULL, 0);
INSERT INTO `district_info` VALUES (540521, '', 5405, '2023-06-25 13:48:35', NULL, 0);
INSERT INTO `district_info` VALUES (540522, '', 5405, '2023-06-25 13:48:35', NULL, 0);
INSERT INTO `district_info` VALUES (540523, '', 5405, '2023-06-25 13:48:35', NULL, 0);
INSERT INTO `district_info` VALUES (540524, '', 5405, '2023-06-25 13:48:35', NULL, 0);
INSERT INTO `district_info` VALUES (540525, '', 5405, '2023-06-25 13:48:35', NULL, 0);
INSERT INTO `district_info` VALUES (540526, '', 5405, '2023-06-25 13:48:35', NULL, 0);
INSERT INTO `district_info` VALUES (540527, '', 5405, '2023-06-25 13:48:35', NULL, 0);
INSERT INTO `district_info` VALUES (540528, '', 5405, '2023-06-25 13:48:35', NULL, 0);
INSERT INTO `district_info` VALUES (540529, '', 5405, '2023-06-25 13:48:35', NULL, 0);
INSERT INTO `district_info` VALUES (540530, '', 5405, '2023-06-25 13:48:35', NULL, 0);
INSERT INTO `district_info` VALUES (540531, '', 5405, '2023-06-25 13:48:35', NULL, 0);
INSERT INTO `district_info` VALUES (540602, '', 5406, '2023-06-25 13:48:35', NULL, 0);
INSERT INTO `district_info` VALUES (540621, '', 5406, '2023-06-25 13:48:35', NULL, 0);
INSERT INTO `district_info` VALUES (540622, '', 5406, '2023-06-25 13:48:35', NULL, 0);
INSERT INTO `district_info` VALUES (540623, '', 5406, '2023-06-25 13:48:35', NULL, 0);
INSERT INTO `district_info` VALUES (540624, '', 5406, '2023-06-25 13:48:35', NULL, 0);
INSERT INTO `district_info` VALUES (540625, '', 5406, '2023-06-25 13:48:35', NULL, 0);
INSERT INTO `district_info` VALUES (540626, '', 5406, '2023-06-25 13:48:35', NULL, 0);
INSERT INTO `district_info` VALUES (540627, '', 5406, '2023-06-25 13:48:35', NULL, 0);
INSERT INTO `district_info` VALUES (540628, '', 5406, '2023-06-25 13:48:35', NULL, 0);
INSERT INTO `district_info` VALUES (540629, '', 5406, '2023-06-25 13:48:35', NULL, 0);
INSERT INTO `district_info` VALUES (540630, '', 5406, '2023-06-25 13:48:35', NULL, 0);
INSERT INTO `district_info` VALUES (542521, '', 5425, '2023-06-25 13:48:35', NULL, 0);
INSERT INTO `district_info` VALUES (542522, '', 5425, '2023-06-25 13:48:35', NULL, 0);
INSERT INTO `district_info` VALUES (542523, '', 5425, '2023-06-25 13:48:35', NULL, 0);
INSERT INTO `district_info` VALUES (542524, '', 5425, '2023-06-25 13:48:35', NULL, 0);
INSERT INTO `district_info` VALUES (542525, '', 5425, '2023-06-25 13:48:35', NULL, 0);
INSERT INTO `district_info` VALUES (542526, '', 5425, '2023-06-25 13:48:35', NULL, 0);
INSERT INTO `district_info` VALUES (542527, '', 5425, '2023-06-25 13:48:35', NULL, 0);
INSERT INTO `district_info` VALUES (610102, '', 6101, '2023-06-25 13:48:35', NULL, 0);
INSERT INTO `district_info` VALUES (610103, '', 6101, '2023-06-25 13:48:35', NULL, 0);
INSERT INTO `district_info` VALUES (610104, '', 6101, '2023-06-25 13:48:35', NULL, 0);
INSERT INTO `district_info` VALUES (610111, '', 6101, '2023-06-25 13:48:35', NULL, 0);
INSERT INTO `district_info` VALUES (610112, '', 6101, '2023-06-25 13:48:35', NULL, 0);
INSERT INTO `district_info` VALUES (610113, '', 6101, '2023-06-25 13:48:35', NULL, 0);
INSERT INTO `district_info` VALUES (610114, '', 6101, '2023-06-25 13:48:35', NULL, 0);
INSERT INTO `district_info` VALUES (610115, '', 6101, '2023-06-25 13:48:35', NULL, 0);
INSERT INTO `district_info` VALUES (610116, '', 6101, '2023-06-25 13:48:35', NULL, 0);
INSERT INTO `district_info` VALUES (610117, '', 6101, '2023-06-25 13:48:35', NULL, 0);
INSERT INTO `district_info` VALUES (610118, '', 6101, '2023-06-25 13:48:35', NULL, 0);
INSERT INTO `district_info` VALUES (610122, '', 6101, '2023-06-25 13:48:35', NULL, 0);
INSERT INTO `district_info` VALUES (610124, '', 6101, '2023-06-25 13:48:35', NULL, 0);
INSERT INTO `district_info` VALUES (610202, '', 6102, '2023-06-25 13:48:35', NULL, 0);
INSERT INTO `district_info` VALUES (610203, '', 6102, '2023-06-25 13:48:35', NULL, 0);
INSERT INTO `district_info` VALUES (610204, '', 6102, '2023-06-25 13:48:35', NULL, 0);
INSERT INTO `district_info` VALUES (610222, '', 6102, '2023-06-25 13:48:35', NULL, 0);
INSERT INTO `district_info` VALUES (610302, '', 6103, '2023-06-25 13:48:35', NULL, 0);
INSERT INTO `district_info` VALUES (610303, '', 6103, '2023-06-25 13:48:35', NULL, 0);
INSERT INTO `district_info` VALUES (610304, '', 6103, '2023-06-25 13:48:35', NULL, 0);
INSERT INTO `district_info` VALUES (610305, '', 6103, '2023-06-25 13:48:35', NULL, 0);
INSERT INTO `district_info` VALUES (610323, '', 6103, '2023-06-25 13:48:35', NULL, 0);
INSERT INTO `district_info` VALUES (610324, '', 6103, '2023-06-25 13:48:35', NULL, 0);
INSERT INTO `district_info` VALUES (610326, '', 6103, '2023-06-25 13:48:35', NULL, 0);
INSERT INTO `district_info` VALUES (610327, '', 6103, '2023-06-25 13:48:35', NULL, 0);
INSERT INTO `district_info` VALUES (610328, '', 6103, '2023-06-25 13:48:35', NULL, 0);
INSERT INTO `district_info` VALUES (610329, '', 6103, '2023-06-25 13:48:35', NULL, 0);
INSERT INTO `district_info` VALUES (610330, '', 6103, '2023-06-25 13:48:35', NULL, 0);
INSERT INTO `district_info` VALUES (610331, '', 6103, '2023-06-25 13:48:35', NULL, 0);
INSERT INTO `district_info` VALUES (610402, '', 6104, '2023-06-25 13:48:35', NULL, 0);
INSERT INTO `district_info` VALUES (610403, '', 6104, '2023-06-25 13:48:35', NULL, 0);
INSERT INTO `district_info` VALUES (610404, '', 6104, '2023-06-25 13:48:35', NULL, 0);
INSERT INTO `district_info` VALUES (610422, '', 6104, '2023-06-25 13:48:35', NULL, 0);
INSERT INTO `district_info` VALUES (610423, '', 6104, '2023-06-25 13:48:35', NULL, 0);
INSERT INTO `district_info` VALUES (610424, '', 6104, '2023-06-25 13:48:35', NULL, 0);
INSERT INTO `district_info` VALUES (610425, '', 6104, '2023-06-25 13:48:35', NULL, 0);
INSERT INTO `district_info` VALUES (610426, '', 6104, '2023-06-25 13:48:35', NULL, 0);
INSERT INTO `district_info` VALUES (610428, '', 6104, '2023-06-25 13:48:35', NULL, 0);
INSERT INTO `district_info` VALUES (610429, '', 6104, '2023-06-25 13:48:35', NULL, 0);
INSERT INTO `district_info` VALUES (610430, '', 6104, '2023-06-25 13:48:35', NULL, 0);
INSERT INTO `district_info` VALUES (610431, '', 6104, '2023-06-25 13:48:35', NULL, 0);
INSERT INTO `district_info` VALUES (610481, '', 6104, '2023-06-25 13:48:35', NULL, 0);
INSERT INTO `district_info` VALUES (610482, '', 6104, '2023-06-25 13:48:35', NULL, 0);
INSERT INTO `district_info` VALUES (610502, '', 6105, '2023-06-25 13:48:35', NULL, 0);
INSERT INTO `district_info` VALUES (610503, '', 6105, '2023-06-25 13:48:35', NULL, 0);
INSERT INTO `district_info` VALUES (610522, '', 6105, '2023-06-25 13:48:35', NULL, 0);
INSERT INTO `district_info` VALUES (610523, '', 6105, '2023-06-25 13:48:35', NULL, 0);
INSERT INTO `district_info` VALUES (610524, '', 6105, '2023-06-25 13:48:35', NULL, 0);
INSERT INTO `district_info` VALUES (610525, '', 6105, '2023-06-25 13:48:35', NULL, 0);
INSERT INTO `district_info` VALUES (610526, '', 6105, '2023-06-25 13:48:35', NULL, 0);
INSERT INTO `district_info` VALUES (610527, '', 6105, '2023-06-25 13:48:35', NULL, 0);
INSERT INTO `district_info` VALUES (610528, '', 6105, '2023-06-25 13:48:35', NULL, 0);
INSERT INTO `district_info` VALUES (610581, '', 6105, '2023-06-25 13:48:35', NULL, 0);
INSERT INTO `district_info` VALUES (610582, '', 6105, '2023-06-25 13:48:35', NULL, 0);
INSERT INTO `district_info` VALUES (610602, '', 6106, '2023-06-25 13:48:35', NULL, 0);
INSERT INTO `district_info` VALUES (610603, '', 6106, '2023-06-25 13:48:35', NULL, 0);
INSERT INTO `district_info` VALUES (610621, '', 6106, '2023-06-25 13:48:35', NULL, 0);
INSERT INTO `district_info` VALUES (610622, '', 6106, '2023-06-25 13:48:35', NULL, 0);
INSERT INTO `district_info` VALUES (610625, '', 6106, '2023-06-25 13:48:35', NULL, 0);
INSERT INTO `district_info` VALUES (610626, '', 6106, '2023-06-25 13:48:35', NULL, 0);
INSERT INTO `district_info` VALUES (610627, '', 6106, '2023-06-25 13:48:35', NULL, 0);
INSERT INTO `district_info` VALUES (610628, '', 6106, '2023-06-25 13:48:35', NULL, 0);
INSERT INTO `district_info` VALUES (610629, '', 6106, '2023-06-25 13:48:35', NULL, 0);
INSERT INTO `district_info` VALUES (610630, '', 6106, '2023-06-25 13:48:35', NULL, 0);
INSERT INTO `district_info` VALUES (610631, '', 6106, '2023-06-25 13:48:35', NULL, 0);
INSERT INTO `district_info` VALUES (610632, '', 6106, '2023-06-25 13:48:35', NULL, 0);
INSERT INTO `district_info` VALUES (610681, '', 6106, '2023-06-25 13:48:35', NULL, 0);
INSERT INTO `district_info` VALUES (610702, '', 6107, '2023-06-25 13:48:35', NULL, 0);
INSERT INTO `district_info` VALUES (610703, '', 6107, '2023-06-25 13:48:35', NULL, 0);
INSERT INTO `district_info` VALUES (610722, '', 6107, '2023-06-25 13:48:35', NULL, 0);
INSERT INTO `district_info` VALUES (610723, '', 6107, '2023-06-25 13:48:35', NULL, 0);
INSERT INTO `district_info` VALUES (610724, '', 6107, '2023-06-25 13:48:35', NULL, 0);
INSERT INTO `district_info` VALUES (610725, '', 6107, '2023-06-25 13:48:35', NULL, 0);
INSERT INTO `district_info` VALUES (610726, '', 6107, '2023-06-25 13:48:35', NULL, 0);
INSERT INTO `district_info` VALUES (610727, '', 6107, '2023-06-25 13:48:35', NULL, 0);
INSERT INTO `district_info` VALUES (610728, '', 6107, '2023-06-25 13:48:35', NULL, 0);
INSERT INTO `district_info` VALUES (610729, '', 6107, '2023-06-25 13:48:35', NULL, 0);
INSERT INTO `district_info` VALUES (610730, '', 6107, '2023-06-25 13:48:35', NULL, 0);
INSERT INTO `district_info` VALUES (610802, '', 6108, '2023-06-25 13:48:35', NULL, 0);
INSERT INTO `district_info` VALUES (610803, '', 6108, '2023-06-25 13:48:35', NULL, 0);
INSERT INTO `district_info` VALUES (610822, '', 6108, '2023-06-25 13:48:35', NULL, 0);
INSERT INTO `district_info` VALUES (610824, '', 6108, '2023-06-25 13:48:35', NULL, 0);
INSERT INTO `district_info` VALUES (610825, '', 6108, '2023-06-25 13:48:35', NULL, 0);
INSERT INTO `district_info` VALUES (610826, '', 6108, '2023-06-25 13:48:35', NULL, 0);
INSERT INTO `district_info` VALUES (610827, '', 6108, '2023-06-25 13:48:35', NULL, 0);
INSERT INTO `district_info` VALUES (610828, '', 6108, '2023-06-25 13:48:35', NULL, 0);
INSERT INTO `district_info` VALUES (610829, '', 6108, '2023-06-25 13:48:35', NULL, 0);
INSERT INTO `district_info` VALUES (610830, '', 6108, '2023-06-25 13:48:35', NULL, 0);
INSERT INTO `district_info` VALUES (610831, '', 6108, '2023-06-25 13:48:35', NULL, 0);
INSERT INTO `district_info` VALUES (610881, '', 6108, '2023-06-25 13:48:35', NULL, 0);
INSERT INTO `district_info` VALUES (610902, '', 6109, '2023-06-25 13:48:35', NULL, 0);
INSERT INTO `district_info` VALUES (610921, '', 6109, '2023-06-25 13:48:35', NULL, 0);
INSERT INTO `district_info` VALUES (610922, '', 6109, '2023-06-25 13:48:35', NULL, 0);
INSERT INTO `district_info` VALUES (610923, '', 6109, '2023-06-25 13:48:35', NULL, 0);
INSERT INTO `district_info` VALUES (610924, '', 6109, '2023-06-25 13:48:35', NULL, 0);
INSERT INTO `district_info` VALUES (610925, '', 6109, '2023-06-25 13:48:35', NULL, 0);
INSERT INTO `district_info` VALUES (610926, '', 6109, '2023-06-25 13:48:35', NULL, 0);
INSERT INTO `district_info` VALUES (610927, '', 6109, '2023-06-25 13:48:35', NULL, 0);
INSERT INTO `district_info` VALUES (610929, '', 6109, '2023-06-25 13:48:35', NULL, 0);
INSERT INTO `district_info` VALUES (610981, '', 6109, '2023-06-25 13:48:35', NULL, 0);
INSERT INTO `district_info` VALUES (611002, '', 6110, '2023-06-25 13:48:35', NULL, 0);
INSERT INTO `district_info` VALUES (611021, '', 6110, '2023-06-25 13:48:35', NULL, 0);
INSERT INTO `district_info` VALUES (611022, '', 6110, '2023-06-25 13:48:35', NULL, 0);
INSERT INTO `district_info` VALUES (611023, '', 6110, '2023-06-25 13:48:35', NULL, 0);
INSERT INTO `district_info` VALUES (611024, '', 6110, '2023-06-25 13:48:35', NULL, 0);
INSERT INTO `district_info` VALUES (611025, '', 6110, '2023-06-25 13:48:35', NULL, 0);
INSERT INTO `district_info` VALUES (611026, '', 6110, '2023-06-25 13:48:35', NULL, 0);
INSERT INTO `district_info` VALUES (620102, '', 6201, '2023-06-25 13:48:35', NULL, 0);
INSERT INTO `district_info` VALUES (620103, '', 6201, '2023-06-25 13:48:35', NULL, 0);
INSERT INTO `district_info` VALUES (620104, '', 6201, '2023-06-25 13:48:35', NULL, 0);
INSERT INTO `district_info` VALUES (620105, '', 6201, '2023-06-25 13:48:35', NULL, 0);
INSERT INTO `district_info` VALUES (620111, '', 6201, '2023-06-25 13:48:35', NULL, 0);
INSERT INTO `district_info` VALUES (620121, '', 6201, '2023-06-25 13:48:35', NULL, 0);
INSERT INTO `district_info` VALUES (620122, '', 6201, '2023-06-25 13:48:35', NULL, 0);
INSERT INTO `district_info` VALUES (620123, '', 6201, '2023-06-25 13:48:35', NULL, 0);
INSERT INTO `district_info` VALUES (620171, '', 6201, '2023-06-25 13:48:35', NULL, 0);
INSERT INTO `district_info` VALUES (620201, '', 6202, '2023-06-25 13:48:35', NULL, 0);
INSERT INTO `district_info` VALUES (620302, '', 6203, '2023-06-25 13:48:35', NULL, 0);
INSERT INTO `district_info` VALUES (620321, '', 6203, '2023-06-25 13:48:35', NULL, 0);
INSERT INTO `district_info` VALUES (620402, '', 6204, '2023-06-25 13:48:35', NULL, 0);
INSERT INTO `district_info` VALUES (620403, '', 6204, '2023-06-25 13:48:35', NULL, 0);
INSERT INTO `district_info` VALUES (620421, '', 6204, '2023-06-25 13:48:35', NULL, 0);
INSERT INTO `district_info` VALUES (620422, '', 6204, '2023-06-25 13:48:35', NULL, 0);
INSERT INTO `district_info` VALUES (620423, '', 6204, '2023-06-25 13:48:35', NULL, 0);
INSERT INTO `district_info` VALUES (620502, '', 6205, '2023-06-25 13:48:35', NULL, 0);
INSERT INTO `district_info` VALUES (620503, '', 6205, '2023-06-25 13:48:35', NULL, 0);
INSERT INTO `district_info` VALUES (620521, '', 6205, '2023-06-25 13:48:35', NULL, 0);
INSERT INTO `district_info` VALUES (620522, '', 6205, '2023-06-25 13:48:35', NULL, 0);
INSERT INTO `district_info` VALUES (620523, '', 6205, '2023-06-25 13:48:35', NULL, 0);
INSERT INTO `district_info` VALUES (620524, '', 6205, '2023-06-25 13:48:35', NULL, 0);
INSERT INTO `district_info` VALUES (620525, '', 6205, '2023-06-25 13:48:35', NULL, 0);
INSERT INTO `district_info` VALUES (620602, '', 6206, '2023-06-25 13:48:35', NULL, 0);
INSERT INTO `district_info` VALUES (620621, '', 6206, '2023-06-25 13:48:35', NULL, 0);
INSERT INTO `district_info` VALUES (620622, '', 6206, '2023-06-25 13:48:35', NULL, 0);
INSERT INTO `district_info` VALUES (620623, '', 6206, '2023-06-25 13:48:35', NULL, 0);
INSERT INTO `district_info` VALUES (620702, '', 6207, '2023-06-25 13:48:35', NULL, 0);
INSERT INTO `district_info` VALUES (620721, '', 6207, '2023-06-25 13:48:35', NULL, 0);
INSERT INTO `district_info` VALUES (620722, '', 6207, '2023-06-25 13:48:35', NULL, 0);
INSERT INTO `district_info` VALUES (620723, '', 6207, '2023-06-25 13:48:35', NULL, 0);
INSERT INTO `district_info` VALUES (620724, '', 6207, '2023-06-25 13:48:35', NULL, 0);
INSERT INTO `district_info` VALUES (620725, '', 6207, '2023-06-25 13:48:35', NULL, 0);
INSERT INTO `district_info` VALUES (620802, '', 6208, '2023-06-25 13:48:35', NULL, 0);
INSERT INTO `district_info` VALUES (620821, '', 6208, '2023-06-25 13:48:35', NULL, 0);
INSERT INTO `district_info` VALUES (620822, '', 6208, '2023-06-25 13:48:35', NULL, 0);
INSERT INTO `district_info` VALUES (620823, '', 6208, '2023-06-25 13:48:35', NULL, 0);
INSERT INTO `district_info` VALUES (620825, '', 6208, '2023-06-25 13:48:35', NULL, 0);
INSERT INTO `district_info` VALUES (620826, '', 6208, '2023-06-25 13:48:35', NULL, 0);
INSERT INTO `district_info` VALUES (620881, '', 6208, '2023-06-25 13:48:35', NULL, 0);
INSERT INTO `district_info` VALUES (620902, '', 6209, '2023-06-25 13:48:35', NULL, 0);
INSERT INTO `district_info` VALUES (620921, '', 6209, '2023-06-25 13:48:35', NULL, 0);
INSERT INTO `district_info` VALUES (620922, '', 6209, '2023-06-25 13:48:35', NULL, 0);
INSERT INTO `district_info` VALUES (620923, '', 6209, '2023-06-25 13:48:35', NULL, 0);
INSERT INTO `district_info` VALUES (620924, '', 6209, '2023-06-25 13:48:35', NULL, 0);
INSERT INTO `district_info` VALUES (620981, '', 6209, '2023-06-25 13:48:35', NULL, 0);
INSERT INTO `district_info` VALUES (620982, '', 6209, '2023-06-25 13:48:35', NULL, 0);
INSERT INTO `district_info` VALUES (621002, '', 6210, '2023-06-25 13:48:35', NULL, 0);
INSERT INTO `district_info` VALUES (621021, '', 6210, '2023-06-25 13:48:35', NULL, 0);
INSERT INTO `district_info` VALUES (621022, '', 6210, '2023-06-25 13:48:35', NULL, 0);
INSERT INTO `district_info` VALUES (621023, '', 6210, '2023-06-25 13:48:35', NULL, 0);
INSERT INTO `district_info` VALUES (621024, '', 6210, '2023-06-25 13:48:35', NULL, 0);
INSERT INTO `district_info` VALUES (621025, '', 6210, '2023-06-25 13:48:35', NULL, 0);
INSERT INTO `district_info` VALUES (621026, '', 6210, '2023-06-25 13:48:35', NULL, 0);
INSERT INTO `district_info` VALUES (621027, '', 6210, '2023-06-25 13:48:35', NULL, 0);
INSERT INTO `district_info` VALUES (621102, '', 6211, '2023-06-25 13:48:35', NULL, 0);
INSERT INTO `district_info` VALUES (621121, '', 6211, '2023-06-25 13:48:35', NULL, 0);
INSERT INTO `district_info` VALUES (621122, '', 6211, '2023-06-25 13:48:35', NULL, 0);
INSERT INTO `district_info` VALUES (621123, '', 6211, '2023-06-25 13:48:35', NULL, 0);
INSERT INTO `district_info` VALUES (621124, '', 6211, '2023-06-25 13:48:35', NULL, 0);
INSERT INTO `district_info` VALUES (621125, '', 6211, '2023-06-25 13:48:35', NULL, 0);
INSERT INTO `district_info` VALUES (621126, '', 6211, '2023-06-25 13:48:35', NULL, 0);
INSERT INTO `district_info` VALUES (621202, '', 6212, '2023-06-25 13:48:35', NULL, 0);
INSERT INTO `district_info` VALUES (621221, '', 6212, '2023-06-25 13:48:35', NULL, 0);
INSERT INTO `district_info` VALUES (621222, '', 6212, '2023-06-25 13:48:35', NULL, 0);
INSERT INTO `district_info` VALUES (621223, '', 6212, '2023-06-25 13:48:35', NULL, 0);
INSERT INTO `district_info` VALUES (621224, '', 6212, '2023-06-25 13:48:35', NULL, 0);
INSERT INTO `district_info` VALUES (621225, '', 6212, '2023-06-25 13:48:35', NULL, 0);
INSERT INTO `district_info` VALUES (621226, '', 6212, '2023-06-25 13:48:35', NULL, 0);
INSERT INTO `district_info` VALUES (621227, '', 6212, '2023-06-25 13:48:35', NULL, 0);
INSERT INTO `district_info` VALUES (621228, '', 6212, '2023-06-25 13:48:35', NULL, 0);
INSERT INTO `district_info` VALUES (622901, '', 6229, '2023-06-25 13:48:35', NULL, 0);
INSERT INTO `district_info` VALUES (622921, '', 6229, '2023-06-25 13:48:35', NULL, 0);
INSERT INTO `district_info` VALUES (622922, '', 6229, '2023-06-25 13:48:35', NULL, 0);
INSERT INTO `district_info` VALUES (622923, '', 6229, '2023-06-25 13:48:35', NULL, 0);
INSERT INTO `district_info` VALUES (622924, '', 6229, '2023-06-25 13:48:35', NULL, 0);
INSERT INTO `district_info` VALUES (622925, '', 6229, '2023-06-25 13:48:35', NULL, 0);
INSERT INTO `district_info` VALUES (622926, '', 6229, '2023-06-25 13:48:35', NULL, 0);
INSERT INTO `district_info` VALUES (622927, '', 6229, '2023-06-25 13:48:35', NULL, 0);
INSERT INTO `district_info` VALUES (623001, '', 6230, '2023-06-25 13:48:35', NULL, 0);
INSERT INTO `district_info` VALUES (623021, '', 6230, '2023-06-25 13:48:35', NULL, 0);
INSERT INTO `district_info` VALUES (623022, '', 6230, '2023-06-25 13:48:35', NULL, 0);
INSERT INTO `district_info` VALUES (623023, '', 6230, '2023-06-25 13:48:35', NULL, 0);
INSERT INTO `district_info` VALUES (623024, '', 6230, '2023-06-25 13:48:35', NULL, 0);
INSERT INTO `district_info` VALUES (623025, '', 6230, '2023-06-25 13:48:35', NULL, 0);
INSERT INTO `district_info` VALUES (623026, '', 6230, '2023-06-25 13:48:35', NULL, 0);
INSERT INTO `district_info` VALUES (623027, '', 6230, '2023-06-25 13:48:35', NULL, 0);
INSERT INTO `district_info` VALUES (630102, '', 6301, '2023-06-25 13:48:35', NULL, 0);
INSERT INTO `district_info` VALUES (630103, '', 6301, '2023-06-25 13:48:35', NULL, 0);
INSERT INTO `district_info` VALUES (630104, '', 6301, '2023-06-25 13:48:35', NULL, 0);
INSERT INTO `district_info` VALUES (630105, '', 6301, '2023-06-25 13:48:35', NULL, 0);
INSERT INTO `district_info` VALUES (630106, '', 6301, '2023-06-25 13:48:35', NULL, 0);
INSERT INTO `district_info` VALUES (630121, '', 6301, '2023-06-25 13:48:35', NULL, 0);
INSERT INTO `district_info` VALUES (630123, '', 6301, '2023-06-25 13:48:35', NULL, 0);
INSERT INTO `district_info` VALUES (630202, '', 6302, '2023-06-25 13:48:35', NULL, 0);
INSERT INTO `district_info` VALUES (630203, '', 6302, '2023-06-25 13:48:35', NULL, 0);
INSERT INTO `district_info` VALUES (630222, '', 6302, '2023-06-25 13:48:35', NULL, 0);
INSERT INTO `district_info` VALUES (630223, '', 6302, '2023-06-25 13:48:35', NULL, 0);
INSERT INTO `district_info` VALUES (630224, '', 6302, '2023-06-25 13:48:35', NULL, 0);
INSERT INTO `district_info` VALUES (630225, '', 6302, '2023-06-25 13:48:35', NULL, 0);
INSERT INTO `district_info` VALUES (632221, '', 6322, '2023-06-25 13:48:35', NULL, 0);
INSERT INTO `district_info` VALUES (632222, '', 6322, '2023-06-25 13:48:35', NULL, 0);
INSERT INTO `district_info` VALUES (632223, '', 6322, '2023-06-25 13:48:35', NULL, 0);
INSERT INTO `district_info` VALUES (632224, '', 6322, '2023-06-25 13:48:35', NULL, 0);
INSERT INTO `district_info` VALUES (632301, '', 6323, '2023-06-25 13:48:35', NULL, 0);
INSERT INTO `district_info` VALUES (632322, '', 6323, '2023-06-25 13:48:35', NULL, 0);
INSERT INTO `district_info` VALUES (632323, '', 6323, '2023-06-25 13:48:35', NULL, 0);
INSERT INTO `district_info` VALUES (632324, '', 6323, '2023-06-25 13:48:35', NULL, 0);
INSERT INTO `district_info` VALUES (632521, '', 6325, '2023-06-25 13:48:35', NULL, 0);
INSERT INTO `district_info` VALUES (632522, '', 6325, '2023-06-25 13:48:35', NULL, 0);
INSERT INTO `district_info` VALUES (632523, '', 6325, '2023-06-25 13:48:35', NULL, 0);
INSERT INTO `district_info` VALUES (632524, '', 6325, '2023-06-25 13:48:35', NULL, 0);
INSERT INTO `district_info` VALUES (632525, '', 6325, '2023-06-25 13:48:35', NULL, 0);
INSERT INTO `district_info` VALUES (632621, '', 6326, '2023-06-25 13:48:35', NULL, 0);
INSERT INTO `district_info` VALUES (632622, '', 6326, '2023-06-25 13:48:35', NULL, 0);
INSERT INTO `district_info` VALUES (632623, '', 6326, '2023-06-25 13:48:35', NULL, 0);
INSERT INTO `district_info` VALUES (632624, '', 6326, '2023-06-25 13:48:35', NULL, 0);
INSERT INTO `district_info` VALUES (632625, '', 6326, '2023-06-25 13:48:35', NULL, 0);
INSERT INTO `district_info` VALUES (632626, '', 6326, '2023-06-25 13:48:35', NULL, 0);
INSERT INTO `district_info` VALUES (632701, '', 6327, '2023-06-25 13:48:35', NULL, 0);
INSERT INTO `district_info` VALUES (632722, '', 6327, '2023-06-25 13:48:35', NULL, 0);
INSERT INTO `district_info` VALUES (632723, '', 6327, '2023-06-25 13:48:35', NULL, 0);
INSERT INTO `district_info` VALUES (632724, '', 6327, '2023-06-25 13:48:35', NULL, 0);
INSERT INTO `district_info` VALUES (632725, '', 6327, '2023-06-25 13:48:35', NULL, 0);
INSERT INTO `district_info` VALUES (632726, '', 6327, '2023-06-25 13:48:35', NULL, 0);
INSERT INTO `district_info` VALUES (632801, '', 6328, '2023-06-25 13:48:35', NULL, 0);
INSERT INTO `district_info` VALUES (632802, '', 6328, '2023-06-25 13:48:35', NULL, 0);
INSERT INTO `district_info` VALUES (632803, '', 6328, '2023-06-25 13:48:35', NULL, 0);
INSERT INTO `district_info` VALUES (632821, '', 6328, '2023-06-25 13:48:35', NULL, 0);
INSERT INTO `district_info` VALUES (632822, '', 6328, '2023-06-25 13:48:35', NULL, 0);
INSERT INTO `district_info` VALUES (632823, '', 6328, '2023-06-25 13:48:35', NULL, 0);
INSERT INTO `district_info` VALUES (632857, '', 6328, '2023-06-25 13:48:35', NULL, 0);
INSERT INTO `district_info` VALUES (640104, '', 6401, '2023-06-25 13:48:35', NULL, 0);
INSERT INTO `district_info` VALUES (640105, '', 6401, '2023-06-25 13:48:35', NULL, 0);
INSERT INTO `district_info` VALUES (640106, '', 6401, '2023-06-25 13:48:35', NULL, 0);
INSERT INTO `district_info` VALUES (640121, '', 6401, '2023-06-25 13:48:35', NULL, 0);
INSERT INTO `district_info` VALUES (640122, '', 6401, '2023-06-25 13:48:35', NULL, 0);
INSERT INTO `district_info` VALUES (640181, '', 6401, '2023-06-25 13:48:35', NULL, 0);
INSERT INTO `district_info` VALUES (640202, '', 6402, '2023-06-25 13:48:35', NULL, 0);
INSERT INTO `district_info` VALUES (640205, '', 6402, '2023-06-25 13:48:35', NULL, 0);
INSERT INTO `district_info` VALUES (640221, '', 6402, '2023-06-25 13:48:35', NULL, 0);
INSERT INTO `district_info` VALUES (640302, '', 6403, '2023-06-25 13:48:35', NULL, 0);
INSERT INTO `district_info` VALUES (640303, '', 6403, '2023-06-25 13:48:35', NULL, 0);
INSERT INTO `district_info` VALUES (640323, '', 6403, '2023-06-25 13:48:35', NULL, 0);
INSERT INTO `district_info` VALUES (640324, '', 6403, '2023-06-25 13:48:35', NULL, 0);
INSERT INTO `district_info` VALUES (640381, '', 6403, '2023-06-25 13:48:35', NULL, 0);
INSERT INTO `district_info` VALUES (640402, '', 6404, '2023-06-25 13:48:35', NULL, 0);
INSERT INTO `district_info` VALUES (640422, '', 6404, '2023-06-25 13:48:35', NULL, 0);
INSERT INTO `district_info` VALUES (640423, '', 6404, '2023-06-25 13:48:35', NULL, 0);
INSERT INTO `district_info` VALUES (640424, '', 6404, '2023-06-25 13:48:35', NULL, 0);
INSERT INTO `district_info` VALUES (640425, '', 6404, '2023-06-25 13:48:35', NULL, 0);
INSERT INTO `district_info` VALUES (640502, '', 6405, '2023-06-25 13:48:35', NULL, 0);
INSERT INTO `district_info` VALUES (640521, '', 6405, '2023-06-25 13:48:35', NULL, 0);
INSERT INTO `district_info` VALUES (640522, '', 6405, '2023-06-25 13:48:35', NULL, 0);
INSERT INTO `district_info` VALUES (650102, '', 6501, '2023-06-25 13:48:35', NULL, 0);
INSERT INTO `district_info` VALUES (650103, '', 6501, '2023-06-25 13:48:35', NULL, 0);
INSERT INTO `district_info` VALUES (650104, '', 6501, '2023-06-25 13:48:35', NULL, 0);
INSERT INTO `district_info` VALUES (650105, '', 6501, '2023-06-25 13:48:35', NULL, 0);
INSERT INTO `district_info` VALUES (650106, '', 6501, '2023-06-25 13:48:35', NULL, 0);
INSERT INTO `district_info` VALUES (650107, '', 6501, '2023-06-25 13:48:35', NULL, 0);
INSERT INTO `district_info` VALUES (650109, '', 6501, '2023-06-25 13:48:35', NULL, 0);
INSERT INTO `district_info` VALUES (650121, '', 6501, '2023-06-25 13:48:35', NULL, 0);
INSERT INTO `district_info` VALUES (650202, '', 6502, '2023-06-25 13:48:35', NULL, 0);
INSERT INTO `district_info` VALUES (650203, '', 6502, '2023-06-25 13:48:35', NULL, 0);
INSERT INTO `district_info` VALUES (650204, '', 6502, '2023-06-25 13:48:35', NULL, 0);
INSERT INTO `district_info` VALUES (650205, '', 6502, '2023-06-25 13:48:35', NULL, 0);
INSERT INTO `district_info` VALUES (650402, '', 6504, '2023-06-25 13:48:35', NULL, 0);
INSERT INTO `district_info` VALUES (650421, '', 6504, '2023-06-25 13:48:35', NULL, 0);
INSERT INTO `district_info` VALUES (650422, '', 6504, '2023-06-25 13:48:35', NULL, 0);
INSERT INTO `district_info` VALUES (650502, '', 6505, '2023-06-25 13:48:35', NULL, 0);
INSERT INTO `district_info` VALUES (650521, '', 6505, '2023-06-25 13:48:35', NULL, 0);
INSERT INTO `district_info` VALUES (650522, '', 6505, '2023-06-25 13:48:35', NULL, 0);
INSERT INTO `district_info` VALUES (652301, '', 6523, '2023-06-25 13:48:35', NULL, 0);
INSERT INTO `district_info` VALUES (652302, '', 6523, '2023-06-25 13:48:35', NULL, 0);
INSERT INTO `district_info` VALUES (652323, '', 6523, '2023-06-25 13:48:35', NULL, 0);
INSERT INTO `district_info` VALUES (652324, '', 6523, '2023-06-25 13:48:35', NULL, 0);
INSERT INTO `district_info` VALUES (652325, '', 6523, '2023-06-25 13:48:35', NULL, 0);
INSERT INTO `district_info` VALUES (652327, '', 6523, '2023-06-25 13:48:35', NULL, 0);
INSERT INTO `district_info` VALUES (652328, '', 6523, '2023-06-25 13:48:35', NULL, 0);
INSERT INTO `district_info` VALUES (652701, '', 6527, '2023-06-25 13:48:35', NULL, 0);
INSERT INTO `district_info` VALUES (652702, '', 6527, '2023-06-25 13:48:35', NULL, 0);
INSERT INTO `district_info` VALUES (652722, '', 6527, '2023-06-25 13:48:35', NULL, 0);
INSERT INTO `district_info` VALUES (652723, '', 6527, '2023-06-25 13:48:35', NULL, 0);
INSERT INTO `district_info` VALUES (652801, '', 6528, '2023-06-25 13:48:35', NULL, 0);
INSERT INTO `district_info` VALUES (652822, '', 6528, '2023-06-25 13:48:35', NULL, 0);
INSERT INTO `district_info` VALUES (652823, '', 6528, '2023-06-25 13:48:35', NULL, 0);
INSERT INTO `district_info` VALUES (652824, '', 6528, '2023-06-25 13:48:35', NULL, 0);
INSERT INTO `district_info` VALUES (652825, '', 6528, '2023-06-25 13:48:35', NULL, 0);
INSERT INTO `district_info` VALUES (652826, '', 6528, '2023-06-25 13:48:35', NULL, 0);
INSERT INTO `district_info` VALUES (652827, '', 6528, '2023-06-25 13:48:35', NULL, 0);
INSERT INTO `district_info` VALUES (652828, '', 6528, '2023-06-25 13:48:35', NULL, 0);
INSERT INTO `district_info` VALUES (652829, '', 6528, '2023-06-25 13:48:35', NULL, 0);
INSERT INTO `district_info` VALUES (652871, '', 6528, '2023-06-25 13:48:35', NULL, 0);
INSERT INTO `district_info` VALUES (652901, '', 6529, '2023-06-25 13:48:35', NULL, 0);
INSERT INTO `district_info` VALUES (652902, '', 6529, '2023-06-25 13:48:35', NULL, 0);
INSERT INTO `district_info` VALUES (652922, '', 6529, '2023-06-25 13:48:35', NULL, 0);
INSERT INTO `district_info` VALUES (652924, '', 6529, '2023-06-25 13:48:35', NULL, 0);
INSERT INTO `district_info` VALUES (652925, '', 6529, '2023-06-25 13:48:35', NULL, 0);
INSERT INTO `district_info` VALUES (652926, '', 6529, '2023-06-25 13:48:35', NULL, 0);
INSERT INTO `district_info` VALUES (652927, '', 6529, '2023-06-25 13:48:35', NULL, 0);
INSERT INTO `district_info` VALUES (652928, '', 6529, '2023-06-25 13:48:35', NULL, 0);
INSERT INTO `district_info` VALUES (652929, '', 6529, '2023-06-25 13:48:35', NULL, 0);
INSERT INTO `district_info` VALUES (653001, '', 6530, '2023-06-25 13:48:35', NULL, 0);
INSERT INTO `district_info` VALUES (653022, '', 6530, '2023-06-25 13:48:35', NULL, 0);
INSERT INTO `district_info` VALUES (653023, '', 6530, '2023-06-25 13:48:35', NULL, 0);
INSERT INTO `district_info` VALUES (653024, '', 6530, '2023-06-25 13:48:35', NULL, 0);
INSERT INTO `district_info` VALUES (653101, '', 6531, '2023-06-25 13:48:35', NULL, 0);
INSERT INTO `district_info` VALUES (653121, '', 6531, '2023-06-25 13:48:35', NULL, 0);
INSERT INTO `district_info` VALUES (653122, '', 6531, '2023-06-25 13:48:35', NULL, 0);
INSERT INTO `district_info` VALUES (653123, '', 6531, '2023-06-25 13:48:35', NULL, 0);
INSERT INTO `district_info` VALUES (653124, '', 6531, '2023-06-25 13:48:35', NULL, 0);
INSERT INTO `district_info` VALUES (653125, '', 6531, '2023-06-25 13:48:35', NULL, 0);
INSERT INTO `district_info` VALUES (653126, '', 6531, '2023-06-25 13:48:35', NULL, 0);
INSERT INTO `district_info` VALUES (653127, '', 6531, '2023-06-25 13:48:35', NULL, 0);
INSERT INTO `district_info` VALUES (653128, '', 6531, '2023-06-25 13:48:35', NULL, 0);
INSERT INTO `district_info` VALUES (653129, '', 6531, '2023-06-25 13:48:35', NULL, 0);
INSERT INTO `district_info` VALUES (653130, '', 6531, '2023-06-25 13:48:35', NULL, 0);
INSERT INTO `district_info` VALUES (653131, '', 6531, '2023-06-25 13:48:35', NULL, 0);
INSERT INTO `district_info` VALUES (653201, '', 6532, '2023-06-25 13:48:35', NULL, 0);
INSERT INTO `district_info` VALUES (653221, '', 6532, '2023-06-25 13:48:35', NULL, 0);
INSERT INTO `district_info` VALUES (653222, '', 6532, '2023-06-25 13:48:35', NULL, 0);
INSERT INTO `district_info` VALUES (653223, '', 6532, '2023-06-25 13:48:35', NULL, 0);
INSERT INTO `district_info` VALUES (653224, '', 6532, '2023-06-25 13:48:35', NULL, 0);
INSERT INTO `district_info` VALUES (653225, '', 6532, '2023-06-25 13:48:35', NULL, 0);
INSERT INTO `district_info` VALUES (653226, '', 6532, '2023-06-25 13:48:35', NULL, 0);
INSERT INTO `district_info` VALUES (653227, '', 6532, '2023-06-25 13:48:35', NULL, 0);
INSERT INTO `district_info` VALUES (654002, '', 6540, '2023-06-25 13:48:35', NULL, 0);
INSERT INTO `district_info` VALUES (654003, '', 6540, '2023-06-25 13:48:35', NULL, 0);
INSERT INTO `district_info` VALUES (654004, '', 6540, '2023-06-25 13:48:35', NULL, 0);
INSERT INTO `district_info` VALUES (654021, '', 6540, '2023-06-25 13:48:35', NULL, 0);
INSERT INTO `district_info` VALUES (654022, '', 6540, '2023-06-25 13:48:35', NULL, 0);
INSERT INTO `district_info` VALUES (654023, '', 6540, '2023-06-25 13:48:35', NULL, 0);
INSERT INTO `district_info` VALUES (654024, '', 6540, '2023-06-25 13:48:35', NULL, 0);
INSERT INTO `district_info` VALUES (654025, '', 6540, '2023-06-25 13:48:35', NULL, 0);
INSERT INTO `district_info` VALUES (654026, '', 6540, '2023-06-25 13:48:35', NULL, 0);
INSERT INTO `district_info` VALUES (654027, '', 6540, '2023-06-25 13:48:35', NULL, 0);
INSERT INTO `district_info` VALUES (654028, '', 6540, '2023-06-25 13:48:35', NULL, 0);
INSERT INTO `district_info` VALUES (654201, '', 6542, '2023-06-25 13:48:35', NULL, 0);
INSERT INTO `district_info` VALUES (654202, '', 6542, '2023-06-25 13:48:35', NULL, 0);
INSERT INTO `district_info` VALUES (654203, '', 6542, '2023-06-25 13:48:35', NULL, 0);
INSERT INTO `district_info` VALUES (654221, '', 6542, '2023-06-25 13:48:35', NULL, 0);
INSERT INTO `district_info` VALUES (654224, '', 6542, '2023-06-25 13:48:35', NULL, 0);
INSERT INTO `district_info` VALUES (654225, '', 6542, '2023-06-25 13:48:35', NULL, 0);
INSERT INTO `district_info` VALUES (654226, '', 6542, '2023-06-25 13:48:35', NULL, 0);
INSERT INTO `district_info` VALUES (654301, '', 6543, '2023-06-25 13:48:35', NULL, 0);
INSERT INTO `district_info` VALUES (654321, '', 6543, '2023-06-25 13:48:35', NULL, 0);
INSERT INTO `district_info` VALUES (654322, '', 6543, '2023-06-25 13:48:35', NULL, 0);
INSERT INTO `district_info` VALUES (654323, '', 6543, '2023-06-25 13:48:35', NULL, 0);
INSERT INTO `district_info` VALUES (654324, '', 6543, '2023-06-25 13:48:35', NULL, 0);
INSERT INTO `district_info` VALUES (654325, '', 6543, '2023-06-25 13:48:35', NULL, 0);
INSERT INTO `district_info` VALUES (654326, '', 6543, '2023-06-25 13:48:35', NULL, 0);
INSERT INTO `district_info` VALUES (659001, '', 6590, '2023-06-25 13:48:35', NULL, 0);
INSERT INTO `district_info` VALUES (659002, '', 6590, '2023-06-25 13:48:35', NULL, 0);
INSERT INTO `district_info` VALUES (659003, '', 6590, '2023-06-25 13:48:35', NULL, 0);
INSERT INTO `district_info` VALUES (659004, '', 6590, '2023-06-25 13:48:35', NULL, 0);
INSERT INTO `district_info` VALUES (659005, '', 6590, '2023-06-25 13:48:35', NULL, 0);
INSERT INTO `district_info` VALUES (659006, '', 6590, '2023-06-25 13:48:35', NULL, 0);
INSERT INTO `district_info` VALUES (659007, '', 6590, '2023-06-25 13:48:35', NULL, 0);
INSERT INTO `district_info` VALUES (659008, '', 6590, '2023-06-25 13:48:35', NULL, 0);
INSERT INTO `district_info` VALUES (659009, '', 6590, '2023-06-25 13:48:35', NULL, 0);
INSERT INTO `district_info` VALUES (659010, '', 6590, '2023-06-25 13:48:35', NULL, 0);
INSERT INTO `district_info` VALUES (659011, '', 6590, '2023-06-25 13:48:35', NULL, 0);

-- ----------------------------
-- Table structure for facility_info
-- ----------------------------
DROP TABLE IF EXISTS `facility_info`;
CREATE TABLE `facility_info`  (
  `id` bigint NOT NULL AUTO_INCREMENT COMMENT 'Auto Increment ID',
  `type` tinyint NULL DEFAULT NULL COMMENT 'Type (1: Apartment Image, 2: Room Image)',
  `name` varchar(16) CHARACTER SET utf8mb4 COLLATE utf8mb4_general_ci NULL DEFAULT NULL COMMENT 'Name',
  `icon` varchar(64) CHARACTER SET utf8mb4 COLLATE utf8mb4_general_ci NULL DEFAULT NULL,
  `create_time` timestamp NULL DEFAULT NULL COMMENT 'Creation Time',
  `update_time` timestamp NULL DEFAULT NULL COMMENT 'Update Time',
  `is_deleted` tinyint NULL DEFAULT 0 COMMENT 'Is Deleted',
  PRIMARY KEY (`id`) USING BTREE
) ENGINE = InnoDB AUTO_INCREMENT = 58 CHARACTER SET = utf8mb4 COLLATE = utf8mb4_general_ci COMMENT = 'Facility Information Table' ROW_FORMAT = DYNAMIC;


-- ----------------------------
-- Records of facility_info
-- ----------------------------
INSERT INTO `facility_info` VALUES (24, 1, 'Gym', 'Gym', '2023-06-17 06:21:24', '2023-07-15 09:01:38', 0);
INSERT INTO `facility_info` VALUES (25, 1, 'Parking Space', 'Parking Lot', '2023-06-17 06:21:42', '2023-07-18 11:22:21', 0);
INSERT INTO `facility_info` VALUES (26, 1, 'Elevator', 'Elevator', '2023-06-17 06:21:47', '2023-07-18 11:22:33', 0);
INSERT INTO `facility_info` VALUES (27, 1, 'Coffee Room', NULL, '2023-06-17 06:21:56', '2023-06-21 10:01:01', 1);
INSERT INTO `facility_info` VALUES (28, 2, 'Air Conditioner', 'Air Conditioner', '2023-06-17 06:22:06', '2023-07-18 11:22:44', 0);
INSERT INTO `facility_info` VALUES (29, 2, 'Washing Machine', 'Washing Machine', '2023-06-17 06:22:11', '2023-07-18 11:22:51', 0);
INSERT INTO `facility_info` VALUES (30, 2, 'Fridge', 'Fridge', '2023-06-17 06:22:15', '2023-07-18 11:23:01', 0);
INSERT INTO `facility_info` VALUES (38, 2, 'Bed', NULL, '2023-06-19 06:11:22', '2023-06-19 14:15:03', 1);
INSERT INTO `facility_info` VALUES (39, 1, '213', '24H Security', '2023-07-18 14:12:24', '2023-07-18 14:12:29', 1);
INSERT INTO `facility_info` VALUES (40, 1, 'Billiards', 'Billiards Area', '2023-07-22 11:52:46', NULL, 0);
INSERT INTO `facility_info` VALUES (41, 1, 'Security', '24H Security', '2023-08-01 09:01:31', NULL, 0);
INSERT INTO `facility_info` VALUES (42, 1, 'Team Building', 'Community Activities', '2023-08-10 18:39:41', '2023-08-10 18:40:04', 0);
INSERT INTO `facility_info` VALUES (43, 1, 'Reading Bar', 'Reading Bar', '2023-08-10 18:40:18', NULL, 0);
INSERT INTO `facility_info` VALUES (44, 1, 'Lounge', 'Lounge', '2023-08-10 18:40:30', NULL, 0);
INSERT INTO `facility_info` VALUES (45, 1, 'Convenience Store', 'Convenience Store', '2023-08-10 18:40:41', NULL, 0);
INSERT INTO `facility_info` VALUES (46, 1, 'Leisure Area', 'Leisure Area', '2023-08-10 18:40:51', NULL, 0);
INSERT INTO `facility_info` VALUES (47, 1, 'Surveillance', 'Security Surveillance', '2023-08-10 18:41:05', NULL, 0);
INSERT INTO `facility_info` VALUES (48, 2, 'Desk', 'Desk', '2023-08-10 18:41:27', NULL, 0);
INSERT INTO `facility_info` VALUES (49, 2, 'WIFI', 'Broadband', '2023-08-10 18:42:24', NULL, 0);
INSERT INTO `facility_info` VALUES (50, 2, 'Bed', 'Bed', '2023-08-10 18:42:37', NULL, 0);
INSERT INTO `facility_info` VALUES (51, 2, 'Sofa', 'Sofa', '2023-08-10 18:42:47', NULL, 0);
INSERT INTO `facility_info` VALUES (52, 2, 'Microwave', 'Microwave', '2023-08-10 18:43:02', NULL, 0);
INSERT INTO `facility_info` VALUES (53, 2, 'Range Hood', 'Range Hood', '2023-08-10 18:43:23', NULL, 0);
INSERT INTO `facility_info` VALUES (54, 2, 'Water Heater', 'Water Heater', '2023-08-10 18:43:49', NULL, 0);
INSERT INTO `facility_info` VALUES (55, 2, 'Wardrobe', 'Wardrobe', '2023-08-10 18:44:07', NULL, 0);
INSERT INTO `facility_info` VALUES (56, 2, 'TV', 'TV', '2023-08-10 18:44:23', NULL, 0);
INSERT INTO `facility_info` VALUES (57, 1, 'Smart Lock', 'Smart Door Lock', '2023-08-10 18:44:49', NULL, 0);


-- ----------------------------
-- Table structure for fee_key
-- ----------------------------
DROP TABLE IF EXISTS `fee_key`;
CREATE TABLE `fee_key`  (
  `id` bigint NOT NULL AUTO_INCREMENT,
  `name` varchar(16) CHARACTER SET utf8mb4 COLLATE utf8mb4_general_ci NULL DEFAULT NULL COMMENT 'Payment item key',
  `create_time` timestamp NULL DEFAULT NULL COMMENT 'Creation time',
  `update_time` timestamp NULL DEFAULT NULL COMMENT 'Update time',
  `is_deleted` tinyint NULL DEFAULT 0 COMMENT 'Is deleted',
  PRIMARY KEY (`id`) USING BTREE
) ENGINE = InnoDB AUTO_INCREMENT = 9 CHARACTER SET = utf8mb4 COLLATE = utf8mb4_general_ci COMMENT = 'Miscellaneous fee names table' ROW_FORMAT = DYNAMIC;

-- ----------------------------
-- Records of fee_key
-- ----------------------------
INSERT INTO `fee_key` VALUES (1, 'Parking Fee', '2023-06-19 03:03:55', NULL, 0);
INSERT INTO `fee_key` VALUES (2, 'Internet Fee', '2023-06-19 03:06:49', NULL, 0);
INSERT INTO `fee_key` VALUES (3, 'Energy Fee', '2023-06-21 10:03:36', '2023-06-21 10:07:59', 1);
INSERT INTO `fee_key` VALUES (4, 'Energy Fee', '2023-06-21 10:05:19', '2023-06-21 10:08:37', 1);
INSERT INTO `fee_key` VALUES (5, 'Heating Fee', '2023-07-18 15:55:13', '2023-07-18 16:32:17', 1);
INSERT INTO `fee_key` VALUES (6, 'Electricity Fee', '2023-08-10 18:45:12', '2023-08-10 18:49:16', 0);
INSERT INTO `fee_key` VALUES (7, 'Water Fee', '2023-08-10 18:50:00', '2023-08-10 18:50:17', 0);
INSERT INTO `fee_key` VALUES (8, 'Heating Fee', '2023-08-10 18:51:08', NULL, 0);

-- ----------------------------
-- Table structure for fee_value
-- ----------------------------
DROP TABLE IF EXISTS `fee_value`;
CREATE TABLE `fee_value`  (
  `id` bigint NOT NULL AUTO_INCREMENT,
  `name` varchar(255) CHARACTER SET utf8mb4 COLLATE utf8mb4_general_ci NULL DEFAULT NULL COMMENT 'Fee value',
  `unit` varchar(255) CHARACTER SET utf8mb4 COLLATE utf8mb4_general_ci NULL DEFAULT NULL COMMENT 'Charging unit',
  `fee_key_id` bigint NULL DEFAULT NULL COMMENT 'Corresponding fee_key',
  `create_time` timestamp NULL DEFAULT NULL COMMENT 'Creation time',
  `update_time` timestamp NULL DEFAULT NULL COMMENT 'Update time',
  `is_deleted` tinyint NULL DEFAULT 0 COMMENT 'Is deleted',
  PRIMARY KEY (`id`) USING BTREE
) ENGINE = InnoDB AUTO_INCREMENT = 23 CHARACTER SET = utf8mb4 COLLATE = utf8mb4_general_ci COMMENT = 'Miscellaneous fee values table' ROW_FORMAT = DYNAMIC;

-- ----------------------------
-- Records of fee_value in Dollars
-- ----------------------------
INSERT INTO `fee_value` VALUES (1, '28', 'Dollars/month', 1, '2023-06-19 03:04:35', NULL, 0);
INSERT INTO `fee_value` VALUES (2, '42', 'Dollars/month', 1, '2023-06-19 03:04:40', NULL, 0);
INSERT INTO `fee_value` VALUES (3, '56', 'Dollars/month', 1, '2023-06-19 03:04:44', NULL, 0);
INSERT INTO `fee_value` VALUES (4, '7', 'Dollars/month', 2, '2023-06-19 03:07:00', NULL, 0);
INSERT INTO `fee_value` VALUES (5, '8.4', 'Dollars/month', 2, '2023-06-19 03:07:07', NULL, 0);
INSERT INTO `fee_value` VALUES (6, '140', 'Dollars/year', 2, '2023-06-19 03:07:20', NULL, 0);
INSERT INTO `fee_value` VALUES (7, '70', 'Dollars/year', 2, '2023-06-19 03:07:27', NULL, 0);
INSERT INTO `fee_value` VALUES (8, '14', 'Dollars/month', 4, '2023-06-21 10:04:53', '2023-06-21 10:08:22', 1);
INSERT INTO `fee_value` VALUES (9, '28', 'Dollars/month', 4, '2023-06-21 10:04:55', NULL, 1);
INSERT INTO `fee_value` VALUES (10, '56', 'Dollars/month', 4, '2023-06-21 10:05:00', NULL, 1);
INSERT INTO `fee_value` VALUES (11, '210', 'Dollars/year', 5, '2023-07-18 15:55:37', '2023-07-18 15:56:03', 1);
INSERT INTO `fee_value` VALUES (12, '280', 'Dollars/year', 5, '2023-07-18 15:55:53', NULL, 1);
INSERT INTO `fee_value` VALUES (13, '0.21', 'Dollars/kWh', 6, '2023-08-10 18:49:01', '2023-08-10 18:49:25', 0);
INSERT INTO `fee_value` VALUES (14, '0.14', 'Dollars/kWh', 6, '2023-08-10 18:49:34', NULL, 0);
INSERT INTO `fee_value` VALUES (15, '0.07', 'Dollars/kWh', 6, '2023-08-10 18:49:43', NULL, 0);
INSERT INTO `fee_value` VALUES (16, '1.4', 'Dollars/ton', 7, '2023-08-10 18:50:35', NULL, 0);
INSERT INTO `fee_value` VALUES (17, '1.26', 'Dollars/ton', 7, '2023-08-10 18:50:41', NULL, 0);
INSERT INTO `fee_value` VALUES (18, '1.12', 'Dollars/ton', 7, '2023-08-10 18:50:47', NULL, 0);
INSERT INTO `fee_value` VALUES (19, '0.98', 'Dollars/ton', 7, '2023-08-10 18:50:53', NULL, 0);
INSERT INTO `fee_value` VALUES (20, '140', 'Dollars/year', 8, '2023-08-10 18:51:23', NULL, 0);
INSERT INTO `fee_value` VALUES (21, '168', 'Dollars/year', 8, '2023-08-10 18:51:38', NULL, 0);
INSERT INTO `fee_value` VALUES (22, '210', 'Dollars/year', 8, '2023-08-10 18:51:46', NULL, 0);


-- ----------------------------
-- Table structure for graph_info
-- ----------------------------
DROP TABLE IF EXISTS `graph_info`;
CREATE TABLE `graph_info`  (
  `id` bigint NOT NULL AUTO_INCREMENT COMMENT 'Image ID',
  `name` varchar(128) CHARACTER SET utf8mb4 COLLATE utf8mb4_general_ci NULL DEFAULT NULL COMMENT 'Image name',
  `item_type` tinyint NULL DEFAULT NULL COMMENT 'Object type to which the image belongs (1: apartment, 2: room)',
  `item_id` bigint NULL DEFAULT NULL COMMENT 'ID of the object the image belongs to',
  `url` varchar(255) CHARACTER SET utf8mb4 COLLATE utf8mb4_general_ci NULL DEFAULT NULL COMMENT 'Image URL',
  `create_time` timestamp NULL DEFAULT NULL COMMENT 'Creation time',
  `update_time` timestamp NULL DEFAULT NULL COMMENT 'Update time',
  `is_deleted` tinyint NULL DEFAULT 0 COMMENT 'Whether deleted',
  PRIMARY KEY (`id`) USING BTREE
) ENGINE = InnoDB AUTO_INCREMENT = 172 CHARACTER SET = utf8mb4 COLLATE = utf8mb4_general_ci COMMENT = 'Image information table' ROW_FORMAT = DYNAMIC;


-- ----------------------------
-- Records of graph_info
-- ----------------------------
INSERT INTO `graph_info` VALUES (130, '-.jpg', 1, 9, 'http://113.141.166.99:9000/lease/20230819/a9ecf8fb-67f0-47d1-98b9-84e85ea7dc7a--.jpg', '2023-08-19 15:44:26', NULL, 0);
INSERT INTO `graph_info` VALUES (131, '-.jpg', 1, 9, 'http://113.141.166.99:9000/lease/20230819/9c3a885d-97e3-41f4-b93b-ce5260d034a5--.jpg', '2023-08-19 15:44:26', NULL, 0);
INSERT INTO `graph_info` VALUES (132, '-.jpg', 1, 9, 'http://113.141.166.99:9000/lease/20230819/a402a3b1-a4f0-4676-aafc-c4d449dc78ce--.jpg', '2023-08-19 15:44:26', NULL, 0);
INSERT INTO `graph_info` VALUES (133, '-.jpg', 1, 10, 'http://113.141.166.99:9000/lease/20230819/bce4feb8-142c-42c4-84c6-9196daf02fee--.jpg', '2023-08-19 15:44:50', NULL, 0);
INSERT INTO `graph_info` VALUES (134, '-.jpg', 1, 10, 'http://113.141.166.99:9000/lease/20230819/b723c7ac-a330-4c55-9168-9acfcfcfaad8--.jpg', '2023-08-19 15:44:50', NULL, 0);
INSERT INTO `graph_info` VALUES (135, '-.jpg', 1, 10, 'http://113.141.166.99:9000/lease/20230819/d7756118-e3ba-4b3e-8c6f-55ab9d0f5d6f--.jpg', '2023-08-19 15:44:50', NULL, 0);
INSERT INTO `graph_info` VALUES (136, '--1.jpg', 2, 2, 'http://113.141.166.99:9000/lease/20230819/2d845f3b-be98-4646-ad1d-f81b39803ca1---1.jpg', '2023-08-19 15:46:10', NULL, 0);
INSERT INTO `graph_info` VALUES (137, '--1.jpg', 2, 2, 'http://113.141.166.99:9000/lease/20230819/5b55b8bc-e57e-428d-a0af-9d3b35e6d798---1.jpg', '2023-08-19 15:46:10', NULL, 0);
INSERT INTO `graph_info` VALUES (138, '--1.jpg', 2, 2, 'http://113.141.166.99:9000/lease/20230819/f980a869-486f-4c00-94af-b6985eacd74e---1.jpg', '2023-08-19 15:46:10', NULL, 0);
INSERT INTO `graph_info` VALUES (139, '--2.jpg', 2, 3, 'http://113.141.166.99:9000/lease/20230819/bfaedac4-1c4b-4144-88e4-d72bd77f62f1---2.jpg', '2023-08-19 15:46:32', NULL, 0);
INSERT INTO `graph_info` VALUES (140, '--1.jpg', 2, 3, 'http://113.141.166.99:9000/lease/20230819/cd72ceef-a78e-492f-808e-a8928b62e55d---1.jpg', '2023-08-19 15:46:32', NULL, 0);
INSERT INTO `graph_info` VALUES (141, '--2.jpg', 2, 3, 'http://113.141.166.99:9000/lease/20230819/5c8c2655-fb8f-4c9d-ada1-834a4870e7a9---2.jpg', '2023-08-19 15:46:32', NULL, 0);
INSERT INTO `graph_info` VALUES (142, '--1.jpg', 2, 8, 'http://113.141.166.99:9000/lease/20230819/3d1e74bb-6753-4eb7-8dd7-4162cf8a8238---1.jpg', '2023-08-19 15:46:49', NULL, 0);
INSERT INTO `graph_info` VALUES (143, '--2.jpg', 2, 8, 'http://113.141.166.99:9000/lease/20230819/a685444d-3271-42b4-8890-9256feb03006---2.jpg', '2023-08-19 15:46:49', NULL, 0);
INSERT INTO `graph_info` VALUES (144, '--2.jpg', 2, 8, 'http://113.141.166.99:9000/lease/20230819/b64824f6-b829-40ff-85bb-1db7f49aa976---2.jpg', '2023-08-19 15:46:49', NULL, 0);
INSERT INTO `graph_info` VALUES (145, '--2.jpg', 2, 9, 'http://113.141.166.99:9000/lease/20230819/a294ceab-ecaf-4275-845c-dc1a25e58ca9---2.jpg', '2023-08-19 15:47:08', NULL, 0);
INSERT INTO `graph_info` VALUES (146, '--2.jpg', 2, 9, 'http://113.141.166.99:9000/lease/20230819/3e92806d-0d45-4c69-ac4b-25a9fb2e45b6---2.jpg', '2023-08-19 15:47:08', NULL, 0);
INSERT INTO `graph_info` VALUES (147, '--2.jpg', 2, 9, 'http://113.141.166.99:9000/lease/20230819/9361c553-c358-45c7-a445-10ac6fee368c---2.jpg', '2023-08-19 15:47:08', NULL, 0);
INSERT INTO `graph_info` VALUES (148, '--1.jpg', 2, 10, 'http://113.141.166.99:9000/lease/20230819/91b4170c-f05e-4ea2-94ff-ef6882154b07---1.jpg', '2023-08-19 15:47:28', NULL, 0);
INSERT INTO `graph_info` VALUES (149, '--1.jpg', 2, 10, 'http://113.141.166.99:9000/lease/20230819/331e91ca-5d44-4557-9308-c3f76b6a5984---1.jpg', '2023-08-19 15:47:28', NULL, 0);
INSERT INTO `graph_info` VALUES (150, '--1.jpg', 2, 10, 'http://113.141.166.99:9000/lease/20230819/0e3c74be-d4b6-4d7c-a944-08295ba0d607---1.jpg', '2023-08-19 15:47:28', NULL, 0);
INSERT INTO `graph_info` VALUES (151, '--3.jpg', 2, 12, 'http://113.141.166.99:9000/lease/20230819/fa00bfd5-be0e-489a-a670-75843ccd3c91---3.jpg', '2023-08-19 15:47:45', NULL, 0);
INSERT INTO `graph_info` VALUES (152, '--2.jpg', 2, 12, 'http://113.141.166.99:9000/lease/20230819/1cede015-3cef-483a-b848-5d36d1ad10b5---2.jpg', '2023-08-19 15:47:45', NULL, 0);
INSERT INTO `graph_info` VALUES (153, '--1.jpg', 2, 12, 'http://113.141.166.99:9000/lease/20230819/c4063663-e9f9-45fc-a1bc-b557820cc7e5---1.jpg', '2023-08-19 15:47:45', NULL, 0);
INSERT INTO `graph_info` VALUES (154, '--1.jpg', 2, 11, 'http://113.141.166.99:9000/lease/20230819/0034fbaf-5ebb-4a97-89e4-d644de2d31f6---1.jpg', '2023-08-19 15:48:04', NULL, 0);
INSERT INTO `graph_info` VALUES (155, '--1.jpg', 2, 11, 'http://113.141.166.99:9000/lease/20230819/071fe30f-1d58-4058-9b65-7add7aaa3928---1.jpg', '2023-08-19 15:48:04', NULL, 0);
INSERT INTO `graph_info` VALUES (156, '--1.jpg', 2, 11, 'http://113.141.166.99:9000/lease/20230819/d229f0e5-4448-4659-ac9a-de83dbace2ed---1.jpg', '2023-08-19 15:48:04', NULL, 0);
INSERT INTO `graph_info` VALUES (157, '--2.jpg', 2, 13, 'http://113.141.166.99:9000/lease/20230819/af285216-0ac3-4eec-a769-14af57f684bf---2.jpg', '2023-08-19 15:48:26', NULL, 0);
INSERT INTO `graph_info` VALUES (158, '--3.jpg', 2, 13, 'http://113.141.166.99:9000/lease/20230819/30c52f3c-f0c4-4fd3-8da7-9b46d1188a5a---3.jpg', '2023-08-19 15:48:26', NULL, 0);
INSERT INTO `graph_info` VALUES (159, '--2.jpg', 2, 13, 'http://113.141.166.99:9000/lease/20230819/d611d950-cfa4-4119-b489-753c09c69282---2.jpg', '2023-08-19 15:48:26', NULL, 0);
INSERT INTO `graph_info` VALUES (160, '--1.jpg', 2, 14, 'http://113.141.166.99:9000/lease/20230819/52bb324a-3705-4b8d-818a-99f84555b5a9---1.jpg', '2023-08-19 15:48:46', NULL, 0);
INSERT INTO `graph_info` VALUES (161, '--2.jpg', 2, 14, 'http://113.141.166.99:9000/lease/20230819/9d79833d-b8bc-4405-88b9-8a967ff2b765---2.jpg', '2023-08-19 15:48:46', NULL, 0);
INSERT INTO `graph_info` VALUES (162, '--2.jpg', 2, 14, 'http://113.141.166.99:9000/lease/20230819/e23469c8-3dca-4913-8440-ecc573468a78---2.jpg', '2023-08-19 15:48:46', NULL, 0);
INSERT INTO `graph_info` VALUES (163, '--1.jpg', 2, 15, 'http://113.141.166.99:9000/lease/20230819/6230d6c8-4be6-47f1-86c3-18b50afbecd7---1.jpg', '2023-08-19 15:49:04', NULL, 0);
INSERT INTO `graph_info` VALUES (164, '--1.jpg', 2, 15, 'http://113.141.166.99:9000/lease/20230819/d7fc0b0a-e242-432e-97d2-29108903dcd3---1.jpg', '2023-08-19 15:49:04', NULL, 0);
INSERT INTO `graph_info` VALUES (165, '--1.jpg', 2, 15, 'http://113.141.166.99:9000/lease/20230819/6c25050c-3f54-44cf-9f83-334a9eab7c03---1.jpg', '2023-08-19 15:49:04', NULL, 0);
INSERT INTO `graph_info` VALUES (166, '--2.jpg', 2, 16, 'http://113.141.166.99:9000/lease/20230819/490aa982-2400-423b-b5d0-cdd5b3277da1---2.jpg', '2023-08-19 15:49:22', NULL, 0);
INSERT INTO `graph_info` VALUES (167, '--2.jpg', 2, 16, 'http://113.141.166.99:9000/lease/20230819/61eefbb2-6bb9-4a17-b2b7-0b07206a4731---2.jpg', '2023-08-19 15:49:22', NULL, 0);
INSERT INTO `graph_info` VALUES (168, '--1.jpg', 2, 16, 'http://113.141.166.99:9000/lease/20230819/20af06f3-22c8-4951-aaab-9c5878659f9c---1.jpg', '2023-08-19 15:49:22', NULL, 0);
INSERT INTO `graph_info` VALUES (169, '--3.jpg', 2, 17, 'http://113.141.166.99:9000/lease/20230819/8011ac8a-44e5-46cb-8962-5ec3f670954f---3.jpg', '2023-08-19 15:49:38', NULL, 0);
INSERT INTO `graph_info` VALUES (170, '--1.jpg', 2, 17, 'http://113.141.166.99:9000/lease/20230819/b52d32be-e12c-413c-8dbf-5b56722ecbfa---1.jpg', '2023-08-19 15:49:38', NULL, 0);
INSERT INTO `graph_info` VALUES (171, '--2.jpg', 2, 17, 'http://113.141.166.99:9000/lease/20230819/0af9ae1e-b813-4949-a1f5-2f9ff5cfd3ab---2.jpg', '2023-08-19 15:49:38', NULL, 0);

-- ----------------------------
-- Table structure for label_info
-- ----------------------------
DROP TABLE IF EXISTS `label_info`;
CREATE TABLE `label_info`  (
  `id` bigint NOT NULL AUTO_INCREMENT,
  `type` tinyint NULL DEFAULT NULL COMMENT 'Type (1: apartment label, 2: room label)',
  `name` varchar(255) CHARACTER SET utf8mb4 COLLATE utf8mb4_general_ci NULL DEFAULT NULL COMMENT 'Label name',
  `create_time` timestamp NULL DEFAULT NULL COMMENT 'Creation time',
  `update_time` timestamp NULL DEFAULT NULL COMMENT 'Update time',
  `is_deleted` tinyint NULL DEFAULT 0 COMMENT 'Whether deleted',
  PRIMARY KEY (`id`) USING BTREE
) ENGINE = InnoDB AUTO_INCREMENT = 17 CHARACTER SET = utf8mb4 COLLATE = utf8mb4_general_ci COMMENT = 'Label information table' ROW_FORMAT = DYNAMIC;

-- ----------------------------
-- Records of label_info
-- ----------------------------
INSERT INTO `label_info` VALUES (1, 1, 'Near subway', '2023-06-19 00:49:17', NULL, 0);
INSERT INTO `label_info` VALUES (2, 1, 'Near bus', '2023-06-19 00:49:23', NULL, 0);
INSERT INTO `label_info` VALUES (3, 1, 'Has elevator', '2023-06-19 00:49:28', NULL, 0);
INSERT INTO `label_info` VALUES (4, 1, 'Parking lot', '2023-06-19 00:49:38', '2023-06-21 09:43:51', 0);
INSERT INTO `label_info` VALUES (5, 2, 'South-facing', '2023-06-19 00:50:24', NULL, 0);
INSERT INTO `label_info` VALUES (6, 2, 'North-facing', '2023-06-19 00:50:29', NULL, 0);
INSERT INTO `label_info` VALUES (7, 2, 'East-facing', '2023-06-19 00:50:34', NULL, 0);
INSERT INTO `label_info` VALUES (10, 2, 'West-facing', '2023-07-22 12:01:02', NULL, 0);
INSERT INTO `label_info` VALUES (15, 2, 'Private bathroom', '2023-08-11 08:40:51', NULL, 0);
INSERT INTO `label_info` VALUES (16, 2, 'Balcony', '2023-08-11 08:40:58', NULL, 0);


-- ----------------------------
-- Table structure for lease_agreement
-- ----------------------------
DROP TABLE IF EXISTS `lease_agreement`;
CREATE TABLE `lease_agreement`  (
  `id` bigint NOT NULL AUTO_INCREMENT COMMENT 'Lease agreement ID',
  `phone` varchar(11) CHARACTER SET utf8mb4 COLLATE utf8mb4_general_ci NULL DEFAULT NULL COMMENT 'Tenant phone number',
  `name` varchar(50) CHARACTER SET utf8mb4 COLLATE utf8mb4_general_ci NULL DEFAULT NULL COMMENT 'Tenant name',
  `identification_number` varchar(18) CHARACTER SET utf8mb4 COLLATE utf8mb4_general_ci NULL DEFAULT NULL COMMENT 'Tenant ID number',
  `apartment_id` bigint NULL DEFAULT NULL COMMENT 'Signed apartment ID',
  `room_id` bigint UNSIGNED NULL DEFAULT NULL COMMENT 'Signed room ID',
  `lease_start_date` date NULL DEFAULT NULL COMMENT 'Lease start date',
  `lease_end_date` date NULL DEFAULT NULL COMMENT 'Lease end date',
  `lease_term_id` bigint NULL DEFAULT NULL COMMENT 'Lease term ID',
  `rent` decimal(16, 2) NULL DEFAULT NULL COMMENT 'Rent (CNY/month)',
  `deposit` decimal(16, 2) NULL DEFAULT NULL COMMENT 'Deposit (CNY)',
  `payment_type_id` bigint NULL DEFAULT NULL COMMENT 'Payment type ID',
  `status` tinyint NULL DEFAULT NULL COMMENT 'Lease status (1: Pending confirmation, 2: Signed, 3: Cancelled, 4: Expired, 5: Pending termination confirmation, 6: Terminated, 7: Pending renewal confirmation)',
  `source_type` tinyint NULL DEFAULT NULL COMMENT 'Lease source (1: New, 2: Renewal)',
  `additional_info` varchar(255) CHARACTER SET utf8mb4 COLLATE utf8mb4_general_ci NULL DEFAULT NULL COMMENT 'Additional information',
  `create_time` timestamp NULL DEFAULT NULL COMMENT 'Creation time',
  `update_time` timestamp NULL DEFAULT NULL COMMENT 'Update time',
  `is_deleted` tinyint NULL DEFAULT 0 COMMENT 'Is deleted',
  PRIMARY KEY (`id`) USING BTREE
) ENGINE = InnoDB AUTO_INCREMENT = 7 CHARACTER SET = utf8mb4 COLLATE = utf8mb4_general_ci COMMENT = 'Lease agreement table' ROW_FORMAT = DYNAMIC;

-- ----------------------------
-- Records of lease_agreement
-- ----------------------------
INSERT INTO `lease_agreement` VALUES (1, '13888888888', 'Zhang San', '13241413243241324', 9, 3, '2020-12-29', '2019-12-30', 6, 2500.00, 0.00, 6, 4, 1, 'None', '2023-06-21 15:36:08', '2023-08-14 15:03:03', 0);

-- ----------------------------
-- Table structure for lease_term
-- ----------------------------
DROP TABLE IF EXISTS `lease_term`;
CREATE TABLE `lease_term`  (
  `id` bigint NOT NULL AUTO_INCREMENT,
  `month_count` int NULL DEFAULT NULL COMMENT 'Lease term',
  `unit` varchar(16) CHARACTER SET utf8mb4 COLLATE utf8mb4_general_ci NULL DEFAULT NULL COMMENT 'Lease term unit',
  `create_time` timestamp NULL DEFAULT NULL COMMENT 'Creation time',
  `update_time` timestamp NULL DEFAULT NULL COMMENT 'Update time',
  `is_deleted` tinyint NULL DEFAULT 0 COMMENT 'Is deleted',
  PRIMARY KEY (`id`) USING BTREE
) ENGINE = InnoDB AUTO_INCREMENT = 7 CHARACTER SET = utf8mb4 COLLATE = utf8mb4_general_ci COMMENT = 'Lease term table' ROW_FORMAT = DYNAMIC;

-- ----------------------------
-- Records of lease_term
-- ----------------------------
INSERT INTO `lease_term` VALUES (1, 1, 'Month', '2023-06-30 10:58:09', NULL, 0);
INSERT INTO `lease_term` VALUES (2, 2, 'Month', '2023-06-30 10:58:12', '2023-06-30 11:00:02', 1);
INSERT INTO `lease_term` VALUES (3, 3, 'Month', '2023-06-30 10:58:17', NULL, 0);
INSERT INTO `lease_term` VALUES (4, 6, 'Month', '2023-06-30 10:58:21', NULL, 0);
INSERT INTO `lease_term` VALUES (5, 12, 'Month', '2023-06-30 10:58:23', '2023-08-01 18:00:55', 1);
INSERT INTO `lease_term` VALUES (6, 12, 'Month', '2023-08-01 18:01:20', NULL, 0);

-- ----------------------------
-- Table structure for payment_type
-- ----------------------------
DROP TABLE IF EXISTS `payment_type`;
CREATE TABLE `payment_type`  (
  `id` bigint NOT NULL AUTO_INCREMENT,
  `name` varchar(16) CHARACTER SET utf8mb4 COLLATE utf8mb4_general_ci NULL DEFAULT NULL COMMENT 'Payment method name',
  `pay_week_count` int NULL DEFAULT NULL COMMENT 'Number of months paid at a time',
  `additional_info` varchar(255) CHARACTER SET utf8mb4 COLLATE utf8mb4_general_ci NULL DEFAULT NULL COMMENT 'Payment description',
  `create_time` timestamp NULL DEFAULT NULL COMMENT 'Creation time',
  `update_time` timestamp NULL DEFAULT NULL COMMENT 'Update time',
  `is_deleted` tinyint NULL DEFAULT 0 COMMENT 'Is deleted',
  PRIMARY KEY (`id`) USING BTREE
) ENGINE = InnoDB AUTO_INCREMENT = 12 CHARACTER SET = utf8mb4 COLLATE = utf8mb4_general_ci COMMENT = 'Payment method table' ROW_FORMAT = DYNAMIC;

-- ----------------------------
-- Records of payment_type
-- ----------------------------
INSERT INTO `payment_type` VALUES (6, 'weekly', 1, 'One month deposit and one month rent', '2023-06-21 11:26:08', '2023-06-21 11:27:14', 0);
INSERT INTO `payment_type` VALUES (7, 'fortnightly', 3, 'One month deposit and three months rent', '2023-06-21 11:26:21', '2023-06-21 11:27:33', 0);
INSERT INTO `payment_type` VALUES (8, 'weekly', 6, 'One month deposit and six months rent', '2023-06-21 11:26:35', NULL, 0);
INSERT INTO `payment_type` VALUES (9, 'Annually', 52, 'Four week deposit and fifty two week rent', NULL, NULL, 1);
INSERT INTO `payment_type` VALUES (10, 'Annually', 52, 'Four week deposit and fifty two week rent', '2023-08-01 23:51:40', NULL, 0);
INSERT INTO `payment_type` VALUES (11, 'Annually', 52, 'Four week deposit and fifty two week rent', '2023-08-01 23:52:15', '2023-08-10 14:36:55', 1);

-- ----------------------------
-- Table structure for province_info
-- ----------------------------
DROP TABLE IF EXISTS `province_info`;
CREATE TABLE `province_info`  (
  `id` bigint NOT NULL AUTO_INCREMENT COMMENT 'Province ID',
  `name` varchar(16) CHARACTER SET utf8mb4 COLLATE utf8mb4_general_ci NULL DEFAULT NULL COMMENT 'Province name',
  `create_time` timestamp NULL DEFAULT NULL COMMENT 'Creation time',
  `update_time` timestamp NULL DEFAULT NULL COMMENT 'Update time',
  `is_deleted` tinyint NULL DEFAULT 0 COMMENT 'Is deleted',
  PRIMARY KEY (`id`) USING BTREE
) ENGINE = InnoDB AUTO_INCREMENT = 66 CHARACTER SET = utf8mb4 COLLATE = utf8mb4_general_ci ROW_FORMAT = DYNAMIC;


-- ----------------------------
-- Records of province_info
-- ----------------------------
INSERT INTO `province_info` VALUES (11, '', '2023-06-25 13:48:39', NULL, 0);
INSERT INTO `province_info` VALUES (12, '', '2023-06-25 13:48:39', NULL, 0);
INSERT INTO `province_info` VALUES (13, '', '2023-06-25 13:48:39', NULL, 0);
INSERT INTO `province_info` VALUES (14, '', '2023-06-25 13:48:39', NULL, 0);
INSERT INTO `province_info` VALUES (15, '', '2023-06-25 13:48:39', NULL, 0);
INSERT INTO `province_info` VALUES (21, '', '2023-06-25 13:48:39', NULL, 0);
INSERT INTO `province_info` VALUES (22, '', '2023-06-25 13:48:39', NULL, 0);
INSERT INTO `province_info` VALUES (23, '', '2023-06-25 13:48:39', NULL, 0);
INSERT INTO `province_info` VALUES (31, '', '2023-06-25 13:48:39', NULL, 0);
INSERT INTO `province_info` VALUES (32, '', '2023-06-25 13:48:39', NULL, 0);
INSERT INTO `province_info` VALUES (33, '', '2023-06-25 13:48:39', NULL, 0);
INSERT INTO `province_info` VALUES (34, '', '2023-06-25 13:48:39', NULL, 0);
INSERT INTO `province_info` VALUES (35, '', '2023-06-25 13:48:39', NULL, 0);
INSERT INTO `province_info` VALUES (36, '', '2023-06-25 13:48:39', NULL, 0);
INSERT INTO `province_info` VALUES (37, '', '2023-06-25 13:48:39', NULL, 0);
INSERT INTO `province_info` VALUES (41, '', '2023-06-25 13:48:39', NULL, 0);
INSERT INTO `province_info` VALUES (42, '', '2023-06-25 13:48:39', NULL, 0);
INSERT INTO `province_info` VALUES (43, '', '2023-06-25 13:48:39', NULL, 0);
INSERT INTO `province_info` VALUES (44, '', '2023-06-25 13:48:39', NULL, 0);
INSERT INTO `province_info` VALUES (45, '', '2023-06-25 13:48:39', NULL, 0);
INSERT INTO `province_info` VALUES (46, '', '2023-06-25 13:48:39', NULL, 0);
INSERT INTO `province_info` VALUES (50, '', '2023-06-25 13:48:39', NULL, 0);
INSERT INTO `province_info` VALUES (51, '', '2023-06-25 13:48:39', NULL, 0);
INSERT INTO `province_info` VALUES (52, '', '2023-06-25 13:48:39', NULL, 0);
INSERT INTO `province_info` VALUES (53, '', '2023-06-25 13:48:39', NULL, 0);
INSERT INTO `province_info` VALUES (54, '', '2023-06-25 13:48:39', NULL, 0);
INSERT INTO `province_info` VALUES (61, '', '2023-06-25 13:48:39', NULL, 0);
INSERT INTO `province_info` VALUES (62, '', '2023-06-25 13:48:39', NULL, 0);
INSERT INTO `province_info` VALUES (63, '', '2023-06-25 13:48:39', NULL, 0);
INSERT INTO `province_info` VALUES (64, '', '2023-06-25 13:48:39', NULL, 0);
INSERT INTO `province_info` VALUES (65, '', '2023-06-25 13:48:39', NULL, 0);

-- ----------------------------
-- Table structure for room_attr_value
-- ----------------------------
DROP TABLE IF EXISTS `room_attr_value`;
CREATE TABLE `room_attr_value`  (
  `id` bigint NOT NULL AUTO_INCREMENT,
  `room_id` bigint NULL DEFAULT NULL COMMENT 'Room ID',
  `attr_value_id` bigint NULL DEFAULT NULL COMMENT 'Attribute value ID',
  `create_time` timestamp NULL DEFAULT NULL COMMENT 'Creation time',
  `update_time` timestamp NULL DEFAULT NULL COMMENT 'Update time',
  `is_deleted` tinyint NULL DEFAULT 0 COMMENT 'Is deleted',
  PRIMARY KEY (`id`) USING BTREE
) ENGINE = InnoDB AUTO_INCREMENT = 217 CHARACTER SET = utf8mb4 COLLATE = utf8mb4_general_ci COMMENT = 'Room and basic attribute value association table' ROW_FORMAT = DYNAMIC;

-- ----------------------------
-- Records of room_attr_value
-- ----------------------------
INSERT INTO `room_attr_value` VALUES (1, 2, 4, '2023-06-20 19:14:46', NULL, 1);
INSERT INTO `room_attr_value` VALUES (2, 2, 5, '2023-06-20 19:14:46', NULL, 1);
INSERT INTO `room_attr_value` VALUES (3, 2, 6, '2023-06-20 19:14:46', NULL, 1);
INSERT INTO `room_attr_value` VALUES (4, 3, 10, '2023-06-21 10:35:16', NULL, 1);
INSERT INTO `room_attr_value` VALUES (5, 3, 10, '2023-06-21 11:30:13', NULL, 1);
INSERT INTO `room_attr_value` VALUES (6, 3, 10, '2023-06-21 11:56:46', NULL, 1);
INSERT INTO `room_attr_value` VALUES (7, 4, 10, '2023-06-21 11:57:14', NULL, 1);
INSERT INTO `room_attr_value` VALUES (8, 7, 9, '2023-07-18 16:07:09', NULL, 1);
INSERT INTO `room_attr_value` VALUES (9, 2, 10, '2023-07-22 10:43:45', NULL, 1);
INSERT INTO `room_attr_value` VALUES (10, 2, 10, '2023-08-10 18:54:16', NULL, 1);
INSERT INTO `room_attr_value` VALUES (11, 2, 16, '2023-08-10 18:54:16', NULL, 1);
INSERT INTO `room_attr_value` VALUES (12, 2, 22, '2023-08-10 18:54:16', NULL, 1);
INSERT INTO `room_attr_value` VALUES (13, 2, 25, '2023-08-10 18:54:16', NULL, 1);
INSERT INTO `room_attr_value` VALUES (14, 2, 27, '2023-08-10 18:54:16', NULL, 1);
INSERT INTO `room_attr_value` VALUES (15, 2, 10, '2023-08-10 19:42:49', NULL, 1);
INSERT INTO `room_attr_value` VALUES (16, 2, 16, '2023-08-10 19:42:49', NULL, 1);
INSERT INTO `room_attr_value` VALUES (17, 2, 22, '2023-08-10 19:42:49', NULL, 1);
INSERT INTO `room_attr_value` VALUES (18, 2, 25, '2023-08-10 19:42:49', NULL, 1);
INSERT INTO `room_attr_value` VALUES (19, 3, 9, '2023-08-11 08:35:33', NULL, 1);
INSERT INTO `room_attr_value` VALUES (20, 3, 17, '2023-08-11 08:35:33', NULL, 1);
INSERT INTO `room_attr_value` VALUES (21, 3, 20, '2023-08-11 08:35:33', NULL, 1);
INSERT INTO `room_attr_value` VALUES (22, 3, 23, '2023-08-11 08:35:33', NULL, 1);
INSERT INTO `room_attr_value` VALUES (23, 3, 27, '2023-08-11 08:35:33', NULL, 1);
INSERT INTO `room_attr_value` VALUES (24, 2, 10, '2023-08-11 08:41:28', NULL, 1);
INSERT INTO `room_attr_value` VALUES (25, 2, 16, '2023-08-11 08:41:28', NULL, 1);
INSERT INTO `room_attr_value` VALUES (26, 2, 22, '2023-08-11 08:41:28', NULL, 1);
INSERT INTO `room_attr_value` VALUES (27, 2, 25, '2023-08-11 08:41:28', NULL, 1);
INSERT INTO `room_attr_value` VALUES (28, 3, 9, '2023-08-11 08:41:35', NULL, 1);
INSERT INTO `room_attr_value` VALUES (29, 3, 17, '2023-08-11 08:41:35', NULL, 1);
INSERT INTO `room_attr_value` VALUES (30, 3, 20, '2023-08-11 08:41:35', NULL, 1);
INSERT INTO `room_attr_value` VALUES (31, 3, 23, '2023-08-11 08:41:35', NULL, 1);
INSERT INTO `room_attr_value` VALUES (32, 3, 27, '2023-08-11 08:41:35', NULL, 1);
INSERT INTO `room_attr_value` VALUES (33, 8, 8, '2023-08-13 23:39:37', NULL, 1);
INSERT INTO `room_attr_value` VALUES (34, 8, 15, '2023-08-13 23:39:37', NULL, 1);
INSERT INTO `room_attr_value` VALUES (35, 8, 22, '2023-08-13 23:39:37', NULL, 1);
INSERT INTO `room_attr_value` VALUES (36, 8, 25, '2023-08-13 23:39:37', NULL, 1);
INSERT INTO `room_attr_value` VALUES (37, 8, 27, '2023-08-13 23:39:37', NULL, 1);
INSERT INTO `room_attr_value` VALUES (38, 9, 8, '2023-08-13 23:40:50', NULL, 1);
INSERT INTO `room_attr_value` VALUES (39, 9, 15, '2023-08-13 23:40:50', NULL, 1);
INSERT INTO `room_attr_value` VALUES (40, 9, 19, '2023-08-13 23:40:50', NULL, 1);
INSERT INTO `room_attr_value` VALUES (41, 9, 24, '2023-08-13 23:40:50', NULL, 1);
INSERT INTO `room_attr_value` VALUES (42, 9, 27, '2023-08-13 23:40:50', NULL, 1);
INSERT INTO `room_attr_value` VALUES (43, 10, 8, '2023-08-13 23:42:02', NULL, 1);
INSERT INTO `room_attr_value` VALUES (44, 10, 15, '2023-08-13 23:42:02', NULL, 1);
INSERT INTO `room_attr_value` VALUES (45, 10, 20, '2023-08-13 23:42:02', NULL, 1);
INSERT INTO `room_attr_value` VALUES (46, 10, 23, '2023-08-13 23:42:02', NULL, 1);
INSERT INTO `room_attr_value` VALUES (47, 10, 27, '2023-08-13 23:42:02', NULL, 1);
INSERT INTO `room_attr_value` VALUES (48, 2, 10, '2023-08-13 23:44:58', NULL, 1);
INSERT INTO `room_attr_value` VALUES (49, 2, 16, '2023-08-13 23:44:58', NULL, 1);
INSERT INTO `room_attr_value` VALUES (50, 2, 22, '2023-08-13 23:44:58', NULL, 1);
INSERT INTO `room_attr_value` VALUES (51, 2, 25, '2023-08-13 23:44:58', NULL, 1);
INSERT INTO `room_attr_value` VALUES (52, 9, 8, '2023-08-13 23:47:56', NULL, 1);
INSERT INTO `room_attr_value` VALUES (53, 9, 15, '2023-08-13 23:47:56', NULL, 1);
INSERT INTO `room_attr_value` VALUES (54, 9, 19, '2023-08-13 23:47:56', NULL, 1);
INSERT INTO `room_attr_value` VALUES (55, 9, 24, '2023-08-13 23:47:56', NULL, 1);
INSERT INTO `room_attr_value` VALUES (56, 9, 27, '2023-08-13 23:47:56', NULL, 1);
INSERT INTO `room_attr_value` VALUES (57, 9, 8, '2023-08-13 23:54:31', NULL, 1);
INSERT INTO `room_attr_value` VALUES (58, 9, 15, '2023-08-13 23:54:31', NULL, 1);
INSERT INTO `room_attr_value` VALUES (59, 9, 19, '2023-08-13 23:54:31', NULL, 1);
INSERT INTO `room_attr_value` VALUES (60, 9, 24, '2023-08-13 23:54:31', NULL, 1);
INSERT INTO `room_attr_value` VALUES (61, 9, 27, '2023-08-13 23:54:31', NULL, 1);
INSERT INTO `room_attr_value` VALUES (62, 11, 9, '2023-08-13 23:57:42', NULL, 1);
INSERT INTO `room_attr_value` VALUES (63, 12, 8, '2023-08-13 23:58:53', NULL, 1);
INSERT INTO `room_attr_value` VALUES (64, 12, 16, '2023-08-13 23:58:53', NULL, 1);
INSERT INTO `room_attr_value` VALUES (65, 12, 22, '2023-08-13 23:58:53', NULL, 1);
INSERT INTO `room_attr_value` VALUES (66, 12, 25, '2023-08-13 23:58:53', NULL, 1);
INSERT INTO `room_attr_value` VALUES (67, 12, 27, '2023-08-13 23:58:53', NULL, 1);
INSERT INTO `room_attr_value` VALUES (68, 13, 10, '2023-08-13 23:59:50', NULL, 1);
INSERT INTO `room_attr_value` VALUES (69, 13, 18, '2023-08-13 23:59:50', NULL, 1);
INSERT INTO `room_attr_value` VALUES (70, 11, 9, '2023-08-14 00:00:35', NULL, 1);
INSERT INTO `room_attr_value` VALUES (71, 11, 17, '2023-08-14 00:00:35', NULL, 1);
INSERT INTO `room_attr_value` VALUES (72, 11, 20, '2023-08-14 00:00:35', NULL, 1);
INSERT INTO `room_attr_value` VALUES (73, 11, 23, '2023-08-14 00:00:35', NULL, 1);
INSERT INTO `room_attr_value` VALUES (74, 11, 27, '2023-08-14 00:00:35', NULL, 1);
INSERT INTO `room_attr_value` VALUES (75, 14, 9, '2023-08-14 00:06:39', NULL, 1);
INSERT INTO `room_attr_value` VALUES (76, 14, 17, '2023-08-14 00:06:39', NULL, 1);
INSERT INTO `room_attr_value` VALUES (77, 14, 20, '2023-08-14 00:06:39', NULL, 1);
INSERT INTO `room_attr_value` VALUES (78, 14, 27, '2023-08-14 00:06:39', NULL, 1);
INSERT INTO `room_attr_value` VALUES (79, 14, 23, '2023-08-14 00:06:39', NULL, 1);
INSERT INTO `room_attr_value` VALUES (80, 15, 8, '2023-08-14 00:07:43', NULL, 1);
INSERT INTO `room_attr_value` VALUES (81, 15, 16, '2023-08-14 00:07:43', NULL, 1);
INSERT INTO `room_attr_value` VALUES (82, 15, 20, '2023-08-14 00:07:43', NULL, 1);
INSERT INTO `room_attr_value` VALUES (83, 15, 23, '2023-08-14 00:07:43', NULL, 1);
INSERT INTO `room_attr_value` VALUES (84, 15, 27, '2023-08-14 00:07:43', NULL, 1);
INSERT INTO `room_attr_value` VALUES (85, 12, 8, '2023-08-14 00:07:58', NULL, 1);
INSERT INTO `room_attr_value` VALUES (86, 12, 16, '2023-08-14 00:07:58', NULL, 1);
INSERT INTO `room_attr_value` VALUES (87, 12, 22, '2023-08-14 00:07:58', NULL, 1);
INSERT INTO `room_attr_value` VALUES (88, 12, 25, '2023-08-14 00:07:58', NULL, 1);
INSERT INTO `room_attr_value` VALUES (89, 12, 27, '2023-08-14 00:07:58', NULL, 1);
INSERT INTO `room_attr_value` VALUES (90, 16, 8, '2023-08-14 00:09:07', NULL, 1);
INSERT INTO `room_attr_value` VALUES (91, 16, 16, '2023-08-14 00:09:07', NULL, 1);
INSERT INTO `room_attr_value` VALUES (92, 16, 19, '2023-08-14 00:09:07', NULL, 1);
INSERT INTO `room_attr_value` VALUES (93, 16, 24, '2023-08-14 00:09:07', NULL, 1);
INSERT INTO `room_attr_value` VALUES (94, 16, 27, '2023-08-14 00:09:07', NULL, 1);
INSERT INTO `room_attr_value` VALUES (95, 17, 10, '2023-08-14 10:36:19', NULL, 1);
INSERT INTO `room_attr_value` VALUES (96, 17, 18, '2023-08-14 10:36:19', NULL, 1);
INSERT INTO `room_attr_value` VALUES (97, 17, 20, '2023-08-14 10:36:19', NULL, 1);
INSERT INTO `room_attr_value` VALUES (98, 17, 23, '2023-08-14 10:36:19', NULL, 1);
INSERT INTO `room_attr_value` VALUES (99, 17, 27, '2023-08-14 10:36:19', NULL, 1);
INSERT INTO `room_attr_value` VALUES (100, 2, 10, '2023-08-14 12:31:24', NULL, 1);
INSERT INTO `room_attr_value` VALUES (101, 2, 16, '2023-08-14 12:31:24', NULL, 1);
INSERT INTO `room_attr_value` VALUES (102, 2, 22, '2023-08-14 12:31:24', NULL, 1);
INSERT INTO `room_attr_value` VALUES (103, 2, 25, '2023-08-14 12:31:24', NULL, 1);
INSERT INTO `room_attr_value` VALUES (104, 3, 9, '2023-08-14 12:31:46', NULL, 1);
INSERT INTO `room_attr_value` VALUES (105, 3, 17, '2023-08-14 12:31:46', NULL, 1);
INSERT INTO `room_attr_value` VALUES (106, 3, 20, '2023-08-14 12:31:46', NULL, 1);
INSERT INTO `room_attr_value` VALUES (107, 3, 23, '2023-08-14 12:31:46', NULL, 1);
INSERT INTO `room_attr_value` VALUES (108, 3, 27, '2023-08-14 12:31:46', NULL, 1);
INSERT INTO `room_attr_value` VALUES (109, 8, 8, '2023-08-14 12:32:33', NULL, 1);
INSERT INTO `room_attr_value` VALUES (110, 8, 15, '2023-08-14 12:32:33', NULL, 1);
INSERT INTO `room_attr_value` VALUES (111, 8, 22, '2023-08-14 12:32:33', NULL, 1);
INSERT INTO `room_attr_value` VALUES (112, 8, 25, '2023-08-14 12:32:33', NULL, 1);
INSERT INTO `room_attr_value` VALUES (113, 8, 27, '2023-08-14 12:32:33', NULL, 1);
INSERT INTO `room_attr_value` VALUES (114, 9, 8, '2023-08-14 12:32:42', NULL, 1);
INSERT INTO `room_attr_value` VALUES (115, 9, 15, '2023-08-14 12:32:42', NULL, 1);
INSERT INTO `room_attr_value` VALUES (116, 9, 19, '2023-08-14 12:32:42', NULL, 1);
INSERT INTO `room_attr_value` VALUES (117, 9, 24, '2023-08-14 12:32:42', NULL, 1);
INSERT INTO `room_attr_value` VALUES (118, 9, 27, '2023-08-14 12:32:42', NULL, 1);
INSERT INTO `room_attr_value` VALUES (119, 9, 8, '2023-08-14 12:32:53', NULL, 1);
INSERT INTO `room_attr_value` VALUES (120, 9, 15, '2023-08-14 12:32:53', NULL, 1);
INSERT INTO `room_attr_value` VALUES (121, 9, 19, '2023-08-14 12:32:53', NULL, 1);
INSERT INTO `room_attr_value` VALUES (122, 9, 24, '2023-08-14 12:32:53', NULL, 1);
INSERT INTO `room_attr_value` VALUES (123, 9, 27, '2023-08-14 12:32:53', NULL, 1);
INSERT INTO `room_attr_value` VALUES (124, 10, 8, '2023-08-14 12:33:13', NULL, 1);
INSERT INTO `room_attr_value` VALUES (125, 10, 15, '2023-08-14 12:33:13', NULL, 1);
INSERT INTO `room_attr_value` VALUES (126, 10, 20, '2023-08-14 12:33:13', NULL, 1);
INSERT INTO `room_attr_value` VALUES (127, 10, 23, '2023-08-14 12:33:13', NULL, 1);
INSERT INTO `room_attr_value` VALUES (128, 10, 27, '2023-08-14 12:33:13', NULL, 1);
INSERT INTO `room_attr_value` VALUES (129, 11, 9, '2023-08-14 12:33:33', NULL, 1);
INSERT INTO `room_attr_value` VALUES (130, 11, 17, '2023-08-14 12:33:33', NULL, 1);
INSERT INTO `room_attr_value` VALUES (131, 11, 20, '2023-08-14 12:33:33', NULL, 1);
INSERT INTO `room_attr_value` VALUES (132, 11, 23, '2023-08-14 12:33:33', NULL, 1);
INSERT INTO `room_attr_value` VALUES (133, 11, 27, '2023-08-14 12:33:33', NULL, 1);
INSERT INTO `room_attr_value` VALUES (134, 12, 8, '2023-08-14 12:33:45', NULL, 1);
INSERT INTO `room_attr_value` VALUES (135, 12, 16, '2023-08-14 12:33:45', NULL, 1);
INSERT INTO `room_attr_value` VALUES (136, 12, 22, '2023-08-14 12:33:45', NULL, 1);
INSERT INTO `room_attr_value` VALUES (137, 12, 25, '2023-08-14 12:33:45', NULL, 1);
INSERT INTO `room_attr_value` VALUES (138, 12, 27, '2023-08-14 12:33:45', NULL, 1);
INSERT INTO `room_attr_value` VALUES (139, 13, 10, '2023-08-14 12:33:57', NULL, 1);
INSERT INTO `room_attr_value` VALUES (140, 13, 18, '2023-08-14 12:33:57', NULL, 1);
INSERT INTO `room_attr_value` VALUES (141, 14, 9, '2023-08-14 12:34:08', NULL, 1);
INSERT INTO `room_attr_value` VALUES (142, 14, 17, '2023-08-14 12:34:08', NULL, 1);
INSERT INTO `room_attr_value` VALUES (143, 14, 20, '2023-08-14 12:34:08', NULL, 1);
INSERT INTO `room_attr_value` VALUES (144, 14, 27, '2023-08-14 12:34:08', NULL, 1);
INSERT INTO `room_attr_value` VALUES (145, 14, 23, '2023-08-14 12:34:08', NULL, 1);
INSERT INTO `room_attr_value` VALUES (146, 15, 8, '2023-08-14 12:34:20', NULL, 1);
INSERT INTO `room_attr_value` VALUES (147, 15, 16, '2023-08-14 12:34:20', NULL, 1);
INSERT INTO `room_attr_value` VALUES (148, 15, 20, '2023-08-14 12:34:20', NULL, 1);
INSERT INTO `room_attr_value` VALUES (149, 15, 23, '2023-08-14 12:34:20', NULL, 1);
INSERT INTO `room_attr_value` VALUES (150, 15, 27, '2023-08-14 12:34:20', NULL, 1);
INSERT INTO `room_attr_value` VALUES (151, 16, 8, '2023-08-14 12:34:45', NULL, 1);
INSERT INTO `room_attr_value` VALUES (152, 16, 16, '2023-08-14 12:34:45', NULL, 1);
INSERT INTO `room_attr_value` VALUES (153, 16, 19, '2023-08-14 12:34:45', NULL, 1);
INSERT INTO `room_attr_value` VALUES (154, 16, 24, '2023-08-14 12:34:45', NULL, 1);
INSERT INTO `room_attr_value` VALUES (155, 16, 27, '2023-08-14 12:34:45', NULL, 1);
INSERT INTO `room_attr_value` VALUES (156, 17, 10, '2023-08-14 12:35:08', NULL, 1);
INSERT INTO `room_attr_value` VALUES (157, 17, 18, '2023-08-14 12:35:08', NULL, 1);
INSERT INTO `room_attr_value` VALUES (158, 17, 20, '2023-08-14 12:35:08', NULL, 1);
INSERT INTO `room_attr_value` VALUES (159, 17, 23, '2023-08-14 12:35:08', NULL, 1);
INSERT INTO `room_attr_value` VALUES (160, 17, 27, '2023-08-14 12:35:08', NULL, 1);
INSERT INTO `room_attr_value` VALUES (161, 2, 10, '2023-08-19 15:46:10', NULL, 0);
INSERT INTO `room_attr_value` VALUES (162, 2, 16, '2023-08-19 15:46:10', NULL, 0);
INSERT INTO `room_attr_value` VALUES (163, 2, 22, '2023-08-19 15:46:10', NULL, 0);
INSERT INTO `room_attr_value` VALUES (164, 2, 25, '2023-08-19 15:46:10', NULL, 0);
INSERT INTO `room_attr_value` VALUES (165, 3, 9, '2023-08-19 15:46:32', NULL, 0);
INSERT INTO `room_attr_value` VALUES (166, 3, 17, '2023-08-19 15:46:32', NULL, 0);
INSERT INTO `room_attr_value` VALUES (167, 3, 20, '2023-08-19 15:46:32', NULL, 0);
INSERT INTO `room_attr_value` VALUES (168, 3, 23, '2023-08-19 15:46:32', NULL, 0);
INSERT INTO `room_attr_value` VALUES (169, 3, 27, '2023-08-19 15:46:32', NULL, 0);
INSERT INTO `room_attr_value` VALUES (170, 8, 8, '2023-08-19 15:46:49', NULL, 0);
INSERT INTO `room_attr_value` VALUES (171, 8, 15, '2023-08-19 15:46:49', NULL, 0);
INSERT INTO `room_attr_value` VALUES (172, 8, 22, '2023-08-19 15:46:49', NULL, 0);
INSERT INTO `room_attr_value` VALUES (173, 8, 25, '2023-08-19 15:46:49', NULL, 0);
INSERT INTO `room_attr_value` VALUES (174, 8, 27, '2023-08-19 15:46:49', NULL, 0);
INSERT INTO `room_attr_value` VALUES (175, 9, 8, '2023-08-19 15:47:08', NULL, 0);
INSERT INTO `room_attr_value` VALUES (176, 9, 15, '2023-08-19 15:47:08', NULL, 0);
INSERT INTO `room_attr_value` VALUES (177, 9, 19, '2023-08-19 15:47:08', NULL, 0);
INSERT INTO `room_attr_value` VALUES (178, 9, 24, '2023-08-19 15:47:08', NULL, 0);
INSERT INTO `room_attr_value` VALUES (179, 9, 27, '2023-08-19 15:47:08', NULL, 0);
INSERT INTO `room_attr_value` VALUES (180, 10, 8, '2023-08-19 15:47:28', NULL, 0);
INSERT INTO `room_attr_value` VALUES (181, 10, 15, '2023-08-19 15:47:28', NULL, 0);
INSERT INTO `room_attr_value` VALUES (182, 10, 20, '2023-08-19 15:47:28', NULL, 0);
INSERT INTO `room_attr_value` VALUES (183, 10, 23, '2023-08-19 15:47:28', NULL, 0);
INSERT INTO `room_attr_value` VALUES (184, 10, 27, '2023-08-19 15:47:28', NULL, 0);
INSERT INTO `room_attr_value` VALUES (185, 12, 8, '2023-08-19 15:47:45', NULL, 0);
INSERT INTO `room_attr_value` VALUES (186, 12, 16, '2023-08-19 15:47:45', NULL, 0);
INSERT INTO `room_attr_value` VALUES (187, 12, 22, '2023-08-19 15:47:45', NULL, 0);
INSERT INTO `room_attr_value` VALUES (188, 12, 25, '2023-08-19 15:47:45', NULL, 0);
INSERT INTO `room_attr_value` VALUES (189, 12, 27, '2023-08-19 15:47:45', NULL, 0);
INSERT INTO `room_attr_value` VALUES (190, 11, 9, '2023-08-19 15:48:04', NULL, 0);
INSERT INTO `room_attr_value` VALUES (191, 11, 17, '2023-08-19 15:48:04', NULL, 0);
INSERT INTO `room_attr_value` VALUES (192, 11, 20, '2023-08-19 15:48:04', NULL, 0);
INSERT INTO `room_attr_value` VALUES (193, 11, 23, '2023-08-19 15:48:04', NULL, 0);
INSERT INTO `room_attr_value` VALUES (194, 11, 27, '2023-08-19 15:48:04', NULL, 0);
INSERT INTO `room_attr_value` VALUES (195, 13, 10, '2023-08-19 15:48:26', NULL, 0);
INSERT INTO `room_attr_value` VALUES (196, 13, 18, '2023-08-19 15:48:26', NULL, 0);
INSERT INTO `room_attr_value` VALUES (197, 14, 9, '2023-08-19 15:48:46', NULL, 0);
INSERT INTO `room_attr_value` VALUES (198, 14, 17, '2023-08-19 15:48:46', NULL, 0);
INSERT INTO `room_attr_value` VALUES (199, 14, 20, '2023-08-19 15:48:46', NULL, 0);
INSERT INTO `room_attr_value` VALUES (200, 14, 27, '2023-08-19 15:48:46', NULL, 0);
INSERT INTO `room_attr_value` VALUES (201, 14, 23, '2023-08-19 15:48:46', NULL, 0);
INSERT INTO `room_attr_value` VALUES (202, 15, 8, '2023-08-19 15:49:04', NULL, 0);
INSERT INTO `room_attr_value` VALUES (203, 15, 16, '2023-08-19 15:49:04', NULL, 0);
INSERT INTO `room_attr_value` VALUES (204, 15, 20, '2023-08-19 15:49:04', NULL, 0);
INSERT INTO `room_attr_value` VALUES (205, 15, 23, '2023-08-19 15:49:04', NULL, 0);
INSERT INTO `room_attr_value` VALUES (206, 15, 27, '2023-08-19 15:49:04', NULL, 0);
INSERT INTO `room_attr_value` VALUES (207, 16, 8, '2023-08-19 15:49:22', NULL, 0);
INSERT INTO `room_attr_value` VALUES (208, 16, 16, '2023-08-19 15:49:22', NULL, 0);
INSERT INTO `room_attr_value` VALUES (209, 16, 19, '2023-08-19 15:49:22', NULL, 0);
INSERT INTO `room_attr_value` VALUES (210, 16, 24, '2023-08-19 15:49:22', NULL, 0);
INSERT INTO `room_attr_value` VALUES (211, 16, 27, '2023-08-19 15:49:22', NULL, 0);
INSERT INTO `room_attr_value` VALUES (212, 17, 10, '2023-08-19 15:49:38', NULL, 0);
INSERT INTO `room_attr_value` VALUES (213, 17, 18, '2023-08-19 15:49:38', NULL, 0);
INSERT INTO `room_attr_value` VALUES (214, 17, 20, '2023-08-19 15:49:38', NULL, 0);
INSERT INTO `room_attr_value` VALUES (215, 17, 23, '2023-08-19 15:49:38', NULL, 0);
INSERT INTO `room_attr_value` VALUES (216, 17, 27, '2023-08-19 15:49:38', NULL, 0);

-- ----------------------------
-- Table structure for room_facility
-- ----------------------------
DROP TABLE IF EXISTS `room_facility`;
CREATE TABLE `room_facility`  (
  `id` bigint NOT NULL AUTO_INCREMENT,
  `room_id` bigint NULL DEFAULT NULL COMMENT 'Room ID',
  `facility_id` bigint NULL DEFAULT NULL COMMENT 'Room facility ID',
  `create_time` timestamp NULL DEFAULT NULL COMMENT 'Creation time',
  `update_time` timestamp NULL DEFAULT NULL COMMENT 'Update time',
  `is_deleted` tinyint NULL DEFAULT 0 COMMENT 'Is deleted',
  PRIMARY KEY (`id`) USING BTREE
) ENGINE = InnoDB AUTO_INCREMENT = 560 CHARACTER SET = utf8mb4 COLLATE = utf8mb4_general_ci COMMENT = 'Room and facility association table' ROW_FORMAT = DYNAMIC;

-- ----------------------------
-- Records of room_facility
-- ----------------------------
INSERT INTO `room_facility` VALUES (1, 2, 28, '2023-06-20 19:14:46', NULL, 1);
INSERT INTO `room_facility` VALUES (2, 2, 29, '2023-06-20 19:14:46', NULL, 1);
INSERT INTO `room_facility` VALUES (3, 2, 30, '2023-06-20 19:14:46', NULL, 1);
INSERT INTO `room_facility` VALUES (4, 3, 28, '2023-06-21 10:35:16', NULL, 1);
INSERT INTO `room_facility` VALUES (5, 3, 29, '2023-06-21 10:35:16', NULL, 1);
INSERT INTO `room_facility` VALUES (6, 3, 30, '2023-06-21 10:35:16', NULL, 1);
INSERT INTO `room_facility` VALUES (7, 3, 28, '2023-06-21 11:30:13', NULL, 1);
INSERT INTO `room_facility` VALUES (8, 3, 29, '2023-06-21 11:30:13', NULL, 1);
INSERT INTO `room_facility` VALUES (9, 3, 30, '2023-06-21 11:30:13', NULL, 1);
INSERT INTO `room_facility` VALUES (10, 3, 28, '2023-06-21 11:56:46', NULL, 1);
INSERT INTO `room_facility` VALUES (11, 3, 29, '2023-06-21 11:56:46', NULL, 1);
INSERT INTO `room_facility` VALUES (12, 3, 30, '2023-06-21 11:56:46', NULL, 1);
INSERT INTO `room_facility` VALUES (13, 4, 28, '2023-06-21 11:57:14', NULL, 1);
INSERT INTO `room_facility` VALUES (14, 4, 29, '2023-06-21 11:57:14', NULL, 1);
INSERT INTO `room_facility` VALUES (15, 4, 30, '2023-06-21 11:57:14', NULL, 1);
INSERT INTO `room_facility` VALUES (16, 7, 28, '2023-07-18 16:07:09', NULL, 1);
INSERT INTO `room_facility` VALUES (17, 2, 28, '2023-07-22 10:43:45', NULL, 1);
INSERT INTO `room_facility` VALUES (18, 2, 29, '2023-07-22 10:43:45', NULL, 1);
INSERT INTO `room_facility` VALUES (19, 2, 30, '2023-07-22 10:43:45', NULL, 1);
INSERT INTO `room_facility` VALUES (20, 2, 28, '2023-08-10 18:54:16', NULL, 1);
INSERT INTO `room_facility` VALUES (21, 2, 29, '2023-08-10 18:54:16', NULL, 1);
INSERT INTO `room_facility` VALUES (22, 2, 30, '2023-08-10 18:54:16', NULL, 1);
INSERT INTO `room_facility` VALUES (23, 2, 48, '2023-08-10 18:54:16', NULL, 1);
INSERT INTO `room_facility` VALUES (24, 2, 49, '2023-08-10 18:54:16', NULL, 1);
INSERT INTO `room_facility` VALUES (25, 2, 50, '2023-08-10 18:54:16', NULL, 1);
INSERT INTO `room_facility` VALUES (26, 2, 51, '2023-08-10 18:54:16', NULL, 1);
INSERT INTO `room_facility` VALUES (27, 2, 54, '2023-08-10 18:54:16', NULL, 1);
INSERT INTO `room_facility` VALUES (28, 2, 52, '2023-08-10 18:54:16', NULL, 1);
INSERT INTO `room_facility` VALUES (29, 2, 53, '2023-08-10 18:54:16', NULL, 1);
INSERT INTO `room_facility` VALUES (30, 2, 55, '2023-08-10 18:54:16', NULL, 1);
INSERT INTO `room_facility` VALUES (31, 2, 56, '2023-08-10 18:54:16', NULL, 1);
INSERT INTO `room_facility` VALUES (32, 2, 28, '2023-08-10 19:42:49', NULL, 1);
INSERT INTO `room_facility` VALUES (33, 2, 29, '2023-08-10 19:42:49', NULL, 1);
INSERT INTO `room_facility` VALUES (34, 2, 30, '2023-08-10 19:42:49', NULL, 1);
INSERT INTO `room_facility` VALUES (35, 2, 48, '2023-08-10 19:42:49', NULL, 1);
INSERT INTO `room_facility` VALUES (36, 2, 49, '2023-08-10 19:42:49', NULL, 1);
INSERT INTO `room_facility` VALUES (37, 2, 50, '2023-08-10 19:42:49', NULL, 1);
INSERT INTO `room_facility` VALUES (38, 2, 51, '2023-08-10 19:42:49', NULL, 1);
INSERT INTO `room_facility` VALUES (39, 2, 54, '2023-08-10 19:42:49', NULL, 1);
INSERT INTO `room_facility` VALUES (40, 2, 52, '2023-08-10 19:42:49', NULL, 1);
INSERT INTO `room_facility` VALUES (41, 2, 53, '2023-08-10 19:42:49', NULL, 1);
INSERT INTO `room_facility` VALUES (42, 2, 55, '2023-08-10 19:42:49', NULL, 1);
INSERT INTO `room_facility` VALUES (43, 2, 56, '2023-08-10 19:42:49', NULL, 1);
INSERT INTO `room_facility` VALUES (44, 3, 28, '2023-08-11 08:35:33', NULL, 1);
INSERT INTO `room_facility` VALUES (45, 3, 29, '2023-08-11 08:35:33', NULL, 1);
INSERT INTO `room_facility` VALUES (46, 3, 30, '2023-08-11 08:35:33', NULL, 1);
INSERT INTO `room_facility` VALUES (47, 3, 48, '2023-08-11 08:35:33', NULL, 1);
INSERT INTO `room_facility` VALUES (48, 3, 49, '2023-08-11 08:35:33', NULL, 1);
INSERT INTO `room_facility` VALUES (49, 3, 50, '2023-08-11 08:35:33', NULL, 1);
INSERT INTO `room_facility` VALUES (50, 3, 51, '2023-08-11 08:35:33', NULL, 1);
INSERT INTO `room_facility` VALUES (51, 3, 53, '2023-08-11 08:35:33', NULL, 1);
INSERT INTO `room_facility` VALUES (52, 3, 52, '2023-08-11 08:35:33', NULL, 1);
INSERT INTO `room_facility` VALUES (53, 3, 54, '2023-08-11 08:35:33', NULL, 1);
INSERT INTO `room_facility` VALUES (54, 3, 55, '2023-08-11 08:35:33', NULL, 1);
INSERT INTO `room_facility` VALUES (55, 3, 56, '2023-08-11 08:35:33', NULL, 1);
INSERT INTO `room_facility` VALUES (56, 2, 28, '2023-08-11 08:41:28', NULL, 1);
INSERT INTO `room_facility` VALUES (57, 2, 29, '2023-08-11 08:41:28', NULL, 1);
INSERT INTO `room_facility` VALUES (58, 2, 30, '2023-08-11 08:41:28', NULL, 1);
INSERT INTO `room_facility` VALUES (59, 2, 48, '2023-08-11 08:41:28', NULL, 1);
INSERT INTO `room_facility` VALUES (60, 2, 49, '2023-08-11 08:41:28', NULL, 1);
INSERT INTO `room_facility` VALUES (61, 2, 50, '2023-08-11 08:41:28', NULL, 1);
INSERT INTO `room_facility` VALUES (62, 2, 51, '2023-08-11 08:41:28', NULL, 1);
INSERT INTO `room_facility` VALUES (63, 2, 54, '2023-08-11 08:41:28', NULL, 1);
INSERT INTO `room_facility` VALUES (64, 2, 52, '2023-08-11 08:41:28', NULL, 1);
INSERT INTO `room_facility` VALUES (65, 2, 53, '2023-08-11 08:41:28', NULL, 1);
INSERT INTO `room_facility` VALUES (66, 2, 55, '2023-08-11 08:41:28', NULL, 1);
INSERT INTO `room_facility` VALUES (67, 2, 56, '2023-08-11 08:41:28', NULL, 1);
INSERT INTO `room_facility` VALUES (68, 3, 28, '2023-08-11 08:41:35', NULL, 1);
INSERT INTO `room_facility` VALUES (69, 3, 29, '2023-08-11 08:41:35', NULL, 1);
INSERT INTO `room_facility` VALUES (70, 3, 30, '2023-08-11 08:41:35', NULL, 1);
INSERT INTO `room_facility` VALUES (71, 3, 48, '2023-08-11 08:41:35', NULL, 1);
INSERT INTO `room_facility` VALUES (72, 3, 49, '2023-08-11 08:41:35', NULL, 1);
INSERT INTO `room_facility` VALUES (73, 3, 50, '2023-08-11 08:41:35', NULL, 1);
INSERT INTO `room_facility` VALUES (74, 3, 51, '2023-08-11 08:41:35', NULL, 1);
INSERT INTO `room_facility` VALUES (75, 3, 53, '2023-08-11 08:41:35', NULL, 1);
INSERT INTO `room_facility` VALUES (76, 3, 52, '2023-08-11 08:41:35', NULL, 1);
INSERT INTO `room_facility` VALUES (77, 3, 54, '2023-08-11 08:41:35', NULL, 1);
INSERT INTO `room_facility` VALUES (78, 3, 55, '2023-08-11 08:41:35', NULL, 1);
INSERT INTO `room_facility` VALUES (79, 3, 56, '2023-08-11 08:41:35', NULL, 1);
INSERT INTO `room_facility` VALUES (80, 8, 28, '2023-08-13 23:39:37', NULL, 1);
INSERT INTO `room_facility` VALUES (81, 8, 29, '2023-08-13 23:39:37', NULL, 1);
INSERT INTO `room_facility` VALUES (82, 8, 30, '2023-08-13 23:39:37', NULL, 1);
INSERT INTO `room_facility` VALUES (83, 8, 48, '2023-08-13 23:39:37', NULL, 1);
INSERT INTO `room_facility` VALUES (84, 8, 49, '2023-08-13 23:39:37', NULL, 1);
INSERT INTO `room_facility` VALUES (85, 8, 50, '2023-08-13 23:39:37', NULL, 1);
INSERT INTO `room_facility` VALUES (86, 8, 51, '2023-08-13 23:39:37', NULL, 1);
INSERT INTO `room_facility` VALUES (87, 8, 52, '2023-08-13 23:39:37', NULL, 1);
INSERT INTO `room_facility` VALUES (88, 8, 53, '2023-08-13 23:39:37', NULL, 1);
INSERT INTO `room_facility` VALUES (89, 8, 54, '2023-08-13 23:39:37', NULL, 1);
INSERT INTO `room_facility` VALUES (90, 8, 55, '2023-08-13 23:39:37', NULL, 1);
INSERT INTO `room_facility` VALUES (91, 8, 56, '2023-08-13 23:39:37', NULL, 1);
INSERT INTO `room_facility` VALUES (92, 9, 28, '2023-08-13 23:40:50', NULL, 1);
INSERT INTO `room_facility` VALUES (93, 9, 29, '2023-08-13 23:40:50', NULL, 1);
INSERT INTO `room_facility` VALUES (94, 9, 30, '2023-08-13 23:40:50', NULL, 1);
INSERT INTO `room_facility` VALUES (95, 9, 48, '2023-08-13 23:40:50', NULL, 1);
INSERT INTO `room_facility` VALUES (96, 9, 49, '2023-08-13 23:40:50', NULL, 1);
INSERT INTO `room_facility` VALUES (97, 9, 50, '2023-08-13 23:40:50', NULL, 1);
INSERT INTO `room_facility` VALUES (98, 9, 51, '2023-08-13 23:40:50', NULL, 1);
INSERT INTO `room_facility` VALUES (99, 9, 52, '2023-08-13 23:40:50', NULL, 1);
INSERT INTO `room_facility` VALUES (100, 9, 53, '2023-08-13 23:40:50', NULL, 1);
INSERT INTO `room_facility` VALUES (101, 9, 54, '2023-08-13 23:40:50', NULL, 1);
INSERT INTO `room_facility` VALUES (102, 9, 55, '2023-08-13 23:40:50', NULL, 1);
INSERT INTO `room_facility` VALUES (103, 9, 56, '2023-08-13 23:40:50', NULL, 1);
INSERT INTO `room_facility` VALUES (104, 10, 28, '2023-08-13 23:42:02', NULL, 1);
INSERT INTO `room_facility` VALUES (105, 10, 29, '2023-08-13 23:42:02', NULL, 1);
INSERT INTO `room_facility` VALUES (106, 10, 30, '2023-08-13 23:42:02', NULL, 1);
INSERT INTO `room_facility` VALUES (107, 10, 48, '2023-08-13 23:42:02', NULL, 1);
INSERT INTO `room_facility` VALUES (108, 10, 49, '2023-08-13 23:42:02', NULL, 1);
INSERT INTO `room_facility` VALUES (109, 10, 50, '2023-08-13 23:42:02', NULL, 1);
INSERT INTO `room_facility` VALUES (110, 10, 51, '2023-08-13 23:42:02', NULL, 1);
INSERT INTO `room_facility` VALUES (111, 10, 52, '2023-08-13 23:42:02', NULL, 1);
INSERT INTO `room_facility` VALUES (112, 10, 53, '2023-08-13 23:42:02', NULL, 1);
INSERT INTO `room_facility` VALUES (113, 10, 54, '2023-08-13 23:42:02', NULL, 1);
INSERT INTO `room_facility` VALUES (114, 10, 55, '2023-08-13 23:42:02', NULL, 1);
INSERT INTO `room_facility` VALUES (115, 10, 56, '2023-08-13 23:42:02', NULL, 1);
INSERT INTO `room_facility` VALUES (116, 2, 28, '2023-08-13 23:44:58', NULL, 1);
INSERT INTO `room_facility` VALUES (117, 2, 29, '2023-08-13 23:44:58', NULL, 1);
INSERT INTO `room_facility` VALUES (118, 2, 30, '2023-08-13 23:44:58', NULL, 1);
INSERT INTO `room_facility` VALUES (119, 2, 48, '2023-08-13 23:44:58', NULL, 1);
INSERT INTO `room_facility` VALUES (120, 2, 49, '2023-08-13 23:44:58', NULL, 1);
INSERT INTO `room_facility` VALUES (121, 2, 50, '2023-08-13 23:44:58', NULL, 1);
INSERT INTO `room_facility` VALUES (122, 2, 51, '2023-08-13 23:44:58', NULL, 1);
INSERT INTO `room_facility` VALUES (123, 2, 54, '2023-08-13 23:44:58', NULL, 1);
INSERT INTO `room_facility` VALUES (124, 2, 52, '2023-08-13 23:44:58', NULL, 1);
INSERT INTO `room_facility` VALUES (125, 2, 53, '2023-08-13 23:44:58', NULL, 1);
INSERT INTO `room_facility` VALUES (126, 2, 55, '2023-08-13 23:44:58', NULL, 1);
INSERT INTO `room_facility` VALUES (127, 2, 56, '2023-08-13 23:44:58', NULL, 1);
INSERT INTO `room_facility` VALUES (128, 9, 28, '2023-08-13 23:47:56', NULL, 1);
INSERT INTO `room_facility` VALUES (129, 9, 29, '2023-08-13 23:47:56', NULL, 1);
INSERT INTO `room_facility` VALUES (130, 9, 30, '2023-08-13 23:47:56', NULL, 1);
INSERT INTO `room_facility` VALUES (131, 9, 48, '2023-08-13 23:47:56', NULL, 1);
INSERT INTO `room_facility` VALUES (132, 9, 49, '2023-08-13 23:47:56', NULL, 1);
INSERT INTO `room_facility` VALUES (133, 9, 50, '2023-08-13 23:47:56', NULL, 1);
INSERT INTO `room_facility` VALUES (134, 9, 51, '2023-08-13 23:47:56', NULL, 1);
INSERT INTO `room_facility` VALUES (135, 9, 52, '2023-08-13 23:47:56', NULL, 1);
INSERT INTO `room_facility` VALUES (136, 9, 53, '2023-08-13 23:47:56', NULL, 1);
INSERT INTO `room_facility` VALUES (137, 9, 54, '2023-08-13 23:47:56', NULL, 1);
INSERT INTO `room_facility` VALUES (138, 9, 55, '2023-08-13 23:47:56', NULL, 1);
INSERT INTO `room_facility` VALUES (139, 9, 56, '2023-08-13 23:47:56', NULL, 1);
INSERT INTO `room_facility` VALUES (140, 9, 28, '2023-08-13 23:54:31', NULL, 1);
INSERT INTO `room_facility` VALUES (141, 9, 29, '2023-08-13 23:54:31', NULL, 1);
INSERT INTO `room_facility` VALUES (142, 9, 30, '2023-08-13 23:54:31', NULL, 1);
INSERT INTO `room_facility` VALUES (143, 9, 48, '2023-08-13 23:54:31', NULL, 1);
INSERT INTO `room_facility` VALUES (144, 9, 49, '2023-08-13 23:54:31', NULL, 1);
INSERT INTO `room_facility` VALUES (145, 9, 50, '2023-08-13 23:54:31', NULL, 1);
INSERT INTO `room_facility` VALUES (146, 9, 51, '2023-08-13 23:54:31', NULL, 1);
INSERT INTO `room_facility` VALUES (147, 9, 52, '2023-08-13 23:54:31', NULL, 1);
INSERT INTO `room_facility` VALUES (148, 9, 53, '2023-08-13 23:54:31', NULL, 1);
INSERT INTO `room_facility` VALUES (149, 9, 54, '2023-08-13 23:54:31', NULL, 1);
INSERT INTO `room_facility` VALUES (150, 9, 55, '2023-08-13 23:54:31', NULL, 1);
INSERT INTO `room_facility` VALUES (151, 9, 56, '2023-08-13 23:54:31', NULL, 1);
INSERT INTO `room_facility` VALUES (152, 11, 28, '2023-08-13 23:57:42', NULL, 1);
INSERT INTO `room_facility` VALUES (153, 11, 29, '2023-08-13 23:57:42', NULL, 1);
INSERT INTO `room_facility` VALUES (154, 11, 30, '2023-08-13 23:57:42', NULL, 1);
INSERT INTO `room_facility` VALUES (155, 11, 48, '2023-08-13 23:57:42', NULL, 1);
INSERT INTO `room_facility` VALUES (156, 11, 49, '2023-08-13 23:57:42', NULL, 1);
INSERT INTO `room_facility` VALUES (157, 11, 50, '2023-08-13 23:57:42', NULL, 1);
INSERT INTO `room_facility` VALUES (158, 11, 51, '2023-08-13 23:57:42', NULL, 1);
INSERT INTO `room_facility` VALUES (159, 11, 52, '2023-08-13 23:57:42', NULL, 1);
INSERT INTO `room_facility` VALUES (160, 11, 53, '2023-08-13 23:57:42', NULL, 1);
INSERT INTO `room_facility` VALUES (161, 11, 54, '2023-08-13 23:57:42', NULL, 1);
INSERT INTO `room_facility` VALUES (162, 11, 55, '2023-08-13 23:57:42', NULL, 1);
INSERT INTO `room_facility` VALUES (163, 11, 56, '2023-08-13 23:57:42', NULL, 1);
INSERT INTO `room_facility` VALUES (164, 12, 28, '2023-08-13 23:58:53', NULL, 1);
INSERT INTO `room_facility` VALUES (165, 12, 29, '2023-08-13 23:58:53', NULL, 1);
INSERT INTO `room_facility` VALUES (166, 12, 30, '2023-08-13 23:58:53', NULL, 1);
INSERT INTO `room_facility` VALUES (167, 12, 48, '2023-08-13 23:58:53', NULL, 1);
INSERT INTO `room_facility` VALUES (168, 12, 49, '2023-08-13 23:58:53', NULL, 1);
INSERT INTO `room_facility` VALUES (169, 12, 50, '2023-08-13 23:58:53', NULL, 1);
INSERT INTO `room_facility` VALUES (170, 12, 51, '2023-08-13 23:58:53', NULL, 1);
INSERT INTO `room_facility` VALUES (171, 12, 52, '2023-08-13 23:58:53', NULL, 1);
INSERT INTO `room_facility` VALUES (172, 12, 53, '2023-08-13 23:58:53', NULL, 1);
INSERT INTO `room_facility` VALUES (173, 12, 54, '2023-08-13 23:58:53', NULL, 1);
INSERT INTO `room_facility` VALUES (174, 12, 55, '2023-08-13 23:58:53', NULL, 1);
INSERT INTO `room_facility` VALUES (175, 12, 56, '2023-08-13 23:58:53', NULL, 1);
INSERT INTO `room_facility` VALUES (176, 13, 49, '2023-08-13 23:59:50', NULL, 1);
INSERT INTO `room_facility` VALUES (177, 13, 28, '2023-08-13 23:59:50', NULL, 1);
INSERT INTO `room_facility` VALUES (178, 13, 29, '2023-08-13 23:59:50', NULL, 1);
INSERT INTO `room_facility` VALUES (179, 13, 30, '2023-08-13 23:59:50', NULL, 1);
INSERT INTO `room_facility` VALUES (180, 13, 48, '2023-08-13 23:59:50', NULL, 1);
INSERT INTO `room_facility` VALUES (181, 13, 50, '2023-08-13 23:59:50', NULL, 1);
INSERT INTO `room_facility` VALUES (182, 13, 51, '2023-08-13 23:59:50', NULL, 1);
INSERT INTO `room_facility` VALUES (183, 13, 52, '2023-08-13 23:59:50', NULL, 1);
INSERT INTO `room_facility` VALUES (184, 13, 53, '2023-08-13 23:59:50', NULL, 1);
INSERT INTO `room_facility` VALUES (185, 13, 54, '2023-08-13 23:59:50', NULL, 1);
INSERT INTO `room_facility` VALUES (186, 13, 55, '2023-08-13 23:59:50', NULL, 1);
INSERT INTO `room_facility` VALUES (187, 13, 56, '2023-08-13 23:59:50', NULL, 1);
INSERT INTO `room_facility` VALUES (188, 11, 28, '2023-08-14 00:00:35', NULL, 1);
INSERT INTO `room_facility` VALUES (189, 11, 29, '2023-08-14 00:00:35', NULL, 1);
INSERT INTO `room_facility` VALUES (190, 11, 30, '2023-08-14 00:00:35', NULL, 1);
INSERT INTO `room_facility` VALUES (191, 11, 48, '2023-08-14 00:00:35', NULL, 1);
INSERT INTO `room_facility` VALUES (192, 11, 49, '2023-08-14 00:00:35', NULL, 1);
INSERT INTO `room_facility` VALUES (193, 11, 50, '2023-08-14 00:00:35', NULL, 1);
INSERT INTO `room_facility` VALUES (194, 11, 51, '2023-08-14 00:00:35', NULL, 1);
INSERT INTO `room_facility` VALUES (195, 11, 52, '2023-08-14 00:00:35', NULL, 1);
INSERT INTO `room_facility` VALUES (196, 11, 53, '2023-08-14 00:00:35', NULL, 1);
INSERT INTO `room_facility` VALUES (197, 11, 54, '2023-08-14 00:00:35', NULL, 1);
INSERT INTO `room_facility` VALUES (198, 11, 55, '2023-08-14 00:00:35', NULL, 1);
INSERT INTO `room_facility` VALUES (199, 11, 56, '2023-08-14 00:00:35', NULL, 1);
INSERT INTO `room_facility` VALUES (200, 14, 28, '2023-08-14 00:06:39', NULL, 1);
INSERT INTO `room_facility` VALUES (201, 14, 29, '2023-08-14 00:06:39', NULL, 1);
INSERT INTO `room_facility` VALUES (202, 14, 30, '2023-08-14 00:06:39', NULL, 1);
INSERT INTO `room_facility` VALUES (203, 14, 48, '2023-08-14 00:06:39', NULL, 1);
INSERT INTO `room_facility` VALUES (204, 14, 49, '2023-08-14 00:06:39', NULL, 1);
INSERT INTO `room_facility` VALUES (205, 14, 50, '2023-08-14 00:06:39', NULL, 1);
INSERT INTO `room_facility` VALUES (206, 14, 51, '2023-08-14 00:06:39', NULL, 1);
INSERT INTO `room_facility` VALUES (207, 14, 52, '2023-08-14 00:06:39', NULL, 1);
INSERT INTO `room_facility` VALUES (208, 14, 53, '2023-08-14 00:06:39', NULL, 1);
INSERT INTO `room_facility` VALUES (209, 14, 54, '2023-08-14 00:06:39', NULL, 1);
INSERT INTO `room_facility` VALUES (210, 14, 55, '2023-08-14 00:06:39', NULL, 1);
INSERT INTO `room_facility` VALUES (211, 14, 56, '2023-08-14 00:06:39', NULL, 1);
INSERT INTO `room_facility` VALUES (212, 15, 28, '2023-08-14 00:07:43', NULL, 1);
INSERT INTO `room_facility` VALUES (213, 15, 29, '2023-08-14 00:07:43', NULL, 1);
INSERT INTO `room_facility` VALUES (214, 15, 30, '2023-08-14 00:07:43', NULL, 1);
INSERT INTO `room_facility` VALUES (215, 15, 48, '2023-08-14 00:07:43', NULL, 1);
INSERT INTO `room_facility` VALUES (216, 15, 49, '2023-08-14 00:07:43', NULL, 1);
INSERT INTO `room_facility` VALUES (217, 15, 50, '2023-08-14 00:07:43', NULL, 1);
INSERT INTO `room_facility` VALUES (218, 15, 51, '2023-08-14 00:07:43', NULL, 1);
INSERT INTO `room_facility` VALUES (219, 15, 52, '2023-08-14 00:07:43', NULL, 1);
INSERT INTO `room_facility` VALUES (220, 15, 53, '2023-08-14 00:07:43', NULL, 1);
INSERT INTO `room_facility` VALUES (221, 15, 54, '2023-08-14 00:07:43', NULL, 1);
INSERT INTO `room_facility` VALUES (222, 15, 55, '2023-08-14 00:07:43', NULL, 1);
INSERT INTO `room_facility` VALUES (223, 15, 56, '2023-08-14 00:07:43', NULL, 1);
INSERT INTO `room_facility` VALUES (224, 12, 28, '2023-08-14 00:07:58', NULL, 1);
INSERT INTO `room_facility` VALUES (225, 12, 29, '2023-08-14 00:07:58', NULL, 1);
INSERT INTO `room_facility` VALUES (226, 12, 30, '2023-08-14 00:07:58', NULL, 1);
INSERT INTO `room_facility` VALUES (227, 12, 48, '2023-08-14 00:07:58', NULL, 1);
INSERT INTO `room_facility` VALUES (228, 12, 49, '2023-08-14 00:07:58', NULL, 1);
INSERT INTO `room_facility` VALUES (229, 12, 50, '2023-08-14 00:07:58', NULL, 1);
INSERT INTO `room_facility` VALUES (230, 12, 51, '2023-08-14 00:07:58', NULL, 1);
INSERT INTO `room_facility` VALUES (231, 12, 52, '2023-08-14 00:07:58', NULL, 1);
INSERT INTO `room_facility` VALUES (232, 12, 53, '2023-08-14 00:07:58', NULL, 1);
INSERT INTO `room_facility` VALUES (233, 12, 54, '2023-08-14 00:07:58', NULL, 1);
INSERT INTO `room_facility` VALUES (234, 12, 55, '2023-08-14 00:07:58', NULL, 1);
INSERT INTO `room_facility` VALUES (235, 12, 56, '2023-08-14 00:07:58', NULL, 1);
INSERT INTO `room_facility` VALUES (236, 16, 28, '2023-08-14 00:09:07', NULL, 1);
INSERT INTO `room_facility` VALUES (237, 16, 29, '2023-08-14 00:09:07', NULL, 1);
INSERT INTO `room_facility` VALUES (238, 16, 30, '2023-08-14 00:09:07', NULL, 1);
INSERT INTO `room_facility` VALUES (239, 16, 48, '2023-08-14 00:09:07', NULL, 1);
INSERT INTO `room_facility` VALUES (240, 16, 49, '2023-08-14 00:09:07', NULL, 1);
INSERT INTO `room_facility` VALUES (241, 16, 50, '2023-08-14 00:09:07', NULL, 1);
INSERT INTO `room_facility` VALUES (242, 16, 51, '2023-08-14 00:09:07', NULL, 1);
INSERT INTO `room_facility` VALUES (243, 16, 52, '2023-08-14 00:09:07', NULL, 1);
INSERT INTO `room_facility` VALUES (244, 16, 53, '2023-08-14 00:09:07', NULL, 1);
INSERT INTO `room_facility` VALUES (245, 16, 54, '2023-08-14 00:09:07', NULL, 1);
INSERT INTO `room_facility` VALUES (246, 16, 55, '2023-08-14 00:09:07', NULL, 1);
INSERT INTO `room_facility` VALUES (247, 16, 56, '2023-08-14 00:09:07', NULL, 1);
INSERT INTO `room_facility` VALUES (248, 17, 28, '2023-08-14 10:36:19', NULL, 1);
INSERT INTO `room_facility` VALUES (249, 17, 29, '2023-08-14 10:36:19', NULL, 1);
INSERT INTO `room_facility` VALUES (250, 17, 30, '2023-08-14 10:36:19', NULL, 1);
INSERT INTO `room_facility` VALUES (251, 17, 48, '2023-08-14 10:36:19', NULL, 1);
INSERT INTO `room_facility` VALUES (252, 17, 49, '2023-08-14 10:36:19', NULL, 1);
INSERT INTO `room_facility` VALUES (253, 17, 50, '2023-08-14 10:36:19', NULL, 1);
INSERT INTO `room_facility` VALUES (254, 17, 51, '2023-08-14 10:36:19', NULL, 1);
INSERT INTO `room_facility` VALUES (255, 17, 52, '2023-08-14 10:36:19', NULL, 1);
INSERT INTO `room_facility` VALUES (256, 17, 53, '2023-08-14 10:36:19', NULL, 1);
INSERT INTO `room_facility` VALUES (257, 17, 54, '2023-08-14 10:36:19', NULL, 1);
INSERT INTO `room_facility` VALUES (258, 17, 55, '2023-08-14 10:36:19', NULL, 1);
INSERT INTO `room_facility` VALUES (259, 17, 56, '2023-08-14 10:36:19', NULL, 1);
INSERT INTO `room_facility` VALUES (260, 2, 28, '2023-08-14 12:31:24', NULL, 1);
INSERT INTO `room_facility` VALUES (261, 2, 29, '2023-08-14 12:31:24', NULL, 1);
INSERT INTO `room_facility` VALUES (262, 2, 30, '2023-08-14 12:31:24', NULL, 1);
INSERT INTO `room_facility` VALUES (263, 2, 48, '2023-08-14 12:31:24', NULL, 1);
INSERT INTO `room_facility` VALUES (264, 2, 49, '2023-08-14 12:31:24', NULL, 1);
INSERT INTO `room_facility` VALUES (265, 2, 50, '2023-08-14 12:31:24', NULL, 1);
INSERT INTO `room_facility` VALUES (266, 2, 51, '2023-08-14 12:31:24', NULL, 1);
INSERT INTO `room_facility` VALUES (267, 2, 54, '2023-08-14 12:31:24', NULL, 1);
INSERT INTO `room_facility` VALUES (268, 2, 52, '2023-08-14 12:31:24', NULL, 1);
INSERT INTO `room_facility` VALUES (269, 2, 53, '2023-08-14 12:31:24', NULL, 1);
INSERT INTO `room_facility` VALUES (270, 2, 55, '2023-08-14 12:31:24', NULL, 1);
INSERT INTO `room_facility` VALUES (271, 2, 56, '2023-08-14 12:31:24', NULL, 1);
INSERT INTO `room_facility` VALUES (272, 3, 28, '2023-08-14 12:31:46', NULL, 1);
INSERT INTO `room_facility` VALUES (273, 3, 29, '2023-08-14 12:31:46', NULL, 1);
INSERT INTO `room_facility` VALUES (274, 3, 30, '2023-08-14 12:31:46', NULL, 1);
INSERT INTO `room_facility` VALUES (275, 3, 48, '2023-08-14 12:31:46', NULL, 1);
INSERT INTO `room_facility` VALUES (276, 3, 49, '2023-08-14 12:31:46', NULL, 1);
INSERT INTO `room_facility` VALUES (277, 3, 50, '2023-08-14 12:31:46', NULL, 1);
INSERT INTO `room_facility` VALUES (278, 3, 51, '2023-08-14 12:31:46', NULL, 1);
INSERT INTO `room_facility` VALUES (279, 3, 53, '2023-08-14 12:31:46', NULL, 1);
INSERT INTO `room_facility` VALUES (280, 3, 52, '2023-08-14 12:31:46', NULL, 1);
INSERT INTO `room_facility` VALUES (281, 3, 54, '2023-08-14 12:31:46', NULL, 1);
INSERT INTO `room_facility` VALUES (282, 3, 55, '2023-08-14 12:31:46', NULL, 1);
INSERT INTO `room_facility` VALUES (283, 3, 56, '2023-08-14 12:31:46', NULL, 1);
INSERT INTO `room_facility` VALUES (284, 8, 28, '2023-08-14 12:32:33', NULL, 1);
INSERT INTO `room_facility` VALUES (285, 8, 29, '2023-08-14 12:32:33', NULL, 1);
INSERT INTO `room_facility` VALUES (286, 8, 30, '2023-08-14 12:32:33', NULL, 1);
INSERT INTO `room_facility` VALUES (287, 8, 48, '2023-08-14 12:32:33', NULL, 1);
INSERT INTO `room_facility` VALUES (288, 8, 49, '2023-08-14 12:32:33', NULL, 1);
INSERT INTO `room_facility` VALUES (289, 8, 50, '2023-08-14 12:32:33', NULL, 1);
INSERT INTO `room_facility` VALUES (290, 8, 51, '2023-08-14 12:32:33', NULL, 1);
INSERT INTO `room_facility` VALUES (291, 8, 52, '2023-08-14 12:32:33', NULL, 1);
INSERT INTO `room_facility` VALUES (292, 8, 53, '2023-08-14 12:32:33', NULL, 1);
INSERT INTO `room_facility` VALUES (293, 8, 54, '2023-08-14 12:32:33', NULL, 1);
INSERT INTO `room_facility` VALUES (294, 8, 55, '2023-08-14 12:32:33', NULL, 1);
INSERT INTO `room_facility` VALUES (295, 8, 56, '2023-08-14 12:32:33', NULL, 1);
INSERT INTO `room_facility` VALUES (296, 9, 28, '2023-08-14 12:32:42', NULL, 1);
INSERT INTO `room_facility` VALUES (297, 9, 29, '2023-08-14 12:32:42', NULL, 1);
INSERT INTO `room_facility` VALUES (298, 9, 30, '2023-08-14 12:32:42', NULL, 1);
INSERT INTO `room_facility` VALUES (299, 9, 48, '2023-08-14 12:32:42', NULL, 1);
INSERT INTO `room_facility` VALUES (300, 9, 49, '2023-08-14 12:32:42', NULL, 1);
INSERT INTO `room_facility` VALUES (301, 9, 50, '2023-08-14 12:32:42', NULL, 1);
INSERT INTO `room_facility` VALUES (302, 9, 51, '2023-08-14 12:32:42', NULL, 1);
INSERT INTO `room_facility` VALUES (303, 9, 52, '2023-08-14 12:32:42', NULL, 1);
INSERT INTO `room_facility` VALUES (304, 9, 53, '2023-08-14 12:32:42', NULL, 1);
INSERT INTO `room_facility` VALUES (305, 9, 54, '2023-08-14 12:32:42', NULL, 1);
INSERT INTO `room_facility` VALUES (306, 9, 55, '2023-08-14 12:32:42', NULL, 1);
INSERT INTO `room_facility` VALUES (307, 9, 56, '2023-08-14 12:32:42', NULL, 1);
INSERT INTO `room_facility` VALUES (308, 9, 28, '2023-08-14 12:32:53', NULL, 1);
INSERT INTO `room_facility` VALUES (309, 9, 29, '2023-08-14 12:32:53', NULL, 1);
INSERT INTO `room_facility` VALUES (310, 9, 30, '2023-08-14 12:32:53', NULL, 1);
INSERT INTO `room_facility` VALUES (311, 9, 48, '2023-08-14 12:32:53', NULL, 1);
INSERT INTO `room_facility` VALUES (312, 9, 49, '2023-08-14 12:32:53', NULL, 1);
INSERT INTO `room_facility` VALUES (313, 9, 50, '2023-08-14 12:32:53', NULL, 1);
INSERT INTO `room_facility` VALUES (314, 9, 51, '2023-08-14 12:32:53', NULL, 1);
INSERT INTO `room_facility` VALUES (315, 9, 52, '2023-08-14 12:32:53', NULL, 1);
INSERT INTO `room_facility` VALUES (316, 9, 53, '2023-08-14 12:32:53', NULL, 1);
INSERT INTO `room_facility` VALUES (317, 9, 54, '2023-08-14 12:32:53', NULL, 1);
INSERT INTO `room_facility` VALUES (318, 9, 55, '2023-08-14 12:32:53', NULL, 1);
INSERT INTO `room_facility` VALUES (319, 9, 56, '2023-08-14 12:32:53', NULL, 1);
INSERT INTO `room_facility` VALUES (320, 10, 28, '2023-08-14 12:33:13', NULL, 1);
INSERT INTO `room_facility` VALUES (321, 10, 29, '2023-08-14 12:33:13', NULL, 1);
INSERT INTO `room_facility` VALUES (322, 10, 30, '2023-08-14 12:33:13', NULL, 1);
INSERT INTO `room_facility` VALUES (323, 10, 48, '2023-08-14 12:33:13', NULL, 1);
INSERT INTO `room_facility` VALUES (324, 10, 49, '2023-08-14 12:33:13', NULL, 1);
INSERT INTO `room_facility` VALUES (325, 10, 50, '2023-08-14 12:33:13', NULL, 1);
INSERT INTO `room_facility` VALUES (326, 10, 51, '2023-08-14 12:33:13', NULL, 1);
INSERT INTO `room_facility` VALUES (327, 10, 52, '2023-08-14 12:33:13', NULL, 1);
INSERT INTO `room_facility` VALUES (328, 10, 53, '2023-08-14 12:33:13', NULL, 1);
INSERT INTO `room_facility` VALUES (329, 10, 54, '2023-08-14 12:33:13', NULL, 1);
INSERT INTO `room_facility` VALUES (330, 10, 55, '2023-08-14 12:33:13', NULL, 1);
INSERT INTO `room_facility` VALUES (331, 10, 56, '2023-08-14 12:33:13', NULL, 1);
INSERT INTO `room_facility` VALUES (332, 11, 28, '2023-08-14 12:33:33', NULL, 1);
INSERT INTO `room_facility` VALUES (333, 11, 29, '2023-08-14 12:33:33', NULL, 1);
INSERT INTO `room_facility` VALUES (334, 11, 30, '2023-08-14 12:33:33', NULL, 1);
INSERT INTO `room_facility` VALUES (335, 11, 48, '2023-08-14 12:33:33', NULL, 1);
INSERT INTO `room_facility` VALUES (336, 11, 49, '2023-08-14 12:33:33', NULL, 1);
INSERT INTO `room_facility` VALUES (337, 11, 50, '2023-08-14 12:33:33', NULL, 1);
INSERT INTO `room_facility` VALUES (338, 11, 51, '2023-08-14 12:33:33', NULL, 1);
INSERT INTO `room_facility` VALUES (339, 11, 52, '2023-08-14 12:33:33', NULL, 1);
INSERT INTO `room_facility` VALUES (340, 11, 53, '2023-08-14 12:33:33', NULL, 1);
INSERT INTO `room_facility` VALUES (341, 11, 54, '2023-08-14 12:33:33', NULL, 1);
INSERT INTO `room_facility` VALUES (342, 11, 55, '2023-08-14 12:33:33', NULL, 1);
INSERT INTO `room_facility` VALUES (343, 11, 56, '2023-08-14 12:33:33', NULL, 1);
INSERT INTO `room_facility` VALUES (344, 12, 28, '2023-08-14 12:33:45', NULL, 1);
INSERT INTO `room_facility` VALUES (345, 12, 29, '2023-08-14 12:33:45', NULL, 1);
INSERT INTO `room_facility` VALUES (346, 12, 30, '2023-08-14 12:33:45', NULL, 1);
INSERT INTO `room_facility` VALUES (347, 12, 48, '2023-08-14 12:33:45', NULL, 1);
INSERT INTO `room_facility` VALUES (348, 12, 49, '2023-08-14 12:33:45', NULL, 1);
INSERT INTO `room_facility` VALUES (349, 12, 50, '2023-08-14 12:33:45', NULL, 1);
INSERT INTO `room_facility` VALUES (350, 12, 51, '2023-08-14 12:33:45', NULL, 1);
INSERT INTO `room_facility` VALUES (351, 12, 52, '2023-08-14 12:33:45', NULL, 1);
INSERT INTO `room_facility` VALUES (352, 12, 53, '2023-08-14 12:33:45', NULL, 1);
INSERT INTO `room_facility` VALUES (353, 12, 54, '2023-08-14 12:33:45', NULL, 1);
INSERT INTO `room_facility` VALUES (354, 12, 55, '2023-08-14 12:33:45', NULL, 1);
INSERT INTO `room_facility` VALUES (355, 12, 56, '2023-08-14 12:33:45', NULL, 1);
INSERT INTO `room_facility` VALUES (356, 13, 49, '2023-08-14 12:33:57', NULL, 1);
INSERT INTO `room_facility` VALUES (357, 13, 28, '2023-08-14 12:33:57', NULL, 1);
INSERT INTO `room_facility` VALUES (358, 13, 29, '2023-08-14 12:33:57', NULL, 1);
INSERT INTO `room_facility` VALUES (359, 13, 30, '2023-08-14 12:33:57', NULL, 1);
INSERT INTO `room_facility` VALUES (360, 13, 48, '2023-08-14 12:33:57', NULL, 1);
INSERT INTO `room_facility` VALUES (361, 13, 50, '2023-08-14 12:33:57', NULL, 1);
INSERT INTO `room_facility` VALUES (362, 13, 51, '2023-08-14 12:33:57', NULL, 1);
INSERT INTO `room_facility` VALUES (363, 13, 52, '2023-08-14 12:33:57', NULL, 1);
INSERT INTO `room_facility` VALUES (364, 13, 53, '2023-08-14 12:33:57', NULL, 1);
INSERT INTO `room_facility` VALUES (365, 13, 54, '2023-08-14 12:33:57', NULL, 1);
INSERT INTO `room_facility` VALUES (366, 13, 55, '2023-08-14 12:33:57', NULL, 1);
INSERT INTO `room_facility` VALUES (367, 13, 56, '2023-08-14 12:33:57', NULL, 1);
INSERT INTO `room_facility` VALUES (368, 14, 28, '2023-08-14 12:34:08', NULL, 1);
INSERT INTO `room_facility` VALUES (369, 14, 29, '2023-08-14 12:34:08', NULL, 1);
INSERT INTO `room_facility` VALUES (370, 14, 30, '2023-08-14 12:34:08', NULL, 1);
INSERT INTO `room_facility` VALUES (371, 14, 48, '2023-08-14 12:34:08', NULL, 1);
INSERT INTO `room_facility` VALUES (372, 14, 49, '2023-08-14 12:34:08', NULL, 1);
INSERT INTO `room_facility` VALUES (373, 14, 50, '2023-08-14 12:34:08', NULL, 1);
INSERT INTO `room_facility` VALUES (374, 14, 51, '2023-08-14 12:34:08', NULL, 1);
INSERT INTO `room_facility` VALUES (375, 14, 52, '2023-08-14 12:34:08', NULL, 1);
INSERT INTO `room_facility` VALUES (376, 14, 53, '2023-08-14 12:34:08', NULL, 1);
INSERT INTO `room_facility` VALUES (377, 14, 54, '2023-08-14 12:34:08', NULL, 1);
INSERT INTO `room_facility` VALUES (378, 14, 55, '2023-08-14 12:34:08', NULL, 1);
INSERT INTO `room_facility` VALUES (379, 14, 56, '2023-08-14 12:34:08', NULL, 1);
INSERT INTO `room_facility` VALUES (380, 15, 28, '2023-08-14 12:34:20', NULL, 1);
INSERT INTO `room_facility` VALUES (381, 15, 29, '2023-08-14 12:34:20', NULL, 1);
INSERT INTO `room_facility` VALUES (382, 15, 30, '2023-08-14 12:34:20', NULL, 1);
INSERT INTO `room_facility` VALUES (383, 15, 48, '2023-08-14 12:34:20', NULL, 1);
INSERT INTO `room_facility` VALUES (384, 15, 49, '2023-08-14 12:34:20', NULL, 1);
INSERT INTO `room_facility` VALUES (385, 15, 50, '2023-08-14 12:34:20', NULL, 1);
INSERT INTO `room_facility` VALUES (386, 15, 51, '2023-08-14 12:34:20', NULL, 1);
INSERT INTO `room_facility` VALUES (387, 15, 52, '2023-08-14 12:34:20', NULL, 1);
INSERT INTO `room_facility` VALUES (388, 15, 53, '2023-08-14 12:34:20', NULL, 1);
INSERT INTO `room_facility` VALUES (389, 15, 54, '2023-08-14 12:34:20', NULL, 1);
INSERT INTO `room_facility` VALUES (390, 15, 55, '2023-08-14 12:34:20', NULL, 1);
INSERT INTO `room_facility` VALUES (391, 15, 56, '2023-08-14 12:34:20', NULL, 1);
INSERT INTO `room_facility` VALUES (392, 16, 28, '2023-08-14 12:34:45', NULL, 1);
INSERT INTO `room_facility` VALUES (393, 16, 29, '2023-08-14 12:34:45', NULL, 1);
INSERT INTO `room_facility` VALUES (394, 16, 30, '2023-08-14 12:34:45', NULL, 1);
INSERT INTO `room_facility` VALUES (395, 16, 48, '2023-08-14 12:34:45', NULL, 1);
INSERT INTO `room_facility` VALUES (396, 16, 49, '2023-08-14 12:34:45', NULL, 1);
INSERT INTO `room_facility` VALUES (397, 16, 50, '2023-08-14 12:34:45', NULL, 1);
INSERT INTO `room_facility` VALUES (398, 16, 51, '2023-08-14 12:34:45', NULL, 1);
INSERT INTO `room_facility` VALUES (399, 16, 52, '2023-08-14 12:34:45', NULL, 1);
INSERT INTO `room_facility` VALUES (400, 16, 53, '2023-08-14 12:34:45', NULL, 1);
INSERT INTO `room_facility` VALUES (401, 16, 54, '2023-08-14 12:34:45', NULL, 1);
INSERT INTO `room_facility` VALUES (402, 16, 55, '2023-08-14 12:34:45', NULL, 1);
INSERT INTO `room_facility` VALUES (403, 16, 56, '2023-08-14 12:34:45', NULL, 1);
INSERT INTO `room_facility` VALUES (404, 17, 28, '2023-08-14 12:35:08', NULL, 1);
INSERT INTO `room_facility` VALUES (405, 17, 29, '2023-08-14 12:35:08', NULL, 1);
INSERT INTO `room_facility` VALUES (406, 17, 30, '2023-08-14 12:35:08', NULL, 1);
INSERT INTO `room_facility` VALUES (407, 17, 48, '2023-08-14 12:35:08', NULL, 1);
INSERT INTO `room_facility` VALUES (408, 17, 49, '2023-08-14 12:35:08', NULL, 1);
INSERT INTO `room_facility` VALUES (409, 17, 50, '2023-08-14 12:35:08', NULL, 1);
INSERT INTO `room_facility` VALUES (410, 17, 51, '2023-08-14 12:35:08', NULL, 1);
INSERT INTO `room_facility` VALUES (411, 17, 52, '2023-08-14 12:35:08', NULL, 1);
INSERT INTO `room_facility` VALUES (412, 17, 53, '2023-08-14 12:35:08', NULL, 1);
INSERT INTO `room_facility` VALUES (413, 17, 54, '2023-08-14 12:35:08', NULL, 1);
INSERT INTO `room_facility` VALUES (414, 17, 55, '2023-08-14 12:35:08', NULL, 1);
INSERT INTO `room_facility` VALUES (415, 17, 56, '2023-08-14 12:35:08', NULL, 1);
INSERT INTO `room_facility` VALUES (416, 2, 28, '2023-08-19 15:46:10', NULL, 0);
INSERT INTO `room_facility` VALUES (417, 2, 29, '2023-08-19 15:46:10', NULL, 0);
INSERT INTO `room_facility` VALUES (418, 2, 30, '2023-08-19 15:46:10', NULL, 0);
INSERT INTO `room_facility` VALUES (419, 2, 48, '2023-08-19 15:46:10', NULL, 0);
INSERT INTO `room_facility` VALUES (420, 2, 49, '2023-08-19 15:46:10', NULL, 0);
INSERT INTO `room_facility` VALUES (421, 2, 50, '2023-08-19 15:46:10', NULL, 0);
INSERT INTO `room_facility` VALUES (422, 2, 51, '2023-08-19 15:46:10', NULL, 0);
INSERT INTO `room_facility` VALUES (423, 2, 54, '2023-08-19 15:46:10', NULL, 0);
INSERT INTO `room_facility` VALUES (424, 2, 52, '2023-08-19 15:46:10', NULL, 0);
INSERT INTO `room_facility` VALUES (425, 2, 53, '2023-08-19 15:46:10', NULL, 0);
INSERT INTO `room_facility` VALUES (426, 2, 55, '2023-08-19 15:46:10', NULL, 0);
INSERT INTO `room_facility` VALUES (427, 2, 56, '2023-08-19 15:46:10', NULL, 0);
INSERT INTO `room_facility` VALUES (428, 3, 28, '2023-08-19 15:46:32', NULL, 0);
INSERT INTO `room_facility` VALUES (429, 3, 29, '2023-08-19 15:46:32', NULL, 0);
INSERT INTO `room_facility` VALUES (430, 3, 30, '2023-08-19 15:46:32', NULL, 0);
INSERT INTO `room_facility` VALUES (431, 3, 48, '2023-08-19 15:46:32', NULL, 0);
INSERT INTO `room_facility` VALUES (432, 3, 49, '2023-08-19 15:46:32', NULL, 0);
INSERT INTO `room_facility` VALUES (433, 3, 50, '2023-08-19 15:46:32', NULL, 0);
INSERT INTO `room_facility` VALUES (434, 3, 51, '2023-08-19 15:46:32', NULL, 0);
INSERT INTO `room_facility` VALUES (435, 3, 53, '2023-08-19 15:46:32', NULL, 0);
INSERT INTO `room_facility` VALUES (436, 3, 52, '2023-08-19 15:46:32', NULL, 0);
INSERT INTO `room_facility` VALUES (437, 3, 54, '2023-08-19 15:46:32', NULL, 0);
INSERT INTO `room_facility` VALUES (438, 3, 55, '2023-08-19 15:46:32', NULL, 0);
INSERT INTO `room_facility` VALUES (439, 3, 56, '2023-08-19 15:46:32', NULL, 0);
INSERT INTO `room_facility` VALUES (440, 8, 28, '2023-08-19 15:46:49', NULL, 0);
INSERT INTO `room_facility` VALUES (441, 8, 29, '2023-08-19 15:46:49', NULL, 0);
INSERT INTO `room_facility` VALUES (442, 8, 30, '2023-08-19 15:46:49', NULL, 0);
INSERT INTO `room_facility` VALUES (443, 8, 48, '2023-08-19 15:46:49', NULL, 0);
INSERT INTO `room_facility` VALUES (444, 8, 49, '2023-08-19 15:46:49', NULL, 0);
INSERT INTO `room_facility` VALUES (445, 8, 50, '2023-08-19 15:46:49', NULL, 0);
INSERT INTO `room_facility` VALUES (446, 8, 51, '2023-08-19 15:46:49', NULL, 0);
INSERT INTO `room_facility` VALUES (447, 8, 52, '2023-08-19 15:46:49', NULL, 0);
INSERT INTO `room_facility` VALUES (448, 8, 53, '2023-08-19 15:46:49', NULL, 0);
INSERT INTO `room_facility` VALUES (449, 8, 54, '2023-08-19 15:46:49', NULL, 0);
INSERT INTO `room_facility` VALUES (450, 8, 55, '2023-08-19 15:46:49', NULL, 0);
INSERT INTO `room_facility` VALUES (451, 8, 56, '2023-08-19 15:46:49', NULL, 0);
INSERT INTO `room_facility` VALUES (452, 9, 28, '2023-08-19 15:47:08', NULL, 0);
INSERT INTO `room_facility` VALUES (453, 9, 29, '2023-08-19 15:47:08', NULL, 0);
INSERT INTO `room_facility` VALUES (454, 9, 30, '2023-08-19 15:47:08', NULL, 0);
INSERT INTO `room_facility` VALUES (455, 9, 48, '2023-08-19 15:47:08', NULL, 0);
INSERT INTO `room_facility` VALUES (456, 9, 49, '2023-08-19 15:47:08', NULL, 0);
INSERT INTO `room_facility` VALUES (457, 9, 50, '2023-08-19 15:47:08', NULL, 0);
INSERT INTO `room_facility` VALUES (458, 9, 51, '2023-08-19 15:47:08', NULL, 0);
INSERT INTO `room_facility` VALUES (459, 9, 52, '2023-08-19 15:47:08', NULL, 0);
INSERT INTO `room_facility` VALUES (460, 9, 53, '2023-08-19 15:47:08', NULL, 0);
INSERT INTO `room_facility` VALUES (461, 9, 54, '2023-08-19 15:47:08', NULL, 0);
INSERT INTO `room_facility` VALUES (462, 9, 55, '2023-08-19 15:47:08', NULL, 0);
INSERT INTO `room_facility` VALUES (463, 9, 56, '2023-08-19 15:47:08', NULL, 0);
INSERT INTO `room_facility` VALUES (464, 10, 28, '2023-08-19 15:47:28', NULL, 0);
INSERT INTO `room_facility` VALUES (465, 10, 29, '2023-08-19 15:47:28', NULL, 0);
INSERT INTO `room_facility` VALUES (466, 10, 30, '2023-08-19 15:47:28', NULL, 0);
INSERT INTO `room_facility` VALUES (467, 10, 48, '2023-08-19 15:47:28', NULL, 0);
INSERT INTO `room_facility` VALUES (468, 10, 49, '2023-08-19 15:47:28', NULL, 0);
INSERT INTO `room_facility` VALUES (469, 10, 50, '2023-08-19 15:47:28', NULL, 0);
INSERT INTO `room_facility` VALUES (470, 10, 51, '2023-08-19 15:47:28', NULL, 0);
INSERT INTO `room_facility` VALUES (471, 10, 52, '2023-08-19 15:47:28', NULL, 0);
INSERT INTO `room_facility` VALUES (472, 10, 53, '2023-08-19 15:47:28', NULL, 0);
INSERT INTO `room_facility` VALUES (473, 10, 54, '2023-08-19 15:47:28', NULL, 0);
INSERT INTO `room_facility` VALUES (474, 10, 55, '2023-08-19 15:47:28', NULL, 0);
INSERT INTO `room_facility` VALUES (475, 10, 56, '2023-08-19 15:47:28', NULL, 0);
INSERT INTO `room_facility` VALUES (476, 12, 28, '2023-08-19 15:47:45', NULL, 0);
INSERT INTO `room_facility` VALUES (477, 12, 29, '2023-08-19 15:47:45', NULL, 0);
INSERT INTO `room_facility` VALUES (478, 12, 30, '2023-08-19 15:47:45', NULL, 0);
INSERT INTO `room_facility` VALUES (479, 12, 48, '2023-08-19 15:47:45', NULL, 0);
INSERT INTO `room_facility` VALUES (480, 12, 49, '2023-08-19 15:47:45', NULL, 0);
INSERT INTO `room_facility` VALUES (481, 12, 50, '2023-08-19 15:47:45', NULL, 0);
INSERT INTO `room_facility` VALUES (482, 12, 51, '2023-08-19 15:47:45', NULL, 0);
INSERT INTO `room_facility` VALUES (483, 12, 52, '2023-08-19 15:47:45', NULL, 0);
INSERT INTO `room_facility` VALUES (484, 12, 53, '2023-08-19 15:47:45', NULL, 0);
INSERT INTO `room_facility` VALUES (485, 12, 54, '2023-08-19 15:47:45', NULL, 0);
INSERT INTO `room_facility` VALUES (486, 12, 55, '2023-08-19 15:47:45', NULL, 0);
INSERT INTO `room_facility` VALUES (487, 12, 56, '2023-08-19 15:47:45', NULL, 0);
INSERT INTO `room_facility` VALUES (488, 11, 28, '2023-08-19 15:48:04', NULL, 0);
INSERT INTO `room_facility` VALUES (489, 11, 29, '2023-08-19 15:48:04', NULL, 0);
INSERT INTO `room_facility` VALUES (490, 11, 30, '2023-08-19 15:48:04', NULL, 0);
INSERT INTO `room_facility` VALUES (491, 11, 48, '2023-08-19 15:48:04', NULL, 0);
INSERT INTO `room_facility` VALUES (492, 11, 49, '2023-08-19 15:48:04', NULL, 0);
INSERT INTO `room_facility` VALUES (493, 11, 50, '2023-08-19 15:48:04', NULL, 0);
INSERT INTO `room_facility` VALUES (494, 11, 51, '2023-08-19 15:48:04', NULL, 0);
INSERT INTO `room_facility` VALUES (495, 11, 52, '2023-08-19 15:48:04', NULL, 0);
INSERT INTO `room_facility` VALUES (496, 11, 53, '2023-08-19 15:48:04', NULL, 0);
INSERT INTO `room_facility` VALUES (497, 11, 54, '2023-08-19 15:48:04', NULL, 0);
INSERT INTO `room_facility` VALUES (498, 11, 55, '2023-08-19 15:48:04', NULL, 0);
INSERT INTO `room_facility` VALUES (499, 11, 56, '2023-08-19 15:48:04', NULL, 0);
INSERT INTO `room_facility` VALUES (500, 13, 49, '2023-08-19 15:48:26', NULL, 0);
INSERT INTO `room_facility` VALUES (501, 13, 28, '2023-08-19 15:48:26', NULL, 0);
INSERT INTO `room_facility` VALUES (502, 13, 29, '2023-08-19 15:48:26', NULL, 0);
INSERT INTO `room_facility` VALUES (503, 13, 30, '2023-08-19 15:48:26', NULL, 0);
INSERT INTO `room_facility` VALUES (504, 13, 48, '2023-08-19 15:48:26', NULL, 0);
INSERT INTO `room_facility` VALUES (505, 13, 50, '2023-08-19 15:48:26', NULL, 0);
INSERT INTO `room_facility` VALUES (506, 13, 51, '2023-08-19 15:48:26', NULL, 0);
INSERT INTO `room_facility` VALUES (507, 13, 52, '2023-08-19 15:48:26', NULL, 0);
INSERT INTO `room_facility` VALUES (508, 13, 53, '2023-08-19 15:48:26', NULL, 0);
INSERT INTO `room_facility` VALUES (509, 13, 54, '2023-08-19 15:48:26', NULL, 0);
INSERT INTO `room_facility` VALUES (510, 13, 55, '2023-08-19 15:48:26', NULL, 0);
INSERT INTO `room_facility` VALUES (511, 13, 56, '2023-08-19 15:48:26', NULL, 0);
INSERT INTO `room_facility` VALUES (512, 14, 28, '2023-08-19 15:48:46', NULL, 0);
INSERT INTO `room_facility` VALUES (513, 14, 29, '2023-08-19 15:48:46', NULL, 0);
INSERT INTO `room_facility` VALUES (514, 14, 30, '2023-08-19 15:48:46', NULL, 0);
INSERT INTO `room_facility` VALUES (515, 14, 48, '2023-08-19 15:48:46', NULL, 0);
INSERT INTO `room_facility` VALUES (516, 14, 49, '2023-08-19 15:48:46', NULL, 0);
INSERT INTO `room_facility` VALUES (517, 14, 50, '2023-08-19 15:48:46', NULL, 0);
INSERT INTO `room_facility` VALUES (518, 14, 51, '2023-08-19 15:48:46', NULL, 0);
INSERT INTO `room_facility` VALUES (519, 14, 52, '2023-08-19 15:48:46', NULL, 0);
INSERT INTO `room_facility` VALUES (520, 14, 53, '2023-08-19 15:48:46', NULL, 0);
INSERT INTO `room_facility` VALUES (521, 14, 54, '2023-08-19 15:48:46', NULL, 0);
INSERT INTO `room_facility` VALUES (522, 14, 55, '2023-08-19 15:48:46', NULL, 0);
INSERT INTO `room_facility` VALUES (523, 14, 56, '2023-08-19 15:48:46', NULL, 0);
INSERT INTO `room_facility` VALUES (524, 15, 28, '2023-08-19 15:49:04', NULL, 0);
INSERT INTO `room_facility` VALUES (525, 15, 29, '2023-08-19 15:49:04', NULL, 0);
INSERT INTO `room_facility` VALUES (526, 15, 30, '2023-08-19 15:49:04', NULL, 0);
INSERT INTO `room_facility` VALUES (527, 15, 48, '2023-08-19 15:49:04', NULL, 0);
INSERT INTO `room_facility` VALUES (528, 15, 49, '2023-08-19 15:49:04', NULL, 0);
INSERT INTO `room_facility` VALUES (529, 15, 50, '2023-08-19 15:49:04', NULL, 0);
INSERT INTO `room_facility` VALUES (530, 15, 51, '2023-08-19 15:49:04', NULL, 0);
INSERT INTO `room_facility` VALUES (531, 15, 52, '2023-08-19 15:49:04', NULL, 0);
INSERT INTO `room_facility` VALUES (532, 15, 53, '2023-08-19 15:49:04', NULL, 0);
INSERT INTO `room_facility` VALUES (533, 15, 54, '2023-08-19 15:49:04', NULL, 0);
INSERT INTO `room_facility` VALUES (534, 15, 55, '2023-08-19 15:49:04', NULL, 0);
INSERT INTO `room_facility` VALUES (535, 15, 56, '2023-08-19 15:49:04', NULL, 0);
INSERT INTO `room_facility` VALUES (536, 16, 28, '2023-08-19 15:49:22', NULL, 0);
INSERT INTO `room_facility` VALUES (537, 16, 29, '2023-08-19 15:49:22', NULL, 0);
INSERT INTO `room_facility` VALUES (538, 16, 30, '2023-08-19 15:49:22', NULL, 0);
INSERT INTO `room_facility` VALUES (539, 16, 48, '2023-08-19 15:49:22', NULL, 0);
INSERT INTO `room_facility` VALUES (540, 16, 49, '2023-08-19 15:49:22', NULL, 0);
INSERT INTO `room_facility` VALUES (541, 16, 50, '2023-08-19 15:49:22', NULL, 0);
INSERT INTO `room_facility` VALUES (542, 16, 51, '2023-08-19 15:49:22', NULL, 0);
INSERT INTO `room_facility` VALUES (543, 16, 52, '2023-08-19 15:49:22', NULL, 0);
INSERT INTO `room_facility` VALUES (544, 16, 53, '2023-08-19 15:49:22', NULL, 0);
INSERT INTO `room_facility` VALUES (545, 16, 54, '2023-08-19 15:49:22', NULL, 0);
INSERT INTO `room_facility` VALUES (546, 16, 55, '2023-08-19 15:49:22', NULL, 0);
INSERT INTO `room_facility` VALUES (547, 16, 56, '2023-08-19 15:49:22', NULL, 0);
INSERT INTO `room_facility` VALUES (548, 17, 28, '2023-08-19 15:49:38', NULL, 0);
INSERT INTO `room_facility` VALUES (549, 17, 29, '2023-08-19 15:49:38', NULL, 0);
INSERT INTO `room_facility` VALUES (550, 17, 30, '2023-08-19 15:49:38', NULL, 0);
INSERT INTO `room_facility` VALUES (551, 17, 48, '2023-08-19 15:49:38', NULL, 0);
INSERT INTO `room_facility` VALUES (552, 17, 49, '2023-08-19 15:49:38', NULL, 0);
INSERT INTO `room_facility` VALUES (553, 17, 50, '2023-08-19 15:49:38', NULL, 0);
INSERT INTO `room_facility` VALUES (554, 17, 51, '2023-08-19 15:49:38', NULL, 0);
INSERT INTO `room_facility` VALUES (555, 17, 52, '2023-08-19 15:49:38', NULL, 0);
INSERT INTO `room_facility` VALUES (556, 17, 53, '2023-08-19 15:49:38', NULL, 0);
INSERT INTO `room_facility` VALUES (557, 17, 54, '2023-08-19 15:49:38', NULL, 0);
INSERT INTO `room_facility` VALUES (558, 17, 55, '2023-08-19 15:49:38', NULL, 0);
INSERT INTO `room_facility` VALUES (559, 17, 56, '2023-08-19 15:49:38', NULL, 0);

-- ----------------------------
-- Table structure for room_info
-- ----------------------------
DROP TABLE IF EXISTS `room_info`;
CREATE TABLE `room_info`  (
  `id` bigint NOT NULL AUTO_INCREMENT COMMENT 'Room ID',
  `room_number` varchar(16) CHARACTER SET utf8mb4 COLLATE utf8mb4_general_ci NULL DEFAULT NULL COMMENT 'Room number',
  `rent` decimal(16, 2) NULL DEFAULT NULL COMMENT 'Rent (Yuan/month)',
  `apartment_id` bigint NULL DEFAULT NULL COMMENT 'Associated apartment ID',
  `is_release` tinyint NULL DEFAULT NULL COMMENT 'Is released',
  `create_time` timestamp NULL DEFAULT NULL COMMENT 'Creation time',
  `update_time` timestamp NULL DEFAULT NULL COMMENT 'Update time',
  `is_deleted` tinyint NULL DEFAULT 0 COMMENT 'Is deleted',
  PRIMARY KEY (`id`) USING BTREE
) ENGINE = InnoDB AUTO_INCREMENT = 18 CHARACTER SET = utf8mb4 COLLATE = utf8mb4_general_ci COMMENT = 'Room information table' ROW_FORMAT = DYNAMIC;

-- ----------------------------
-- Records of room_info
-- ----------------------------
INSERT INTO `room_info` VALUES (2, '101', 2500.00, 9, 1, '2023-06-20 19:14:46', '2023-08-19 15:46:10', 0);
INSERT INTO `room_info` VALUES (3, '102', 3000.00, 10, 1, '2023-06-21 10:35:16', '2023-08-19 15:46:32', 0);
INSERT INTO `room_info` VALUES (4, '102', 3000.00, 10, 1, '2023-06-21 11:57:14', NULL, 1);
INSERT INTO `room_info` VALUES (7, '301', 3200.00, 10, 1, '2023-07-18 16:07:09', NULL, 1);
INSERT INTO `room_info` VALUES (8, '102', 2000.00, 9, 1, '2023-08-13 23:39:37', '2023-08-19 15:46:49', 0);
INSERT INTO `room_info` VALUES (9, '103', 2000.00, 9, 1, '2023-08-13 23:40:50', '2023-08-19 15:47:08', 0);
INSERT INTO `room_info` VALUES (10, '104', 3000.00, 9, 1, '2023-08-13 23:42:02', '2023-08-19 15:47:28', 0);
INSERT INTO `room_info` VALUES (11, '105', 4500.00, 9, 1, '2023-08-13 23:57:42', '2023-08-19 15:48:04', 0);
INSERT INTO `room_info` VALUES (12, '106', 3500.00, 9, 1, '2023-08-13 23:58:53', '2023-08-19 15:47:45', 0);
INSERT INTO `room_info` VALUES (13, '101', 6000.00, 10, 1, '2023-08-13 23:59:50', '2023-08-19 15:48:26', 0);
INSERT INTO `room_info` VALUES (14, '103', 4500.00, 10, 1, '2023-08-14 00:06:39', '2023-08-19 15:48:46', 0);
INSERT INTO `room_info` VALUES (15, '104', 3500.00, 10, 1, '2023-08-14 00:07:43', '2023-08-19 15:49:04', 0);
INSERT INTO `room_info` VALUES (16, '105', 3500.00, 10, 1, '2023-08-14 00:09:07', '2023-08-19 15:49:22', 0);
INSERT INTO `room_info` VALUES (17, '106', 6000.00, 10, 1, '2023-08-14 10:36:19', '2023-08-19 15:49:38', 0);

-- ----------------------------
-- Table structure for room_label
-- ----------------------------
DROP TABLE IF EXISTS `room_label`;
CREATE TABLE `room_label`  (
  `id` bigint NOT NULL AUTO_INCREMENT,
  `room_id` bigint NULL DEFAULT NULL COMMENT 'Room ID',
  `label_id` bigint NULL DEFAULT NULL COMMENT 'Label ID',
  `create_time` timestamp NULL DEFAULT NULL COMMENT 'Creation time',
  `update_time` timestamp NULL DEFAULT NULL COMMENT 'Update time',
  `is_deleted` tinyint NULL DEFAULT 0 COMMENT 'Is deleted',
  PRIMARY KEY (`id`) USING BTREE
) ENGINE = InnoDB AUTO_INCREMENT = 135 CHARACTER SET = utf8mb4 COLLATE = utf8mb4_general_ci COMMENT = 'Room & Label association table' ROW_FORMAT = DYNAMIC;

-- ----------------------------
-- Records of room_label
-- ----------------------------
INSERT INTO `room_label` VALUES (13, 2, 15, '2023-08-11 08:41:28', NULL, 1);
INSERT INTO `room_label` VALUES (14, 2, 16, '2023-08-11 08:41:28', NULL, 1);
INSERT INTO `room_label` VALUES (15, 3, 5, '2023-08-11 08:41:35', NULL, 1);
INSERT INTO `room_label` VALUES (16, 3, 15, '2023-08-11 08:41:35', NULL, 1);
INSERT INTO `room_label` VALUES (17, 3, 16, '2023-08-11 08:41:35', NULL, 1);
INSERT INTO `room_label` VALUES (18, 8, 16, '2023-08-13 23:39:37', NULL, 1);
INSERT INTO `room_label` VALUES (19, 8, 15, '2023-08-13 23:39:37', NULL, 1);
INSERT INTO `room_label` VALUES (20, 8, 6, '2023-08-13 23:39:37', NULL, 1);
INSERT INTO `room_label` VALUES (21, 9, 7, '2023-08-13 23:40:50', NULL, 1);
INSERT INTO `room_label` VALUES (22, 9, 15, '2023-08-13 23:40:50', NULL, 1);
INSERT INTO `room_label` VALUES (23, 9, 16, '2023-08-13 23:40:50', NULL, 1);
INSERT INTO `room_label` VALUES (24, 10, 5, '2023-08-13 23:42:02', NULL, 1);
INSERT INTO `room_label` VALUES (25, 10, 16, '2023-08-13 23:42:02', NULL, 1);
INSERT INTO `room_label` VALUES (26, 10, 15, '2023-08-13 23:42:02', NULL, 1);
INSERT INTO `room_label` VALUES (27, 2, 15, '2023-08-13 23:44:58', NULL, 1);
INSERT INTO `room_label` VALUES (28, 2, 16, '2023-08-13 23:44:58', NULL, 1);
INSERT INTO `room_label` VALUES (29, 9, 7, '2023-08-13 23:47:56', NULL, 1);
INSERT INTO `room_label` VALUES (30, 9, 15, '2023-08-13 23:47:56', NULL, 1);
INSERT INTO `room_label` VALUES (31, 9, 16, '2023-08-13 23:47:56', NULL, 1);
INSERT INTO `room_label` VALUES (32, 9, 7, '2023-08-13 23:54:31', NULL, 1);
INSERT INTO `room_label` VALUES (33, 9, 15, '2023-08-13 23:54:31', NULL, 1);
INSERT INTO `room_label` VALUES (34, 9, 16, '2023-08-13 23:54:31', NULL, 1);
INSERT INTO `room_label` VALUES (35, 11, 15, '2023-08-13 23:57:42', NULL, 1);
INSERT INTO `room_label` VALUES (36, 11, 5, '2023-08-13 23:57:42', NULL, 1);
INSERT INTO `room_label` VALUES (37, 11, 16, '2023-08-13 23:57:42', NULL, 1);
INSERT INTO `room_label` VALUES (38, 12, 6, '2023-08-13 23:58:53', NULL, 1);
INSERT INTO `room_label` VALUES (39, 12, 15, '2023-08-13 23:58:53', NULL, 1);
INSERT INTO `room_label` VALUES (40, 12, 16, '2023-08-13 23:58:53', NULL, 1);
INSERT INTO `room_label` VALUES (41, 13, 16, '2023-08-13 23:59:50', NULL, 1);
INSERT INTO `room_label` VALUES (42, 13, 15, '2023-08-13 23:59:50', NULL, 1);
INSERT INTO `room_label` VALUES (43, 13, 5, '2023-08-13 23:59:50', NULL, 1);
INSERT INTO `room_label` VALUES (44, 11, 5, '2023-08-14 00:00:35', NULL, 1);
INSERT INTO `room_label` VALUES (45, 11, 15, '2023-08-14 00:00:35', NULL, 1);
INSERT INTO `room_label` VALUES (46, 11, 16, '2023-08-14 00:00:35', NULL, 1);
INSERT INTO `room_label` VALUES (47, 14, 5, '2023-08-14 00:06:39', NULL, 1);
INSERT INTO `room_label` VALUES (48, 14, 15, '2023-08-14 00:06:39', NULL, 1);
INSERT INTO `room_label` VALUES (49, 14, 16, '2023-08-14 00:06:39', NULL, 1);
INSERT INTO `room_label` VALUES (50, 15, 5, '2023-08-14 00:07:43', NULL, 1);
INSERT INTO `room_label` VALUES (51, 15, 15, '2023-08-14 00:07:43', NULL, 1);
INSERT INTO `room_label` VALUES (52, 15, 16, '2023-08-14 00:07:43', NULL, 1);
INSERT INTO `room_label` VALUES (53, 12, 6, '2023-08-14 00:07:58', NULL, 1);
INSERT INTO `room_label` VALUES (54, 12, 15, '2023-08-14 00:07:58', NULL, 1);
INSERT INTO `room_label` VALUES (55, 12, 16, '2023-08-14 00:07:58', NULL, 1);
INSERT INTO `room_label` VALUES (56, 16, 7, '2023-08-14 00:09:07', NULL, 1);
INSERT INTO `room_label` VALUES (57, 16, 15, '2023-08-14 00:09:07', NULL, 1);
INSERT INTO `room_label` VALUES (58, 16, 16, '2023-08-14 00:09:07', NULL, 1);
INSERT INTO `room_label` VALUES (59, 17, 5, '2023-08-14 10:36:19', NULL, 1);
INSERT INTO `room_label` VALUES (60, 17, 15, '2023-08-14 10:36:19', NULL, 1);
INSERT INTO `room_label` VALUES (61, 17, 16, '2023-08-14 10:36:19', NULL, 1);
INSERT INTO `room_label` VALUES (62, 2, 15, '2023-08-14 12:31:24', NULL, 1);
INSERT INTO `room_label` VALUES (63, 2, 16, '2023-08-14 12:31:24', NULL, 1);
INSERT INTO `room_label` VALUES (64, 3, 5, '2023-08-14 12:31:46', NULL, 1);
INSERT INTO `room_label` VALUES (65, 3, 15, '2023-08-14 12:31:46', NULL, 1);
INSERT INTO `room_label` VALUES (66, 3, 16, '2023-08-14 12:31:46', NULL, 1);
INSERT INTO `room_label` VALUES (67, 8, 6, '2023-08-14 12:32:33', NULL, 1);
INSERT INTO `room_label` VALUES (68, 8, 15, '2023-08-14 12:32:33', NULL, 1);
INSERT INTO `room_label` VALUES (69, 8, 16, '2023-08-14 12:32:33', NULL, 1);
INSERT INTO `room_label` VALUES (70, 9, 7, '2023-08-14 12:32:42', NULL, 1);
INSERT INTO `room_label` VALUES (71, 9, 15, '2023-08-14 12:32:42', NULL, 1);
INSERT INTO `room_label` VALUES (72, 9, 16, '2023-08-14 12:32:42', NULL, 1);
INSERT INTO `room_label` VALUES (73, 9, 7, '2023-08-14 12:32:53', NULL, 1);
INSERT INTO `room_label` VALUES (74, 9, 15, '2023-08-14 12:32:53', NULL, 1);
INSERT INTO `room_label` VALUES (75, 9, 16, '2023-08-14 12:32:53', NULL, 1);
INSERT INTO `room_label` VALUES (76, 10, 5, '2023-08-14 12:33:13', NULL, 1);
INSERT INTO `room_label` VALUES (77, 10, 15, '2023-08-14 12:33:13', NULL, 1);
INSERT INTO `room_label` VALUES (78, 10, 16, '2023-08-14 12:33:13', NULL, 1);
INSERT INTO `room_label` VALUES (79, 11, 5, '2023-08-14 12:33:33', NULL, 1);
INSERT INTO `room_label` VALUES (80, 11, 15, '2023-08-14 12:33:33', NULL, 1);
INSERT INTO `room_label` VALUES (81, 11, 16, '2023-08-14 12:33:33', NULL, 1);
INSERT INTO `room_label` VALUES (82, 12, 6, '2023-08-14 12:33:45', NULL, 1);
INSERT INTO `room_label` VALUES (83, 12, 15, '2023-08-14 12:33:45', NULL, 1);
INSERT INTO `room_label` VALUES (84, 12, 16, '2023-08-14 12:33:45', NULL, 1);
INSERT INTO `room_label` VALUES (85, 13, 5, '2023-08-14 12:33:57', NULL, 1);
INSERT INTO `room_label` VALUES (86, 13, 15, '2023-08-14 12:33:57', NULL, 1);
INSERT INTO `room_label` VALUES (87, 13, 16, '2023-08-14 12:33:57', NULL, 1);
INSERT INTO `room_label` VALUES (88, 14, 5, '2023-08-14 12:34:08', NULL, 1);
INSERT INTO `room_label` VALUES (89, 14, 15, '2023-08-14 12:34:08', NULL, 1);
INSERT INTO `room_label` VALUES (90, 14, 16, '2023-08-14 12:34:08', NULL, 1);
INSERT INTO `room_label` VALUES (91, 15, 5, '2023-08-14 12:34:20', NULL, 1);
INSERT INTO `room_label` VALUES (92, 15, 15, '2023-08-14 12:34:20', NULL, 1);
INSERT INTO `room_label` VALUES (93, 15, 16, '2023-08-14 12:34:20', NULL, 1);
INSERT INTO `room_label` VALUES (94, 16, 7, '2023-08-14 12:34:45', NULL, 1);
INSERT INTO `room_label` VALUES (95, 16, 15, '2023-08-14 12:34:45', NULL, 1);
INSERT INTO `room_label` VALUES (96, 16, 16, '2023-08-14 12:34:45', NULL, 1);
INSERT INTO `room_label` VALUES (97, 17, 5, '2023-08-14 12:35:08', NULL, 1);
INSERT INTO `room_label` VALUES (98, 17, 15, '2023-08-14 12:35:08', NULL, 1);
INSERT INTO `room_label` VALUES (99, 17, 16, '2023-08-14 12:35:08', NULL, 1);
INSERT INTO `room_label` VALUES (100, 2, 15, '2023-08-19 15:46:10', NULL, 0);
INSERT INTO `room_label` VALUES (101, 2, 16, '2023-08-19 15:46:10', NULL, 0);
INSERT INTO `room_label` VALUES (102, 3, 5, '2023-08-19 15:46:32', NULL, 0);
INSERT INTO `room_label` VALUES (103, 3, 15, '2023-08-19 15:46:32', NULL, 0);
INSERT INTO `room_label` VALUES (104, 3, 16, '2023-08-19 15:46:32', NULL, 0);
INSERT INTO `room_label` VALUES (105, 8, 6, '2023-08-19 15:46:49', NULL, 0);
INSERT INTO `room_label` VALUES (106, 8, 15, '2023-08-19 15:46:49', NULL, 0);
INSERT INTO `room_label` VALUES (107, 8, 16, '2023-08-19 15:46:49', NULL, 0);
INSERT INTO `room_label` VALUES (108, 9, 7, '2023-08-19 15:47:08', NULL, 0);
INSERT INTO `room_label` VALUES (109, 9, 15, '2023-08-19 15:47:08', NULL, 0);
INSERT INTO `room_label` VALUES (110, 9, 16, '2023-08-19 15:47:08', NULL, 0);
INSERT INTO `room_label` VALUES (111, 10, 5, '2023-08-19 15:47:28', NULL, 0);
INSERT INTO `room_label` VALUES (112, 10, 15, '2023-08-19 15:47:28', NULL, 0);
INSERT INTO `room_label` VALUES (113, 10, 16, '2023-08-19 15:47:28', NULL, 0);
INSERT INTO `room_label` VALUES (114, 12, 6, '2023-08-19 15:47:45', NULL, 0);
INSERT INTO `room_label` VALUES (115, 12, 15, '2023-08-19 15:47:45', NULL, 0);
INSERT INTO `room_label` VALUES (116, 12, 16, '2023-08-19 15:47:45', NULL, 0);
INSERT INTO `room_label` VALUES (117, 11, 5, '2023-08-19 15:48:04', NULL, 0);
INSERT INTO `room_label` VALUES (118, 11, 15, '2023-08-19 15:48:04', NULL, 0);
INSERT INTO `room_label` VALUES (119, 11, 16, '2023-08-19 15:48:04', NULL, 0);
INSERT INTO `room_label` VALUES (120, 13, 5, '2023-08-19 15:48:26', NULL, 0);
INSERT INTO `room_label` VALUES (121, 13, 15, '2023-08-19 15:48:26', NULL, 0);
INSERT INTO `room_label` VALUES (122, 13, 16, '2023-08-19 15:48:26', NULL, 0);
INSERT INTO `room_label` VALUES (123, 14, 5, '2023-08-19 15:48:46', NULL, 0);
INSERT INTO `room_label` VALUES (124, 14, 15, '2023-08-19 15:48:46', NULL, 0);
INSERT INTO `room_label` VALUES (125, 14, 16, '2023-08-19 15:48:46', NULL, 0);
INSERT INTO `room_label` VALUES (126, 15, 5, '2023-08-19 15:49:04', NULL, 0);
INSERT INTO `room_label` VALUES (127, 15, 15, '2023-08-19 15:49:04', NULL, 0);
INSERT INTO `room_label` VALUES (128, 15, 16, '2023-08-19 15:49:04', NULL, 0);
INSERT INTO `room_label` VALUES (129, 16, 7, '2023-08-19 15:49:22', NULL, 0);
INSERT INTO `room_label` VALUES (130, 16, 15, '2023-08-19 15:49:22', NULL, 0);
INSERT INTO `room_label` VALUES (131, 16, 16, '2023-08-19 15:49:22', NULL, 0);
INSERT INTO `room_label` VALUES (132, 17, 5, '2023-08-19 15:49:38', NULL, 0);
INSERT INTO `room_label` VALUES (133, 17, 15, '2023-08-19 15:49:38', NULL, 0);
INSERT INTO `room_label` VALUES (134, 17, 16, '2023-08-19 15:49:38', NULL, 0);

-- ----------------------------
-- Table structure for room_lease_term
-- ----------------------------
DROP TABLE IF EXISTS `room_lease_term`;
CREATE TABLE `room_lease_term`  (
  `id` bigint NOT NULL AUTO_INCREMENT,
  `room_id` bigint NULL DEFAULT NULL COMMENT 'Room ID',
  `lease_term_id` bigint NULL DEFAULT NULL COMMENT 'Lease Term ID',
  `create_time` timestamp NULL DEFAULT NULL COMMENT 'Creation time',
  `update_time` timestamp NULL DEFAULT NULL COMMENT 'Update time',
  `is_deleted` tinyint NULL DEFAULT 0 COMMENT 'Is deleted',
  PRIMARY KEY (`id`) USING BTREE
) ENGINE = InnoDB AUTO_INCREMENT = 186 CHARACTER SET = utf8mb4 COLLATE = utf8mb4_general_ci COMMENT = 'Room Lease Term Management Table' ROW_FORMAT = DYNAMIC;

-- ----------------------------
-- Records of room_lease_term
-- ----------------------------
INSERT INTO `room_lease_term` VALUES (1, 7, 1, '2023-07-18 16:07:09', NULL, 1);
INSERT INTO `room_lease_term` VALUES (2, 7, 3, '2023-07-18 16:07:09', NULL, 1);
INSERT INTO `room_lease_term` VALUES (3, 7, 4, '2023-07-18 16:07:09', NULL, 1);
INSERT INTO `room_lease_term` VALUES (4, 7, 5, '2023-07-18 16:07:09', NULL, 1);
INSERT INTO `room_lease_term` VALUES (5, 2, 3, '2023-07-22 10:43:45', NULL, 1);
INSERT INTO `room_lease_term` VALUES (6, 2, 3, '2023-08-10 18:54:16', NULL, 1);
INSERT INTO `room_lease_term` VALUES (7, 2, 1, '2023-08-10 18:54:16', NULL, 1);
INSERT INTO `room_lease_term` VALUES (8, 2, 4, '2023-08-10 18:54:16', NULL, 1);
INSERT INTO `room_lease_term` VALUES (9, 2, 6, '2023-08-10 18:54:16', NULL, 1);
INSERT INTO `room_lease_term` VALUES (10, 2, 1, '2023-08-10 19:42:49', NULL, 1);
INSERT INTO `room_lease_term` VALUES (11, 2, 3, '2023-08-10 19:42:49', NULL, 1);
INSERT INTO `room_lease_term` VALUES (12, 2, 4, '2023-08-10 19:42:49', NULL, 1);
INSERT INTO `room_lease_term` VALUES (13, 2, 6, '2023-08-10 19:42:49', NULL, 1);
INSERT INTO `room_lease_term` VALUES (14, 3, 1, '2023-08-11 08:35:33', NULL, 1);
INSERT INTO `room_lease_term` VALUES (15, 3, 3, '2023-08-11 08:35:33', NULL, 1);
INSERT INTO `room_lease_term` VALUES (16, 3, 4, '2023-08-11 08:35:33', NULL, 1);
INSERT INTO `room_lease_term` VALUES (17, 3, 6, '2023-08-11 08:35:33', NULL, 1);
INSERT INTO `room_lease_term` VALUES (18, 2, 1, '2023-08-11 08:41:28', NULL, 1);
INSERT INTO `room_lease_term` VALUES (19, 2, 3, '2023-08-11 08:41:28', NULL, 1);
INSERT INTO `room_lease_term` VALUES (20, 2, 4, '2023-08-11 08:41:28', NULL, 1);
INSERT INTO `room_lease_term` VALUES (21, 2, 6, '2023-08-11 08:41:28', NULL, 1);
INSERT INTO `room_lease_term` VALUES (22, 3, 1, '2023-08-11 08:41:35', NULL, 1);
INSERT INTO `room_lease_term` VALUES (23, 3, 3, '2023-08-11 08:41:35', NULL, 1);
INSERT INTO `room_lease_term` VALUES (24, 3, 4, '2023-08-11 08:41:35', NULL, 1);
INSERT INTO `room_lease_term` VALUES (25, 3, 6, '2023-08-11 08:41:35', NULL, 1);
INSERT INTO `room_lease_term` VALUES (26, 8, 1, '2023-08-13 23:39:37', NULL, 1);
INSERT INTO `room_lease_term` VALUES (27, 8, 3, '2023-08-13 23:39:37', NULL, 1);
INSERT INTO `room_lease_term` VALUES (28, 8, 4, '2023-08-13 23:39:37', NULL, 1);
INSERT INTO `room_lease_term` VALUES (29, 8, 6, '2023-08-13 23:39:37', NULL, 1);
INSERT INTO `room_lease_term` VALUES (30, 9, 1, '2023-08-13 23:40:50', NULL, 1);
INSERT INTO `room_lease_term` VALUES (31, 9, 3, '2023-08-13 23:40:50', NULL, 1);
INSERT INTO `room_lease_term` VALUES (32, 9, 4, '2023-08-13 23:40:50', NULL, 1);
INSERT INTO `room_lease_term` VALUES (33, 9, 6, '2023-08-13 23:40:50', NULL, 1);
INSERT INTO `room_lease_term` VALUES (34, 10, 1, '2023-08-13 23:42:02', NULL, 1);
INSERT INTO `room_lease_term` VALUES (35, 10, 3, '2023-08-13 23:42:02', NULL, 1);
INSERT INTO `room_lease_term` VALUES (36, 10, 4, '2023-08-13 23:42:02', NULL, 1);
INSERT INTO `room_lease_term` VALUES (37, 10, 6, '2023-08-13 23:42:02', NULL, 1);
INSERT INTO `room_lease_term` VALUES (38, 2, 1, '2023-08-13 23:44:58', NULL, 1);
INSERT INTO `room_lease_term` VALUES (39, 2, 3, '2023-08-13 23:44:58', NULL, 1);
INSERT INTO `room_lease_term` VALUES (40, 2, 4, '2023-08-13 23:44:58', NULL, 1);
INSERT INTO `room_lease_term` VALUES (41, 2, 6, '2023-08-13 23:44:58', NULL, 1);
INSERT INTO `room_lease_term` VALUES (42, 9, 1, '2023-08-13 23:47:56', NULL, 1);
INSERT INTO `room_lease_term` VALUES (43, 9, 3, '2023-08-13 23:47:56', NULL, 1);
INSERT INTO `room_lease_term` VALUES (44, 9, 4, '2023-08-13 23:47:56', NULL, 1);
INSERT INTO `room_lease_term` VALUES (45, 9, 6, '2023-08-13 23:47:56', NULL, 1);
INSERT INTO `room_lease_term` VALUES (46, 9, 1, '2023-08-13 23:54:31', NULL, 1);
INSERT INTO `room_lease_term` VALUES (47, 9, 3, '2023-08-13 23:54:31', NULL, 1);
INSERT INTO `room_lease_term` VALUES (48, 9, 4, '2023-08-13 23:54:31', NULL, 1);
INSERT INTO `room_lease_term` VALUES (49, 9, 6, '2023-08-13 23:54:31', NULL, 1);
INSERT INTO `room_lease_term` VALUES (50, 11, 1, '2023-08-13 23:57:42', NULL, 1);
INSERT INTO `room_lease_term` VALUES (51, 11, 3, '2023-08-13 23:57:42', NULL, 1);
INSERT INTO `room_lease_term` VALUES (52, 11, 4, '2023-08-13 23:57:42', NULL, 1);
INSERT INTO `room_lease_term` VALUES (53, 11, 6, '2023-08-13 23:57:42', NULL, 1);
INSERT INTO `room_lease_term` VALUES (54, 12, 1, '2023-08-13 23:58:53', NULL, 1);
INSERT INTO `room_lease_term` VALUES (55, 12, 3, '2023-08-13 23:58:53', NULL, 1);
INSERT INTO `room_lease_term` VALUES (56, 12, 4, '2023-08-13 23:58:53', NULL, 1);
INSERT INTO `room_lease_term` VALUES (57, 12, 6, '2023-08-13 23:58:53', NULL, 1);
INSERT INTO `room_lease_term` VALUES (58, 13, 1, '2023-08-13 23:59:50', NULL, 1);
INSERT INTO `room_lease_term` VALUES (59, 13, 3, '2023-08-13 23:59:50', NULL, 1);
INSERT INTO `room_lease_term` VALUES (60, 13, 4, '2023-08-13 23:59:50', NULL, 1);
INSERT INTO `room_lease_term` VALUES (61, 13, 6, '2023-08-13 23:59:50', NULL, 1);
INSERT INTO `room_lease_term` VALUES (62, 11, 1, '2023-08-14 00:00:35', NULL, 1);
INSERT INTO `room_lease_term` VALUES (63, 11, 3, '2023-08-14 00:00:35', NULL, 1);
INSERT INTO `room_lease_term` VALUES (64, 11, 4, '2023-08-14 00:00:35', NULL, 1);
INSERT INTO `room_lease_term` VALUES (65, 11, 6, '2023-08-14 00:00:35', NULL, 1);
INSERT INTO `room_lease_term` VALUES (66, 14, 1, '2023-08-14 00:06:39', NULL, 1);
INSERT INTO `room_lease_term` VALUES (67, 14, 3, '2023-08-14 00:06:39', NULL, 1);
INSERT INTO `room_lease_term` VALUES (68, 14, 4, '2023-08-14 00:06:39', NULL, 1);
INSERT INTO `room_lease_term` VALUES (69, 14, 6, '2023-08-14 00:06:39', NULL, 1);
INSERT INTO `room_lease_term` VALUES (70, 15, 1, '2023-08-14 00:07:43', NULL, 1);
INSERT INTO `room_lease_term` VALUES (71, 15, 3, '2023-08-14 00:07:43', NULL, 1);
INSERT INTO `room_lease_term` VALUES (72, 15, 4, '2023-08-14 00:07:43', NULL, 1);
INSERT INTO `room_lease_term` VALUES (73, 15, 6, '2023-08-14 00:07:43', NULL, 1);
INSERT INTO `room_lease_term` VALUES (74, 12, 1, '2023-08-14 00:07:58', NULL, 1);
INSERT INTO `room_lease_term` VALUES (75, 12, 3, '2023-08-14 00:07:58', NULL, 1);
INSERT INTO `room_lease_term` VALUES (76, 12, 4, '2023-08-14 00:07:58', NULL, 1);
INSERT INTO `room_lease_term` VALUES (77, 12, 6, '2023-08-14 00:07:58', NULL, 1);
INSERT INTO `room_lease_term` VALUES (78, 16, 1, '2023-08-14 00:09:07', NULL, 1);
INSERT INTO `room_lease_term` VALUES (79, 16, 3, '2023-08-14 00:09:07', NULL, 1);
INSERT INTO `room_lease_term` VALUES (80, 16, 4, '2023-08-14 00:09:07', NULL, 1);
INSERT INTO `room_lease_term` VALUES (81, 16, 6, '2023-08-14 00:09:07', NULL, 1);
INSERT INTO `room_lease_term` VALUES (82, 17, 1, '2023-08-14 10:36:19', NULL, 1);
INSERT INTO `room_lease_term` VALUES (83, 17, 3, '2023-08-14 10:36:19', NULL, 1);
INSERT INTO `room_lease_term` VALUES (84, 17, 4, '2023-08-14 10:36:19', NULL, 1);
INSERT INTO `room_lease_term` VALUES (85, 17, 6, '2023-08-14 10:36:19', NULL, 1);
INSERT INTO `room_lease_term` VALUES (86, 2, 1, '2023-08-14 12:31:24', NULL, 1);
INSERT INTO `room_lease_term` VALUES (87, 2, 3, '2023-08-14 12:31:24', NULL, 1);
INSERT INTO `room_lease_term` VALUES (88, 2, 4, '2023-08-14 12:31:24', NULL, 1);
INSERT INTO `room_lease_term` VALUES (89, 2, 6, '2023-08-14 12:31:24', NULL, 1);
INSERT INTO `room_lease_term` VALUES (90, 3, 1, '2023-08-14 12:31:46', NULL, 1);
INSERT INTO `room_lease_term` VALUES (91, 3, 3, '2023-08-14 12:31:46', NULL, 1);
INSERT INTO `room_lease_term` VALUES (92, 3, 4, '2023-08-14 12:31:46', NULL, 1);
INSERT INTO `room_lease_term` VALUES (93, 3, 6, '2023-08-14 12:31:46', NULL, 1);
INSERT INTO `room_lease_term` VALUES (94, 8, 1, '2023-08-14 12:32:33', NULL, 1);
INSERT INTO `room_lease_term` VALUES (95, 8, 3, '2023-08-14 12:32:33', NULL, 1);
INSERT INTO `room_lease_term` VALUES (96, 8, 4, '2023-08-14 12:32:33', NULL, 1);
INSERT INTO `room_lease_term` VALUES (97, 8, 6, '2023-08-14 12:32:33', NULL, 1);
INSERT INTO `room_lease_term` VALUES (98, 9, 1, '2023-08-14 12:32:42', NULL, 1);
INSERT INTO `room_lease_term` VALUES (99, 9, 3, '2023-08-14 12:32:42', NULL, 1);
INSERT INTO `room_lease_term` VALUES (100, 9, 4, '2023-08-14 12:32:42', NULL, 1);
INSERT INTO `room_lease_term` VALUES (101, 9, 6, '2023-08-14 12:32:42', NULL, 1);
INSERT INTO `room_lease_term` VALUES (102, 9, 1, '2023-08-14 12:32:53', NULL, 1);
INSERT INTO `room_lease_term` VALUES (103, 9, 3, '2023-08-14 12:32:53', NULL, 1);
INSERT INTO `room_lease_term` VALUES (104, 9, 4, '2023-08-14 12:32:53', NULL, 1);
INSERT INTO `room_lease_term` VALUES (105, 9, 6, '2023-08-14 12:32:53', NULL, 1);
INSERT INTO `room_lease_term` VALUES (106, 10, 1, '2023-08-14 12:33:13', NULL, 1);
INSERT INTO `room_lease_term` VALUES (107, 10, 3, '2023-08-14 12:33:13', NULL, 1);
INSERT INTO `room_lease_term` VALUES (108, 10, 4, '2023-08-14 12:33:13', NULL, 1);
INSERT INTO `room_lease_term` VALUES (109, 10, 6, '2023-08-14 12:33:13', NULL, 1);
INSERT INTO `room_lease_term` VALUES (110, 11, 1, '2023-08-14 12:33:33', NULL, 1);
INSERT INTO `room_lease_term` VALUES (111, 11, 3, '2023-08-14 12:33:33', NULL, 1);
INSERT INTO `room_lease_term` VALUES (112, 11, 4, '2023-08-14 12:33:33', NULL, 1);
INSERT INTO `room_lease_term` VALUES (113, 11, 6, '2023-08-14 12:33:33', NULL, 1);
INSERT INTO `room_lease_term` VALUES (114, 12, 1, '2023-08-14 12:33:45', NULL, 1);
INSERT INTO `room_lease_term` VALUES (115, 12, 3, '2023-08-14 12:33:45', NULL, 1);
INSERT INTO `room_lease_term` VALUES (116, 12, 4, '2023-08-14 12:33:45', NULL, 1);
INSERT INTO `room_lease_term` VALUES (117, 12, 6, '2023-08-14 12:33:45', NULL, 1);
INSERT INTO `room_lease_term` VALUES (118, 13, 1, '2023-08-14 12:33:57', NULL, 1);
INSERT INTO `room_lease_term` VALUES (119, 13, 3, '2023-08-14 12:33:57', NULL, 1);
INSERT INTO `room_lease_term` VALUES (120, 13, 4, '2023-08-14 12:33:57', NULL, 1);
INSERT INTO `room_lease_term` VALUES (121, 13, 6, '2023-08-14 12:33:57', NULL, 1);
INSERT INTO `room_lease_term` VALUES (122, 14, 1, '2023-08-14 12:34:08', NULL, 1);
INSERT INTO `room_lease_term` VALUES (123, 14, 3, '2023-08-14 12:34:08', NULL, 1);
INSERT INTO `room_lease_term` VALUES (124, 14, 4, '2023-08-14 12:34:08', NULL, 1);
INSERT INTO `room_lease_term` VALUES (125, 14, 6, '2023-08-14 12:34:08', NULL, 1);
INSERT INTO `room_lease_term` VALUES (126, 15, 1, '2023-08-14 12:34:20', NULL, 1);
INSERT INTO `room_lease_term` VALUES (127, 15, 3, '2023-08-14 12:34:20', NULL, 1);
INSERT INTO `room_lease_term` VALUES (128, 15, 4, '2023-08-14 12:34:20', NULL, 1);
INSERT INTO `room_lease_term` VALUES (129, 15, 6, '2023-08-14 12:34:20', NULL, 1);
INSERT INTO `room_lease_term` VALUES (130, 16, 1, '2023-08-14 12:34:45', NULL, 1);
INSERT INTO `room_lease_term` VALUES (131, 16, 3, '2023-08-14 12:34:45', NULL, 1);
INSERT INTO `room_lease_term` VALUES (132, 16, 4, '2023-08-14 12:34:45', NULL, 1);
INSERT INTO `room_lease_term` VALUES (133, 16, 6, '2023-08-14 12:34:45', NULL, 1);
INSERT INTO `room_lease_term` VALUES (134, 17, 1, '2023-08-14 12:35:08', NULL, 1);
INSERT INTO `room_lease_term` VALUES (135, 17, 3, '2023-08-14 12:35:08', NULL, 1);
INSERT INTO `room_lease_term` VALUES (136, 17, 4, '2023-08-14 12:35:08', NULL, 1);
INSERT INTO `room_lease_term` VALUES (137, 17, 6, '2023-08-14 12:35:08', NULL, 1);
INSERT INTO `room_lease_term` VALUES (138, 2, 1, '2023-08-19 15:46:10', NULL, 0);
INSERT INTO `room_lease_term` VALUES (139, 2, 3, '2023-08-19 15:46:10', NULL, 0);
INSERT INTO `room_lease_term` VALUES (140, 2, 4, '2023-08-19 15:46:10', NULL, 0);
INSERT INTO `room_lease_term` VALUES (141, 2, 6, '2023-08-19 15:46:10', NULL, 0);
INSERT INTO `room_lease_term` VALUES (142, 3, 1, '2023-08-19 15:46:32', NULL, 0);
INSERT INTO `room_lease_term` VALUES (143, 3, 3, '2023-08-19 15:46:32', NULL, 0);
INSERT INTO `room_lease_term` VALUES (144, 3, 4, '2023-08-19 15:46:32', NULL, 0);
INSERT INTO `room_lease_term` VALUES (145, 3, 6, '2023-08-19 15:46:32', NULL, 0);
INSERT INTO `room_lease_term` VALUES (146, 8, 1, '2023-08-19 15:46:49', NULL, 0);
INSERT INTO `room_lease_term` VALUES (147, 8, 3, '2023-08-19 15:46:49', NULL, 0);
INSERT INTO `room_lease_term` VALUES (148, 8, 4, '2023-08-19 15:46:49', NULL, 0);
INSERT INTO `room_lease_term` VALUES (149, 8, 6, '2023-08-19 15:46:49', NULL, 0);
INSERT INTO `room_lease_term` VALUES (150, 9, 1, '2023-08-19 15:47:08', NULL, 0);
INSERT INTO `room_lease_term` VALUES (151, 9, 3, '2023-08-19 15:47:08', NULL, 0);
INSERT INTO `room_lease_term` VALUES (152, 9, 4, '2023-08-19 15:47:08', NULL, 0);
INSERT INTO `room_lease_term` VALUES (153, 9, 6, '2023-08-19 15:47:08', NULL, 0);
INSERT INTO `room_lease_term` VALUES (154, 10, 1, '2023-08-19 15:47:28', NULL, 0);
INSERT INTO `room_lease_term` VALUES (155, 10, 3, '2023-08-19 15:47:28', NULL, 0);
INSERT INTO `room_lease_term` VALUES (156, 10, 4, '2023-08-19 15:47:28', NULL, 0);
INSERT INTO `room_lease_term` VALUES (157, 10, 6, '2023-08-19 15:47:28', NULL, 0);
INSERT INTO `room_lease_term` VALUES (158, 12, 1, '2023-08-19 15:47:45', NULL, 0);
INSERT INTO `room_lease_term` VALUES (159, 12, 3, '2023-08-19 15:47:45', NULL, 0);
INSERT INTO `room_lease_term` VALUES (160, 12, 4, '2023-08-19 15:47:45', NULL, 0);
INSERT INTO `room_lease_term` VALUES (161, 12, 6, '2023-08-19 15:47:45', NULL, 0);
INSERT INTO `room_lease_term` VALUES (162, 11, 1, '2023-08-19 15:48:04', NULL, 0);
INSERT INTO `room_lease_term` VALUES (163, 11, 3, '2023-08-19 15:48:04', NULL, 0);
INSERT INTO `room_lease_term` VALUES (164, 11, 4, '2023-08-19 15:48:04', NULL, 0);
INSERT INTO `room_lease_term` VALUES (165, 11, 6, '2023-08-19 15:48:04', NULL, 0);
INSERT INTO `room_lease_term` VALUES (166, 13, 1, '2023-08-19 15:48:26', NULL, 0);
INSERT INTO `room_lease_term` VALUES (167, 13, 3, '2023-08-19 15:48:26', NULL, 0);
INSERT INTO `room_lease_term` VALUES (168, 13, 4, '2023-08-19 15:48:26', NULL, 0);
INSERT INTO `room_lease_term` VALUES (169, 13, 6, '2023-08-19 15:48:26', NULL, 0);
INSERT INTO `room_lease_term` VALUES (170, 14, 1, '2023-08-19 15:48:46', NULL, 0);
INSERT INTO `room_lease_term` VALUES (171, 14, 3, '2023-08-19 15:48:46', NULL, 0);
INSERT INTO `room_lease_term` VALUES (172, 14, 4, '2023-08-19 15:48:46', NULL, 0);
INSERT INTO `room_lease_term` VALUES (173, 14, 6, '2023-08-19 15:48:46', NULL, 0);
INSERT INTO `room_lease_term` VALUES (174, 15, 1, '2023-08-19 15:49:04', NULL, 0);
INSERT INTO `room_lease_term` VALUES (175, 15, 3, '2023-08-19 15:49:04', NULL, 0);
INSERT INTO `room_lease_term` VALUES (176, 15, 4, '2023-08-19 15:49:04', NULL, 0);
INSERT INTO `room_lease_term` VALUES (177, 15, 6, '2023-08-19 15:49:04', NULL, 0);
INSERT INTO `room_lease_term` VALUES (178, 16, 1, '2023-08-19 15:49:22', NULL, 0);
INSERT INTO `room_lease_term` VALUES (179, 16, 3, '2023-08-19 15:49:22', NULL, 0);
INSERT INTO `room_lease_term` VALUES (180, 16, 4, '2023-08-19 15:49:22', NULL, 0);
INSERT INTO `room_lease_term` VALUES (181, 16, 6, '2023-08-19 15:49:22', NULL, 0);
INSERT INTO `room_lease_term` VALUES (182, 17, 1, '2023-08-19 15:49:38', NULL, 0);
INSERT INTO `room_lease_term` VALUES (183, 17, 3, '2023-08-19 15:49:38', NULL, 0);
INSERT INTO `room_lease_term` VALUES (184, 17, 4, '2023-08-19 15:49:38', NULL, 0);
INSERT INTO `room_lease_term` VALUES (185, 17, 6, '2023-08-19 15:49:38', NULL, 0);

-- ----------------------------
-- Table structure for room_payment_type
-- ----------------------------
DROP TABLE IF EXISTS `room_payment_type`;
CREATE TABLE `room_payment_type`  (
  `id` bigint NOT NULL AUTO_INCREMENT,
  `room_id` bigint NULL DEFAULT NULL COMMENT 'Room ID',
  `payment_type_id` bigint NULL DEFAULT NULL COMMENT 'Payment Type ID',
  `create_time` timestamp NULL DEFAULT NULL COMMENT 'Creation time',
  `update_time` timestamp NULL DEFAULT NULL COMMENT 'Update time',
  `is_deleted` tinyint NULL DEFAULT 0 COMMENT 'Is deleted',
  PRIMARY KEY (`id`) USING BTREE
) ENGINE = InnoDB AUTO_INCREMENT = 185 CHARACTER SET = utf8mb4 COLLATE = utf8mb4_general_ci COMMENT = 'Room & Payment Type Association Table' ROW_FORMAT = DYNAMIC;

-- ----------------------------
-- Records of room_payment_type
-- ----------------------------
INSERT INTO `room_payment_type` VALUES (1, 2, 0, '2023-06-20 19:14:46', NULL, 1);
INSERT INTO `room_payment_type` VALUES (2, 3, 6, '2023-06-21 11:30:13', NULL, 1);
INSERT INTO `room_payment_type` VALUES (3, 3, 7, '2023-06-21 11:30:13', NULL, 1);
INSERT INTO `room_payment_type` VALUES (4, 3, 8, '2023-06-21 11:30:13', NULL, 1);
INSERT INTO `room_payment_type` VALUES (5, 3, 6, '2023-06-21 11:56:46', NULL, 1);
INSERT INTO `room_payment_type` VALUES (6, 3, 7, '2023-06-21 11:56:46', NULL, 1);
INSERT INTO `room_payment_type` VALUES (7, 3, 8, '2023-06-21 11:56:46', NULL, 1);
INSERT INTO `room_payment_type` VALUES (8, 4, 6, '2023-06-21 11:57:14', NULL, 1);
INSERT INTO `room_payment_type` VALUES (9, 4, 7, '2023-06-21 11:57:14', NULL, 1);
INSERT INTO `room_payment_type` VALUES (10, 4, 8, '2023-06-21 11:57:14', NULL, 1);
INSERT INTO `room_payment_type` VALUES (11, 7, 7, '2023-07-18 16:07:09', NULL, 1);
INSERT INTO `room_payment_type` VALUES (12, 2, 6, '2023-07-22 10:43:45', NULL, 1);
INSERT INTO `room_payment_type` VALUES (13, 2, 6, '2023-08-10 18:54:16', NULL, 1);
INSERT INTO `room_payment_type` VALUES (14, 2, 7, '2023-08-10 18:54:16', NULL, 1);
INSERT INTO `room_payment_type` VALUES (15, 2, 8, '2023-08-10 18:54:16', NULL, 1);
INSERT INTO `room_payment_type` VALUES (16, 2, 10, '2023-08-10 18:54:16', NULL, 1);
INSERT INTO `room_payment_type` VALUES (17, 2, 6, '2023-08-10 19:42:49', NULL, 1);
INSERT INTO `room_payment_type` VALUES (18, 2, 7, '2023-08-10 19:42:49', NULL, 1);
INSERT INTO `room_payment_type` VALUES (19, 2, 8, '2023-08-10 19:42:49', NULL, 1);
INSERT INTO `room_payment_type` VALUES (20, 2, 10, '2023-08-10 19:42:49', NULL, 1);
INSERT INTO `room_payment_type` VALUES (21, 3, 8, '2023-08-11 08:35:33', NULL, 1);
INSERT INTO `room_payment_type` VALUES (22, 3, 10, '2023-08-11 08:35:33', NULL, 1);
INSERT INTO `room_payment_type` VALUES (23, 2, 6, '2023-08-11 08:41:28', NULL, 1);
INSERT INTO `room_payment_type` VALUES (24, 2, 7, '2023-08-11 08:41:28', NULL, 1);
INSERT INTO `room_payment_type` VALUES (25, 2, 8, '2023-08-11 08:41:28', NULL, 1);
INSERT INTO `room_payment_type` VALUES (26, 2, 10, '2023-08-11 08:41:28', NULL, 1);
INSERT INTO `room_payment_type` VALUES (27, 3, 8, '2023-08-11 08:41:35', NULL, 1);
INSERT INTO `room_payment_type` VALUES (28, 3, 10, '2023-08-11 08:41:35', NULL, 1);
INSERT INTO `room_payment_type` VALUES (29, 8, 7, '2023-08-13 23:39:37', NULL, 1);
INSERT INTO `room_payment_type` VALUES (30, 8, 6, '2023-08-13 23:39:37', NULL, 1);
INSERT INTO `room_payment_type` VALUES (31, 8, 8, '2023-08-13 23:39:37', NULL, 1);
INSERT INTO `room_payment_type` VALUES (32, 8, 10, '2023-08-13 23:39:37', NULL, 1);
INSERT INTO `room_payment_type` VALUES (33, 9, 6, '2023-08-13 23:40:50', NULL, 1);
INSERT INTO `room_payment_type` VALUES (34, 9, 7, '2023-08-13 23:40:50', NULL, 1);
INSERT INTO `room_payment_type` VALUES (35, 9, 8, '2023-08-13 23:40:50', NULL, 1);
INSERT INTO `room_payment_type` VALUES (36, 9, 10, '2023-08-13 23:40:50', NULL, 1);
INSERT INTO `room_payment_type` VALUES (37, 10, 10, '2023-08-13 23:42:02', NULL, 1);
INSERT INTO `room_payment_type` VALUES (38, 10, 8, '2023-08-13 23:42:02', NULL, 1);
INSERT INTO `room_payment_type` VALUES (39, 10, 7, '2023-08-13 23:42:02', NULL, 1);
INSERT INTO `room_payment_type` VALUES (40, 10, 6, '2023-08-13 23:42:02', NULL, 1);
INSERT INTO `room_payment_type` VALUES (41, 2, 6, '2023-08-13 23:44:58', NULL, 1);
INSERT INTO `room_payment_type` VALUES (42, 2, 7, '2023-08-13 23:44:58', NULL, 1);
INSERT INTO `room_payment_type` VALUES (43, 2, 8, '2023-08-13 23:44:58', NULL, 1);
INSERT INTO `room_payment_type` VALUES (44, 2, 10, '2023-08-13 23:44:58', NULL, 1);
INSERT INTO `room_payment_type` VALUES (45, 9, 6, '2023-08-13 23:47:56', NULL, 1);
INSERT INTO `room_payment_type` VALUES (46, 9, 7, '2023-08-13 23:47:56', NULL, 1);
INSERT INTO `room_payment_type` VALUES (47, 9, 8, '2023-08-13 23:47:56', NULL, 1);
INSERT INTO `room_payment_type` VALUES (48, 9, 10, '2023-08-13 23:47:56', NULL, 1);
INSERT INTO `room_payment_type` VALUES (49, 9, 6, '2023-08-13 23:54:31', NULL, 1);
INSERT INTO `room_payment_type` VALUES (50, 9, 7, '2023-08-13 23:54:31', NULL, 1);
INSERT INTO `room_payment_type` VALUES (51, 9, 8, '2023-08-13 23:54:31', NULL, 1);
INSERT INTO `room_payment_type` VALUES (52, 9, 10, '2023-08-13 23:54:31', NULL, 1);
INSERT INTO `room_payment_type` VALUES (53, 11, 6, '2023-08-13 23:57:42', NULL, 1);
INSERT INTO `room_payment_type` VALUES (54, 11, 7, '2023-08-13 23:57:42', NULL, 1);
INSERT INTO `room_payment_type` VALUES (55, 11, 8, '2023-08-13 23:57:42', NULL, 1);
INSERT INTO `room_payment_type` VALUES (56, 11, 10, '2023-08-13 23:57:42', NULL, 1);
INSERT INTO `room_payment_type` VALUES (57, 12, 8, '2023-08-13 23:58:53', NULL, 1);
INSERT INTO `room_payment_type` VALUES (58, 12, 10, '2023-08-13 23:58:53', NULL, 1);
INSERT INTO `room_payment_type` VALUES (59, 12, 7, '2023-08-13 23:58:53', NULL, 1);
INSERT INTO `room_payment_type` VALUES (60, 12, 6, '2023-08-13 23:58:53', NULL, 1);
INSERT INTO `room_payment_type` VALUES (61, 13, 6, '2023-08-13 23:59:50', NULL, 1);
INSERT INTO `room_payment_type` VALUES (62, 13, 7, '2023-08-13 23:59:50', NULL, 1);
INSERT INTO `room_payment_type` VALUES (63, 13, 8, '2023-08-13 23:59:50', NULL, 1);
INSERT INTO `room_payment_type` VALUES (64, 13, 10, '2023-08-13 23:59:50', NULL, 1);
INSERT INTO `room_payment_type` VALUES (65, 11, 6, '2023-08-14 00:00:35', NULL, 1);
INSERT INTO `room_payment_type` VALUES (66, 11, 7, '2023-08-14 00:00:35', NULL, 1);
INSERT INTO `room_payment_type` VALUES (67, 11, 8, '2023-08-14 00:00:35', NULL, 1);
INSERT INTO `room_payment_type` VALUES (68, 11, 10, '2023-08-14 00:00:35', NULL, 1);
INSERT INTO `room_payment_type` VALUES (69, 14, 6, '2023-08-14 00:06:39', NULL, 1);
INSERT INTO `room_payment_type` VALUES (70, 14, 7, '2023-08-14 00:06:39', NULL, 1);
INSERT INTO `room_payment_type` VALUES (71, 14, 8, '2023-08-14 00:06:39', NULL, 1);
INSERT INTO `room_payment_type` VALUES (72, 14, 10, '2023-08-14 00:06:39', NULL, 1);
INSERT INTO `room_payment_type` VALUES (73, 15, 6, '2023-08-14 00:07:43', NULL, 1);
INSERT INTO `room_payment_type` VALUES (74, 15, 7, '2023-08-14 00:07:43', NULL, 1);
INSERT INTO `room_payment_type` VALUES (75, 15, 8, '2023-08-14 00:07:43', NULL, 1);
INSERT INTO `room_payment_type` VALUES (76, 15, 10, '2023-08-14 00:07:43', NULL, 1);
INSERT INTO `room_payment_type` VALUES (77, 12, 6, '2023-08-14 00:07:58', NULL, 1);
INSERT INTO `room_payment_type` VALUES (78, 12, 7, '2023-08-14 00:07:58', NULL, 1);
INSERT INTO `room_payment_type` VALUES (79, 12, 8, '2023-08-14 00:07:58', NULL, 1);
INSERT INTO `room_payment_type` VALUES (80, 12, 10, '2023-08-14 00:07:58', NULL, 1);
INSERT INTO `room_payment_type` VALUES (81, 16, 6, '2023-08-14 00:09:07', NULL, 1);
INSERT INTO `room_payment_type` VALUES (82, 16, 7, '2023-08-14 00:09:07', NULL, 1);
INSERT INTO `room_payment_type` VALUES (83, 16, 8, '2023-08-14 00:09:07', NULL, 1);
INSERT INTO `room_payment_type` VALUES (84, 16, 10, '2023-08-14 00:09:07', NULL, 1);
INSERT INTO `room_payment_type` VALUES (85, 17, 6, '2023-08-14 10:36:19', NULL, 1);
INSERT INTO `room_payment_type` VALUES (86, 17, 7, '2023-08-14 10:36:19', NULL, 1);
INSERT INTO `room_payment_type` VALUES (87, 17, 8, '2023-08-14 10:36:19', NULL, 1);
INSERT INTO `room_payment_type` VALUES (88, 17, 10, '2023-08-14 10:36:19', NULL, 1);
INSERT INTO `room_payment_type` VALUES (89, 2, 6, '2023-08-14 12:31:24', NULL, 1);
INSERT INTO `room_payment_type` VALUES (90, 2, 7, '2023-08-14 12:31:24', NULL, 1);
INSERT INTO `room_payment_type` VALUES (91, 2, 8, '2023-08-14 12:31:24', NULL, 1);
INSERT INTO `room_payment_type` VALUES (92, 2, 10, '2023-08-14 12:31:24', NULL, 1);
INSERT INTO `room_payment_type` VALUES (93, 3, 8, '2023-08-14 12:31:46', NULL, 1);
INSERT INTO `room_payment_type` VALUES (94, 3, 10, '2023-08-14 12:31:46', NULL, 1);
INSERT INTO `room_payment_type` VALUES (95, 8, 6, '2023-08-14 12:32:33', NULL, 1);
INSERT INTO `room_payment_type` VALUES (96, 8, 7, '2023-08-14 12:32:33', NULL, 1);
INSERT INTO `room_payment_type` VALUES (97, 8, 8, '2023-08-14 12:32:33', NULL, 1);
INSERT INTO `room_payment_type` VALUES (98, 8, 10, '2023-08-14 12:32:33', NULL, 1);
INSERT INTO `room_payment_type` VALUES (99, 9, 6, '2023-08-14 12:32:42', NULL, 1);
INSERT INTO `room_payment_type` VALUES (100, 9, 7, '2023-08-14 12:32:42', NULL, 1);
INSERT INTO `room_payment_type` VALUES (101, 9, 8, '2023-08-14 12:32:42', NULL, 1);
INSERT INTO `room_payment_type` VALUES (102, 9, 10, '2023-08-14 12:32:42', NULL, 1);
INSERT INTO `room_payment_type` VALUES (103, 9, 6, '2023-08-14 12:32:53', NULL, 1);
INSERT INTO `room_payment_type` VALUES (104, 9, 7, '2023-08-14 12:32:53', NULL, 1);
INSERT INTO `room_payment_type` VALUES (105, 9, 8, '2023-08-14 12:32:53', NULL, 1);
INSERT INTO `room_payment_type` VALUES (106, 9, 10, '2023-08-14 12:32:53', NULL, 1);
INSERT INTO `room_payment_type` VALUES (107, 10, 6, '2023-08-14 12:33:13', NULL, 1);
INSERT INTO `room_payment_type` VALUES (108, 10, 7, '2023-08-14 12:33:13', NULL, 1);
INSERT INTO `room_payment_type` VALUES (109, 10, 8, '2023-08-14 12:33:13', NULL, 1);
INSERT INTO `room_payment_type` VALUES (110, 10, 10, '2023-08-14 12:33:13', NULL, 1);
INSERT INTO `room_payment_type` VALUES (111, 11, 6, '2023-08-14 12:33:33', NULL, 1);
INSERT INTO `room_payment_type` VALUES (112, 11, 7, '2023-08-14 12:33:33', NULL, 1);
INSERT INTO `room_payment_type` VALUES (113, 11, 8, '2023-08-14 12:33:33', NULL, 1);
INSERT INTO `room_payment_type` VALUES (114, 11, 10, '2023-08-14 12:33:33', NULL, 1);
INSERT INTO `room_payment_type` VALUES (115, 12, 6, '2023-08-14 12:33:45', NULL, 1);
INSERT INTO `room_payment_type` VALUES (116, 12, 7, '2023-08-14 12:33:45', NULL, 1);
INSERT INTO `room_payment_type` VALUES (117, 12, 8, '2023-08-14 12:33:45', NULL, 1);
INSERT INTO `room_payment_type` VALUES (118, 12, 10, '2023-08-14 12:33:45', NULL, 1);
INSERT INTO `room_payment_type` VALUES (119, 13, 6, '2023-08-14 12:33:57', NULL, 1);
INSERT INTO `room_payment_type` VALUES (120, 13, 7, '2023-08-14 12:33:57', NULL, 1);
INSERT INTO `room_payment_type` VALUES (121, 13, 8, '2023-08-14 12:33:57', NULL, 1);
INSERT INTO `room_payment_type` VALUES (122, 13, 10, '2023-08-14 12:33:57', NULL, 1);
INSERT INTO `room_payment_type` VALUES (123, 14, 6, '2023-08-14 12:34:08', NULL, 1);
INSERT INTO `room_payment_type` VALUES (124, 14, 7, '2023-08-14 12:34:08', NULL, 1);
INSERT INTO `room_payment_type` VALUES (125, 14, 8, '2023-08-14 12:34:08', NULL, 1);
INSERT INTO `room_payment_type` VALUES (126, 14, 10, '2023-08-14 12:34:08', NULL, 1);
INSERT INTO `room_payment_type` VALUES (127, 15, 6, '2023-08-14 12:34:20', NULL, 1);
INSERT INTO `room_payment_type` VALUES (128, 15, 7, '2023-08-14 12:34:20', NULL, 1);
INSERT INTO `room_payment_type` VALUES (129, 15, 8, '2023-08-14 12:34:20', NULL, 1);
INSERT INTO `room_payment_type` VALUES (130, 15, 10, '2023-08-14 12:34:20', NULL, 1);
INSERT INTO `room_payment_type` VALUES (131, 16, 6, '2023-08-14 12:34:45', NULL, 1);
INSERT INTO `room_payment_type` VALUES (132, 16, 7, '2023-08-14 12:34:45', NULL, 1);
INSERT INTO `room_payment_type` VALUES (133, 16, 8, '2023-08-14 12:34:45', NULL, 1);
INSERT INTO `room_payment_type` VALUES (134, 16, 10, '2023-08-14 12:34:45', NULL, 1);
INSERT INTO `room_payment_type` VALUES (135, 17, 6, '2023-08-14 12:35:08', NULL, 1);
INSERT INTO `room_payment_type` VALUES (136, 17, 7, '2023-08-14 12:35:08', NULL, 1);
INSERT INTO `room_payment_type` VALUES (137, 17, 8, '2023-08-14 12:35:08', NULL, 1);
INSERT INTO `room_payment_type` VALUES (138, 17, 10, '2023-08-14 12:35:08', NULL, 1);
INSERT INTO `room_payment_type` VALUES (139, 2, 6, '2023-08-19 15:46:10', NULL, 0);
INSERT INTO `room_payment_type` VALUES (140, 2, 7, '2023-08-19 15:46:10', NULL, 0);
INSERT INTO `room_payment_type` VALUES (141, 2, 8, '2023-08-19 15:46:10', NULL, 0);
INSERT INTO `room_payment_type` VALUES (142, 2, 10, '2023-08-19 15:46:10', NULL, 0);
INSERT INTO `room_payment_type` VALUES (143, 3, 8, '2023-08-19 15:46:32', NULL, 0);
INSERT INTO `room_payment_type` VALUES (144, 3, 10, '2023-08-19 15:46:32', NULL, 0);
INSERT INTO `room_payment_type` VALUES (145, 8, 6, '2023-08-19 15:46:49', NULL, 0);
INSERT INTO `room_payment_type` VALUES (146, 8, 7, '2023-08-19 15:46:49', NULL, 0);
INSERT INTO `room_payment_type` VALUES (147, 8, 8, '2023-08-19 15:46:49', NULL, 0);
INSERT INTO `room_payment_type` VALUES (148, 8, 10, '2023-08-19 15:46:49', NULL, 0);
INSERT INTO `room_payment_type` VALUES (149, 9, 6, '2023-08-19 15:47:08', NULL, 0);
INSERT INTO `room_payment_type` VALUES (150, 9, 7, '2023-08-19 15:47:08', NULL, 0);
INSERT INTO `room_payment_type` VALUES (151, 9, 8, '2023-08-19 15:47:08', NULL, 0);
INSERT INTO `room_payment_type` VALUES (152, 9, 10, '2023-08-19 15:47:08', NULL, 0);
INSERT INTO `room_payment_type` VALUES (153, 10, 6, '2023-08-19 15:47:28', NULL, 0);
INSERT INTO `room_payment_type` VALUES (154, 10, 7, '2023-08-19 15:47:28', NULL, 0);
INSERT INTO `room_payment_type` VALUES (155, 10, 8, '2023-08-19 15:47:28', NULL, 0);
INSERT INTO `room_payment_type` VALUES (156, 10, 10, '2023-08-19 15:47:28', NULL, 0);
INSERT INTO `room_payment_type` VALUES (157, 12, 6, '2023-08-19 15:47:45', NULL, 0);
INSERT INTO `room_payment_type` VALUES (158, 12, 7, '2023-08-19 15:47:45', NULL, 0);
INSERT INTO `room_payment_type` VALUES (159, 12, 8, '2023-08-19 15:47:45', NULL, 0);
INSERT INTO `room_payment_type` VALUES (160, 12, 10, '2023-08-19 15:47:45', NULL, 0);
INSERT INTO `room_payment_type` VALUES (161, 11, 6, '2023-08-19 15:48:04', NULL, 0);
INSERT INTO `room_payment_type` VALUES (162, 11, 7, '2023-08-19 15:48:04', NULL, 0);
INSERT INTO `room_payment_type` VALUES (163, 11, 8, '2023-08-19 15:48:04', NULL, 0);
INSERT INTO `room_payment_type` VALUES (164, 11, 10, '2023-08-19 15:48:04', NULL, 0);
INSERT INTO `room_payment_type` VALUES (165, 13, 6, '2023-08-19 15:48:26', NULL, 0);
INSERT INTO `room_payment_type` VALUES (166, 13, 7, '2023-08-19 15:48:26', NULL, 0);
INSERT INTO `room_payment_type` VALUES (167, 13, 8, '2023-08-19 15:48:26', NULL, 0);
INSERT INTO `room_payment_type` VALUES (168, 13, 10, '2023-08-19 15:48:26', NULL, 0);
INSERT INTO `room_payment_type` VALUES (169, 14, 6, '2023-08-19 15:48:46', NULL, 0);
INSERT INTO `room_payment_type` VALUES (170, 14, 7, '2023-08-19 15:48:46', NULL, 0);
INSERT INTO `room_payment_type` VALUES (171, 14, 8, '2023-08-19 15:48:46', NULL, 0);
INSERT INTO `room_payment_type` VALUES (172, 14, 10, '2023-08-19 15:48:46', NULL, 0);
INSERT INTO `room_payment_type` VALUES (173, 15, 6, '2023-08-19 15:49:04', NULL, 0);
INSERT INTO `room_payment_type` VALUES (174, 15, 7, '2023-08-19 15:49:04', NULL, 0);
INSERT INTO `room_payment_type` VALUES (175, 15, 8, '2023-08-19 15:49:04', NULL, 0);
INSERT INTO `room_payment_type` VALUES (176, 15, 10, '2023-08-19 15:49:04', NULL, 0);
INSERT INTO `room_payment_type` VALUES (177, 16, 6, '2023-08-19 15:49:22', NULL, 0);
INSERT INTO `room_payment_type` VALUES (178, 16, 7, '2023-08-19 15:49:22', NULL, 0);
INSERT INTO `room_payment_type` VALUES (179, 16, 8, '2023-08-19 15:49:22', NULL, 0);
INSERT INTO `room_payment_type` VALUES (180, 16, 10, '2023-08-19 15:49:22', NULL, 0);
INSERT INTO `room_payment_type` VALUES (181, 17, 6, '2023-08-19 15:49:38', NULL, 0);
INSERT INTO `room_payment_type` VALUES (182, 17, 7, '2023-08-19 15:49:38', NULL, 0);
INSERT INTO `room_payment_type` VALUES (183, 17, 8, '2023-08-19 15:49:38', NULL, 0);
INSERT INTO `room_payment_type` VALUES (184, 17, 10, '2023-08-19 15:49:38', NULL, 0);

-- ----------------------------
-- Table structure for system_post
-- ----------------------------
DROP TABLE IF EXISTS `system_post`;
CREATE TABLE `system_post`  (
  `id` bigint NOT NULL AUTO_INCREMENT COMMENT 'Post ID',
  `code` varchar(64) CHARACTER SET utf8mb3 COLLATE utf8mb3_general_ci NOT NULL COMMENT 'Post Code',
  `name` varchar(50) CHARACTER SET utf8mb3 COLLATE utf8mb3_general_ci NOT NULL DEFAULT '' COMMENT 'Post Name',
  `description` varchar(255) CHARACTER SET utf8mb3 COLLATE utf8mb3_general_ci NOT NULL DEFAULT '' COMMENT 'Description',
  `status` tinyint(1) NOT NULL DEFAULT 1 COMMENT 'Status (1: Active, 0: Inactive)',
  `create_time` timestamp NOT NULL DEFAULT CURRENT_TIMESTAMP ON UPDATE CURRENT_TIMESTAMP,
  `update_time` timestamp NULL DEFAULT NULL ON UPDATE CURRENT_TIMESTAMP,
  `is_deleted` tinyint NOT NULL DEFAULT 0 COMMENT 'Deletion Flag (0: Available, 1: Deleted)',
  PRIMARY KEY (`id`) USING BTREE
) ENGINE = InnoDB AUTO_INCREMENT = 9 CHARACTER SET = utf8mb3 COLLATE = utf8mb3_general_ci COMMENT = 'Post Information Table' ROW_FORMAT = DYNAMIC;

-- ----------------------------
-- Records of system_post
-- ----------------------------
INSERT INTO `system_post` VALUES (1, 'regional manager', 'Regional Manager', 'Regional Manager', 1, '2023-08-10 09:01:56', '2023-08-10 17:01:57', 0);
INSERT INTO `system_post` VALUES (2, 'dsz', 'Chairman', '1', 1, '2023-08-10 09:02:46', '2023-08-10 17:02:47', 1);
INSERT INTO `system_post` VALUES (6, 'general manager', 'General Manager', 'General Manager', 1, '2023-08-10 09:04:00', '2023-08-10 17:04:01', 0);
INSERT INTO `system_post` VALUES (7, 'apartment manager', 'Store Manager', 'Apartment Store Manager', 1, '2023-08-10 09:03:55', '2023-08-10 17:03:56', 0);
INSERT INTO `system_post` VALUES (8, '3', 'Test 3', 'Test 3', 1, '2023-07-18 02:13:24', '2023-07-18 10:13:25', 1);

-- ----------------------------
-- Table structure for system_user
-- ----------------------------
DROP TABLE IF EXISTS `system_user`;
CREATE TABLE `system_user`  (
  `id` bigint NOT NULL AUTO_INCREMENT COMMENT 'Employee ID',
  `username` varchar(30) CHARACTER SET utf8mb4 COLLATE utf8mb4_general_ci NULL DEFAULT NULL COMMENT 'Username',
  `password` varchar(100) CHARACTER SET utf8mb4 COLLATE utf8mb4_general_ci NULL DEFAULT NULL COMMENT 'Password',
  `name` varchar(50) CHARACTER SET utf8mb4 COLLATE utf8mb4_general_ci NULL DEFAULT NULL COMMENT 'Name',
  `type` tinyint NULL DEFAULT NULL COMMENT 'User Type',
  `phone` varchar(11) CHARACTER SET utf8mb4 COLLATE utf8mb4_general_ci NULL DEFAULT NULL COMMENT 'Phone Number',
  `avatar_url` varchar(255) CHARACTER SET utf8mb4 COLLATE utf8mb4_general_ci NULL DEFAULT NULL COMMENT 'Avatar URL',
  `additional_info` varchar(255) CHARACTER SET utf8mb4 COLLATE utf8mb4_general_ci NULL DEFAULT NULL COMMENT 'Additional Information',
  `post_id` bigint NULL DEFAULT NULL COMMENT 'Post ID',
  `status` tinyint NULL DEFAULT NULL COMMENT 'Account Status',
  `create_time` timestamp NULL DEFAULT NULL COMMENT 'Creation Time',
  `update_time` timestamp NULL DEFAULT NULL COMMENT 'Update Time',
  `is_deleted` tinyint NULL DEFAULT 0 COMMENT 'Is Deleted',
  PRIMARY KEY (`id`) USING BTREE
) ENGINE = InnoDB AUTO_INCREMENT = 3 CHARACTER SET = utf8mb4 COLLATE = utf8mb4_general_ci COMMENT = 'Employee Information Table' ROW_FORMAT = DYNAMIC;

-- ----------------------------
-- Records of system_user
-- ----------------------------
INSERT INTO `system_user` VALUES (1, 'admin', 'e10adc3949ba59abbe56e057f20f883e', 'Admin', 0, '18888888888', NULL, NULL, 6, 1, '2023-08-10 17:13:00', '2023-08-19 23:30:48', 0);
INSERT INTO `system_user` VALUES (2, 'user', 'e10adc3949ba59abbe56e057f20f883e', 'User', 1, '13666666666', NULL, NULL, 7, 1, '2023-08-19 16:53:53', NULL, 0);

-- ----------------------------
-- Table structure for user_info
-- ----------------------------
-- ----------------------------
-- Table structure for user_info
-- ----------------------------
DROP TABLE IF EXISTS `user_info`;
CREATE TABLE `user_info`  (
  `id` bigint NOT NULL AUTO_INCREMENT COMMENT 'User ID',
  `phone` varchar(11) CHARACTER SET utf8mb4 COLLATE utf8mb4_general_ci NULL DEFAULT NULL COMMENT 'Phone number (used as login username)',
  `password` varchar(50) CHARACTER SET utf8mb4 COLLATE utf8mb4_general_ci NULL DEFAULT NULL COMMENT 'Password',
  `avatar_url` varchar(255) CHARACTER SET utf8mb4 COLLATE utf8mb4_general_ci NULL DEFAULT NULL COMMENT 'Avatar URL',
  `nickname` varchar(20) CHARACTER SET utf8mb4 COLLATE utf8mb4_general_ci NULL DEFAULT NULL COMMENT 'Nickname',
  `status` tinyint NULL DEFAULT 1 COMMENT 'Account status',
  `create_time` timestamp NULL DEFAULT NULL COMMENT 'Creation time',
  `update_time` timestamp NULL DEFAULT NULL COMMENT 'Update time',
  `is_deleted` tinyint NULL DEFAULT 0 COMMENT 'Is deleted',
  PRIMARY KEY (`id`) USING BTREE
) ENGINE = InnoDB AUTO_INCREMENT = 8 CHARACTER SET = utf8mb4 COLLATE = utf8mb4_general_ci COMMENT = 'User information table' ROW_FORMAT = DYNAMIC;

-- ----------------------------
-- Records of user_info
-- ----------------------------
INSERT INTO `user_info` VALUES (1, '13888888888', NULL, NULL, 'User-888888', 1, '2023-07-01 14:48:17', NULL, 0);

-- ----------------------------
-- Table structure for view_appointment
-- ----------------------------
DROP TABLE IF EXISTS `view_appointment`;
CREATE TABLE `view_appointment`  (
  `id` bigint NOT NULL AUTO_INCREMENT COMMENT 'Appointment ID',
  `user_id` bigint NULL DEFAULT NULL COMMENT 'User ID',
  `name` varchar(16) CHARACTER SET utf8mb4 COLLATE utf8mb4_general_ci NULL DEFAULT NULL COMMENT 'User Name',
  `phone` varchar(16) CHARACTER SET utf8mb4 COLLATE utf8mb4_general_ci NULL DEFAULT NULL COMMENT 'User Phone Number',
  `apartment_id` int NULL DEFAULT NULL COMMENT 'Apartment ID',
  `appointment_time` timestamp NULL DEFAULT NULL COMMENT 'Appointment Time',
  `additional_info` varchar(255) CHARACTER SET utf8mb4 COLLATE utf8mb4_general_ci NULL DEFAULT NULL COMMENT 'Additional Information',
  `appointment_status` tinyint NULL DEFAULT NULL COMMENT 'Appointment Status (1: Pending, 2: Cancelled, 3: Viewed)',
  `create_time` timestamp NULL DEFAULT NULL COMMENT 'Creation Time',
  `update_time` timestamp NULL DEFAULT NULL COMMENT 'Update Time',
  `is_deleted` tinyint NULL DEFAULT 0 COMMENT 'Is Deleted',
  PRIMARY KEY (`id`) USING BTREE
) ENGINE = InnoDB AUTO_INCREMENT = 12 CHARACTER SET = utf8mb4 COLLATE = utf8mb4_general_ci COMMENT = 'Appointment Viewing Information Table' ROW_FORMAT = DYNAMIC;

-- ----------------------------
-- Records of view_appointment
-- ----------------------------
INSERT INTO `view_appointment` VALUES (1, 1, 'Zhang San', '13888888888', 9, '2023-07-14 09:01:01', 'None', 1, '2023-07-14 09:40:43', NULL, 0);
INSERT INTO `view_appointment` VALUES (2, 2, 'Li Si', '13666666666', 9, '2023-07-14 09:01:01', 'None', 1, '2023-07-27 16:13:54', NULL, 0);
INSERT INTO `view_appointment` VALUES (10, 7, 'Zhang San', '13888888888', 9, '2023-08-14 15:40:00', 'None', 1, '2023-08-14 12:44:50', '2023-08-14 15:10:04', 0);
INSERT INTO `view_appointment` VALUES (11, 7, 'Zhang San', '13888888888', 10, '2023-08-14 14:45:20', '', 1, '2023-08-14 12:45:51', '2023-08-14 14:49:58', 0);

SET FOREIGN_KEY_CHECKS = 1;
